open_time,open,high,low,close,volume,quote_volume,trades,taker_buy_base,taker_buy_quote
2026-07-26 12:00:00,64507.36,64662.99,64434.0,64466.67,319.29329,20613879.3866953,53713,203.44644,13135615.133383
2026-07-26 13:00:00,64466.68,64571.42,64414.0,64518.0,319.1541,20585758.7168447,42136,163.57915,10550200.2441625
2026-07-26 14:00:00,64517.99,64768.23,64517.99,64712.99,504.24215,32611384.6511881,86836,301.39848,19490734.5367599
2026-07-26 15:00:00,64713.0,64827.0,64673.42,64768.0,313.86895,20326120.8064912,64035,169.92212,11004228.7393874
2026-07-26 16:00:00,64768.0,64940.51,64703.23,64734.17,420.05042,27222221.0579776,63543,208.06396,13486577.5682171
2026-07-26 17:00:00,64734.17,64794.45,64668.91,64697.2,347.81315,22509372.6976601,40944,160.74323,10403013.0573291
2026-07-26 18:00:00,64697.21,64769.99,64668.91,64734.38,114.76281,7425216.5053485,27857,51.12658,3307840.1108286
2026-07-26 19:00:00,64734.39,64753.0,64671.91,64695.52,369.55718,23913561.9997712,30675,178.02445,11519736.189323
2026-07-26 20:00:00,64695.52,64703.36,64631.57,64649.04,120.01782,7761146.6094509,23192,36.04374,2330826.2795174
2026-07-26 21:00:00,64649.04,64924.0,64649.03,64858.02,268.26505,17385342.8134268,58967,135.49976,8781326.5830683
2026-07-26 22:00:00,64858.03,65502.6,64858.03,65412.68,1331.07392,86910581.0334323,149004,731.94431,47793167.0193018
2026-07-26 23:00:00,65412.69,65577.0,65273.76,65399.99,630.14927,41233414.4545812,112541,325.30749,21288809.1707726
2026-07-27 00:00:00,65400.0,65418.81,65065.46,65131.95,465.77387,30365307.7463082,118489,213.41398,13912910.6119541
2026-07-27 01:00:00,65131.96,65225.75,64892.03,65206.21,478.78723,31152880.048241,113071,205.66144,13387814.0191892
2026-07-27 02:00:00,65206.21,65281.64,65118.08,65172.0,475.81825,31025994.1013374,87255,189.71473,12370526.9440115
2026-07-27 03:00:00,65172.02,65367.73,65161.99,65284.0,519.18282,33875124.6812282,72663,270.3072,17632686.4151123
2026-07-27 04:00:00,65284.0,65500.0,65242.69,65282.8,331.55981,21668771.412017,79553,101.10415,6607905.3481487
2026-07-27 05:00:00,65282.81,65493.38,65282.8,65468.38,284.79372,18621372.5335656,66699,130.2359,8515690.9934668
2026-07-27 06:00:00,65468.38,65744.6,65404.9,65416.76,867.3473,56853588.5362016,133867,364.39527,23887052.5116537
2026-07-27 07:00:00,65416.77,65447.02,65217.16,65221.99,1066.09119,69664799.8045196,113482,379.48242,24799261.2661317
2026-07-27 08:00:00,65221.99,65258.0,65128.85,65162.98,724.97518,47269914.2893607,93395,332.29177,21666306.2222296
2026-07-27 09:00:00,65162.98,65348.17,65100.0,65262.17,1478.16072,96429205.0300113,84801,724.51322,47266085.0080639
2026-07-27 10:00:00,65262.18,65432.0,65230.01,65333.35,412.29993,26929198.675902,56592,248.56554,16236546.0455945
2026-07-27 11:00:00,65333.35,65333.36,65092.0,65100.79,287.15002,18723368.9073381,64359,117.27154,7646256.288914
2026-07-27 12:00:00,65100.79,65255.76,64836.0,65086.0,587.73231,38224988.8496335,112418,304.64848,19817174.2396567
2026-07-27 13:00:00,65086.0,65718.0,64913.12,65217.37,1076.54142,70345351.8533755,253818,583.60766,38145363.9459652
2026-07-27 14:00:00,65217.38,65431.9,64459.82,64687.45,1132.47674,73445792.4368914,363218,456.37693,29602521.2113864
2026-07-27 15:00:00,64687.45,64776.0,64418.01,64554.01,596.28993,38529494.1613239,193632,256.16212,16550760.8864197
2026-07-27 16:00:00,64554.0,64970.93,64517.78,64898.52,473.37301,30645080.2455529,138892,264.02489,17092302.9006866
2026-07-27 17:00:00,64898.53,65090.0,64794.37,65019.81,404.49207,26282519.3037005,106137,217.3184,14119188.7091054
2026-07-27 18:00:00,65019.81,65058.32,64755.67,64878.0,323.26344,20971108.0358201,103751,145.95784,9466682.3062006
2026-07-27 19:00:00,64878.0,65078.0,64810.9,64984.0,291.82434,18961076.9540441,87379,156.05001,10138707.4584269
2026-07-27 20:00:00,64983.99,65056.0,64908.01,64960.65,197.69959,12842807.1781666,41029,62.04882,4031260.3244042
2026-07-27 21:00:00,64960.64,64960.65,64790.28,64821.25,238.07403,15443505.1351098,48757,103.87588,6736425.1086808
2026-07-27 22:00:00,64821.26,64821.26,63792.0,63792.0,1130.54656,72611677.0361381,175125,369.70721,23762871.281151
2026-07-27 23:00:00,63792.01,63940.27,63605.56,63755.86,947.65195,60428271.0295997,213254,498.09388,31764522.2713222
2026-07-28 00:00:00,63755.86,63827.49,63469.3,63487.88,711.04544,45241409.0802306,169433,303.26088,19298657.5250267
2026-07-28 01:00:00,63487.88,63529.89,63059.39,63230.83,1245.20979,78745932.606351,169082,620.19327,39220621.7566088
2026-07-28 02:00:00,63230.82,63305.94,63108.0,63185.59,429.21894,27129510.0632819,74778,213.95033,13523218.1478641
2026-07-28 03:00:00,63185.59,63375.39,63168.01,63343.83,728.50056,46106242.6215,82200,330.28478,20904998.7408022
2026-07-28 04:00:00,63343.82,63361.85,63221.26,63350.95,343.17382,21729082.8937507,54774,178.53281,11305019.5037355
2026-07-28 05:00:00,63350.95,63623.5,63323.09,63451.61,390.51839,24795787.401218,79485,211.75472,13446072.24695
2026-07-28 06:00:00,63451.62,63660.72,63395.13,63640.63,460.72288,29268533.9391909,65849,315.55427,20050054.7290066
2026-07-28 07:00:00,63640.63,63668.71,63455.58,63505.99,985.9853,62663727.7538175,102783,575.99487,36608751.5396968
2026-07-28 08:00:00,63506.0,63546.36,63406.11,63428.08,281.48766,17868113.2083383,61732,124.63225,7911070.8178976
2026-07-28 09:00:00,63428.07,63581.33,63368.81,63393.99,315.43759,20022638.8626359,53286,152.92505,9707550.3737368
2026-07-28 10:00:00,63393.99,63555.18,63294.0,63473.47,416.0357,26384422.8685576,68585,257.37121,16323872.4831774
2026-07-28 11:00:00,63473.48,63593.0,63352.0,63450.0,405.45329,25731573.5319725,88650,176.62162,11209853.7022537
2026-07-28 12:00:00,63449.99,63570.0,63364.96,63546.65,440.98415,27987616.2558895,81903,248.39028,15764611.5986378
2026-07-28 13:00:00,63546.65,63588.0,62742.47,63104.0,1615.91422,102019854.0123057,246058,638.54288,40323682.6060617
2026-07-28 14:00:00,63104.0,63550.0,62965.38,63412.45,868.98588,54962514.3274917,245995,480.90204,30425321.4061963
2026-07-28 15:00:00,63412.45,64026.62,63269.28,63928.47,945.11572,60224851.1102187,255294,564.49248,35984328.1605088
2026-07-28 16:00:00,63928.46,64100.0,63773.65,64043.26,517.94749,33105842.8988648,127746,277.68802,17751064.614053
2026-07-28 17:00:00,64043.27,64043.27,63504.0,63685.88,527.24876,33585040.755652,136751,254.46516,16206821.8838128
2026-07-28 18:00:00,63685.88,63849.09,63672.26,63734.49,311.5129,19853993.4615188,91738,153.50064,9783852.4501287
2026-07-28 19:00:00,63734.49,63904.0,63675.93,63904.0,333.27009,21260730.7927306,92728,168.45659,10746690.0808043
2026-07-28 20:00:00,63904.0,64018.39,63880.0,63917.55,300.22119,19193188.9551933,72588,185.67746,11870184.7330115
2026-07-28 21:00:00,63917.55,64073.3,63892.0,63972.44,227.23863,14540050.3383927,66729,127.38966,8151264.9991286
2026-07-28 22:00:00,63972.44,64020.76,63768.47,63783.71,319.67019,20427190.4581804,87736,145.09065,9271189.6135592
2026-07-28 23:00:00,63783.72,63956.4,63562.0,63915.0,768.93138,49053656.2963408,104040,364.35638,23243668.1459163
2026-07-29 00:00:00,63915.0,64200.0,63873.54,63953.99,862.01004,55179732.5155319,139010,557.49331,35684734.7686378
2026-07-29 01:00:00,63954.0,63999.0,63690.0,63705.06,643.74129,41114119.7587053,144717,354.42492,22635964.9213451
2026-07-29 02:00:00,63705.07,64132.42,63658.0,63979.96,459.75103,29385438.7041757,136780,244.41851,15620463.4543594
2026-07-29 03:00:00,63979.96,64002.0,63710.0,63753.03,381.54189,24346229.9501923,110033,203.01962,12952163.8572731
2026-07-29 04:00:00,63753.04,63970.92,63598.0,63968.34,635.48596,40556953.2850913,132658,334.67517,21359430.689265
2026-07-29 05:00:00,63968.34,64094.2,63890.07,64067.32,612.17163,39162949.8251779,104239,300.03805,19194255.2626472
2026-07-29 06:00:00,64067.32,64471.0,64026.64,64435.62,959.62083,61706872.778567,126527,563.90346,36278831.506434
2026-07-29 07:00:00,64435.63,64575.99,64402.67,64561.0,512.31101,33032632.189166,76908,272.67641,17581263.0543717
2026-07-29 08:00:00,64561.01,64588.0,64283.83,64417.31,442.88681,28528633.1875983,74311,206.67729,13312127.7275389
2026-07-29 09:00:00,64417.31,64744.81,64386.94,64698.0,689.93306,44544483.7429227,98196,426.49389,27537952.255105
2026-07-29 10:00:00,64698.01,64718.0,64410.24,64469.83,337.46395,21803515.154846,71737,144.30942,9323971.185631
2026-07-29 11:00:00,64469.84,64591.73,64422.5,64507.54,317.77588,20492529.4090724,59495,177.55825,11450171.6027884
2026-07-29 12:00:00,64507.53,64507.54,64215.93,64276.81,475.5158,30602231.1346298,105010,182.36522,11737312.3793717
2026-07-29 13:00:00,64276.82,64667.18,64139.68,64664.7,795.5697,51203140.7872196,234056,407.25947,26218098.3153374
2026-07-29 14:00:00,64664.69,64718.87,64047.71,64108.01,736.50705,47349376.859754,271295,325.79052,20946683.4893406
2026-07-29 15:00:00,64108.01,64195.0,63886.0,63964.01,727.70384,46608956.1267885,203275,332.65408,21307332.9998889
2026-07-29 16:00:00,63964.01,64146.53,63624.15,63808.33,758.02868,48411436.5486161,182815,412.43381,26342912.089461
2026-07-29 17:00:00,63808.33,64286.71,63709.19,64269.83,486.13508,31069872.2270986,147093,317.036,20262512.3680427
2026-07-29 18:00:00,64269.83,64648.79,63758.0,64501.52,1896.70634,122031914.998367,352484,970.30799,62433411.070184
2026-07-29 19:00:00,64501.52,64600.0,63511.0,63589.46,1453.05091,93053835.4427855,306133,743.02422,47588232.6059602
2026-07-29 20:00:00,63589.46,63746.42,63378.09,63522.01,788.59239,50121057.2619375,191587,458.88287,29169491.8395894
2026-07-29 21:00:00,63522.01,63860.0,63267.34,63860.0,771.02443,48985301.392461,148596,424.35431,26961513.8660969
2026-07-29 22:00:00,63860.0,64131.44,63859.99,63942.5,704.70887,45101067.0372233,120940,403.40017,25818347.4311713
2026-07-29 23:00:00,63942.5,64067.12,63899.0,63984.28,331.88265,21232627.3320104,77399,168.42067,10774818.0421091
2026-07-30 00:00:00,63984.29,64125.61,63603.92,63696.72,649.94769,41546653.6814672,108300,375.00353,23982321.9940255
2026-07-30 01:00:00,63696.73,64370.0,63690.0,64266.0,686.07285,43901624.1699638,139847,426.85223,27321367.3078623
2026-07-30 02:00:00,64266.01,64411.76,64159.63,64189.99,575.1734,36982844.7973001,122325,248.46096,15979314.633769
2026-07-30 03:00:00,64190.0,64300.91,64133.99,64161.98,422.8264,27143039.6384059,100176,228.01589,14635547.3138638
2026-07-30 04:00:00,64161.98,64180.0,64008.5,64023.99,927.45873,59457256.7020586,99053,515.3126,33034173.6999609
2026-07-30 05:00:00,64024.0,64182.0,63907.85,64033.89,766.12333,49037445.9460021,145878,345.07237,22086579.2313169
2026-07-30 06:00:00,64033.9,64080.0,63957.2,64002.0,642.99866,41154370.8362973,179035,370.01796,23681734.8841187
2026-07-30 07:00:00,64001.99,64144.06,63943.29,64026.0,710.04842,45459379.8438454,189409,426.84462,27324691.891458
2026-07-30 08:00:00,64026.0,64358.99,63980.54,64308.01,1143.21426,73393043.160255,348337,496.82672,31899673.6774558
2026-07-30 09:00:00,64308.01,64641.37,64283.8,64567.56,2560.14823,165071813.2947346,537268,1237.16525,79771346.8189865
2026-07-30 10:00:00,64567.55,64631.99,64562.0,64570.72,459.04462,29652681.3262854,44328,198.03619,12792686.6937763
2026-07-30 11:00:00,64570.72,64885.18,64542.73,64788.0,630.38864,40774811.3994997,70708,378.32617,24470931.4418693
2026-07-30 12:00:00,64788.01,65043.94,64788.0,64925.0,819.62205,53211683.5236865,105206,537.01963,34867729.6773526
2026-07-30 13:00:00,64925.0,65176.6,64689.02,65022.01,1173.19736,76193363.4295593,164040,653.27543,42422099.0494441
2026-07-30 14:00:00,65022.0,65042.0,64620.0,64683.97,1065.79722,69063725.5042732,165251,414.12736,26837089.9886547
2026-07-30 15:00:00,64683.97,64888.0,64607.31,64730.3,678.51535,43922274.1069208,134170,399.88608,25887207.0170939
2026-07-30 16:00:00,64730.29,64963.64,64729.56,64818.01,615.24584,39896084.2519086,93664,408.65818,26496557.8475744
2026-07-30 17:00:00,64818.01,64988.0,64772.0,64872.0,452.4677,29354228.3261119,83965,272.68085,17687842.1737294
2026-07-30 18:00:00,64871.99,64899.8,64688.0,64702.8,263.9882,17101246.0527381,52155,106.42514,6894673.8056262
2026-07-30 19:00:00,64702.8,64904.0,64702.79,64800.0,356.88836,23136198.3113722,69409,202.25911,13111503.6347653
2026-07-30 20:00:00,64800.0,64936.0,64752.12,64777.37,330.42092,21422284.6835492,71171,160.25962,10389933.0098983
2026-07-30 21:00:00,64777.38,64802.48,64700.34,64735.53,227.76045,14749644.2706532,51281,114.60749,7421795.7131685
2026-07-30 22:00:00,64735.53,65029.29,64668.91,64851.16,482.45748,31312073.6121665,88714,251.07775,16299199.8908767
2026-07-30 23:00:00,64851.16,65086.4,64740.0,64780.02,491.7787,31918986.0553592,83001,229.98107,14930533.6297634
2026-07-31 00:00:00,64780.03,64901.55,64690.29,64724.91,660.4309,42778507.2548363,82455,245.85768,15924568.5812042
2026-07-31 01:00:00,64724.92,65409.56,64480.44,64564.01,1217.00276,79158381.6338909,244904,662.82777,43127840.234577
2026-07-31 02:00:00,64564.0,64614.0,64203.58,64297.79,855.65776,55072723.9897089,147433,337.9394,21759996.8208403
2026-07-31 03:00:00,64297.79,64439.81,64172.0,64370.0,548.04563,35256750.1072799,101285,354.23619,22790885.8777658
2026-07-31 04:00:00,64370.0,64438.0,64236.0,64300.0,391.13431,25164111.2544424,68466,190.96662,12286903.5364196
2026-07-31 05:00:00,64299.99,64421.68,64268.47,64363.06,529.40293,34067619.6893907,63559,349.08853,22465875.0777678
2026-07-31 06:00:00,64363.06,64496.64,64196.08,64231.97,503.77566,32409008.7680177,77483,258.3495,16625589.6543289
2026-07-31 07:00:00,64231.97,64245.57,63878.11,63950.01,3088.95651,197689139.12777007,141261,935.44,59872403.8412169
2026-07-31 08:00:00,63950.01,63987.36,63784.67,63834.01,734.18718,46907579.9483118,81891,395.32176,25262856.0144465
2026-07-31 09:00:00,63834.01,63847.13,63638.18,63715.9,562.33026,35844066.2274664,84427,286.55146,18268466.7277068
2026-07-31 10:00:00,63715.91,63951.77,63610.0,63918.67,422.39058,26951085.7777822,63216,268.28461,17120297.5797574
2026-07-31 11:00:00,63918.68,64011.99,63792.01,63805.51,287.14604,18347695.5560032,56147,161.36799,10311371.9909061
2026-07-31 12:00:00,63805.5,63830.62,63627.66,63754.01,516.25828,32892587.7592078,81150,227.08958,14471081.4632898
2026-07-31 13:00:00,63754.01,63849.19,63241.71,63270.73,1511.53534,96101953.1564846,217111,706.78333,44958420.711469
2026-07-31 14:00:00,63270.72,63310.0,62466.0,62682.06,3628.40429,227557237.85240248,446552,1612.5997,101111495.4563016
2026-07-31 15:00:00,62682.05,62769.36,62490.24,62716.57,965.95557,60506519.4732826,167164,530.7781,33249270.8981592
2026-07-31 16:00:00,62716.57,62931.79,62709.01,62870.88,857.24803,53881173.1517216,135854,406.89277,25570898.3619094
2026-07-31 17:00:00,62870.87,63301.68,62800.0,63245.44,856.72938,54004836.3883583,119959,563.0499,35504050.4640186
2026-07-31 18:00:00,63245.44,63302.0,62966.0,63097.57,753.45664,47563326.803499,95063,419.65432,26496164.9536583
2026-07-31 19:00:00,63097.57,63158.0,62936.29,62972.0,304.88916,19212855.8238314,71207,159.90572,10076258.2788802
2026-07-31 20:00:00,62972.0,63034.0,62928.35,62953.7,318.42027,20055492.8852916,59333,164.89602,10385634.5212291
2026-07-31 21:00:00,62953.7,63062.47,62846.0,62947.78,334.75985,21089274.9006498,64578,162.00917,10206659.0828884
2026-07-31 22:00:00,62947.77,63020.0,62870.01,62950.0,440.99494,27769801.3359054,40268,197.08695,12408784.1901766
2026-07-31 23:00:00,62950.01,63013.52,62860.64,62887.88,186.49459,11741452.0311474,29472,62.58436,3939753.1005925
2026-08-01 00:00:00,62887.88,63024.04,62887.87,62938.01,517.26897,32568037.4802799,40193,232.52413,14639741.9602915
2026-08-01 01:00:00,62938.01,62990.0,62923.47,62975.01,386.71985,24346150.0608638,31117,205.57839,12942276.4669678
2026-08-01 02:00:00,62975.0,63106.55,62975.0,63075.07,348.67082,21989884.4677057,24323,234.85866,14811567.0205488
2026-08-01 03:00:00,63075.08,63075.08,62970.65,63004.48,388.95582,24507635.7208015,28652,134.25751,8458412.5812926
2026-08-01 04:00:00,63004.47,63115.37,62993.2,63115.01,223.92941,14122116.060847,17152,125.69048,7925924.0841197
2026-08-01 05:00:00,63115.0,63142.85,63000.85,63020.0,458.27671,28905726.1175935,25770,247.9935,15642571.1003606
2026-08-01 06:00:00,63020.0,63086.65,62992.82,63080.64,434.87477,27419110.9813138,23346,225.99575,14250340.6959082
2026-08-01 07:00:00,63080.65,63110.89,63034.0,63050.46,150.69173,9503283.6800167,19514,62.00012,3910029.129889
2026-08-01 08:00:00,63050.45,63150.0,63050.45,63126.25,106.02817,6690687.7488681,14521,56.05835,3537044.7108307
2026-08-01 09:00:00,63126.25,63139.54,63046.33,63053.17,228.45152,14416933.7983975,24467,98.00398,6184867.8166236
2026-08-01 10:00:00,63053.17,63111.09,62986.31,63056.0,321.04349,20239148.1066883,31816,138.75706,8747260.1920271
2026-08-01 11:00:00,63055.99,63091.97,63037.72,63076.0,179.08594,11293725.4937506,15389,97.55974,6151966.5985402
2026-08-01 12:00:00,63076.0,63119.4,63076.0,63103.68,320.18632,20203492.4729972,18966,223.72909,14116740.8583298
2026-08-01 13:00:00,63103.68,63106.83,63051.0,63069.32,187.46878,11826406.2801553,15828,98.81937,6233870.8111042
2026-08-01 14:00:00,63069.31,63127.07,63069.31,63126.52,385.79335,24344209.5655795,26416,152.82495,9643139.4597231
2026-08-01 15:00:00,63126.53,63126.53,63007.05,63007.06,164.42533,10371508.8416881,17538,71.67908,4521953.8616273
2026-08-01 16:00:00,63007.06,63027.65,62874.0,62932.32,327.87182,20643319.9738844,40247,160.2356,10087545.8421217
2026-08-01 17:00:00,62932.32,62996.0,62666.0,62708.07,359.17517,22564951.0482905,60750,139.65491,8773754.6911489
2026-08-01 18:00:00,62708.06,62734.0,62275.0,62580.56,931.42897,58204708.3714735,151143,382.91051,23921015.747257
2026-08-01 19:00:00,62580.55,62624.0,62461.17,62529.82,312.52626,19550759.1069654,58351,186.84938,11689522.2663075
2026-08-01 20:00:00,62529.81,62674.98,62482.99,62662.13,183.46966,11485230.2791437,43166,101.53453,6356686.5554229
2026-08-01 21:00:00,62662.14,62864.0,62662.13,62812.75,229.38386,14396971.5500246,54923,103.15111,6475206.2389529
2026-08-01 22:00:00,62812.76,62866.62,62794.17,62831.28,129.54917,8140598.3624401,28111,65.13676,4092933.8147632
2026-08-01 23:00:00,62831.29,62862.8,62769.97,62823.64,287.81315,18077474.1925873,20284,226.43602,14222469.1599078
2026-08-02 00:00:00,62823.65,62979.99,62806.58,62833.99,397.27424,24984147.2747673,33822,159.08508,10005818.5830234
2026-08-02 01:00:00,62834.0,63088.0,62834.0,62981.87,215.77694,13591878.5333107,32567,148.64655,9362612.2853563
2026-08-02 02:00:00,62981.87,63547.7,62958.54,63451.58,1068.41906,67742410.1029738,145569,623.19602,39507579.2158767
2026-08-02 03:00:00,63451.58,63550.0,63380.0,63461.95,388.55462,24653572.534808,47536,192.64737,12224272.2730279
2026-08-02 04:00:00,63461.95,63612.0,63461.95,63590.0,302.37117,19215565.8356644,41609,174.60775,11095946.6148569
2026-08-02 05:00:00,63590.0,63634.0,63415.26,63453.27,261.31562,16588959.9871,36028,104.43625,6629039.3275895
2026-08-02 06:00:00,63453.27,63498.15,63435.99,63482.49,160.39885,10181508.8737707,22998,83.00322,5268656.2545913
2026-08-02 07:00:00,63482.49,63544.51,63480.0,63506.24,412.11258,26167488.8924034,22781,313.94737,19933899.7817541
2026-08-02 08:00:00,63506.23,63530.0,63172.0,63193.99,542.79786,34416949.7389738,45423,288.8078,18323655.649995
2026-08-02 09:00:00,63194.0,63320.0,63094.0,63273.94,277.11141,17524986.7040462,44972,143.19213,9055520.4969471
2026-08-02 10:00:00,63273.94,63273.94,63125.06,63205.03,200.2751,12658424.2269509,33634,105.5202,6669633.6529899
2026-08-02 11:00:00,63205.03,63206.0,62982.38,63031.99,373.06149,23549646.8382478,73599,146.82685,9269778.5330112
2026-08-02 12:00:00,63031.99,63231.67,63031.99,63125.49,247.99863,15661989.5104158,48051,128.50244,8115596.4514206
2026-08-02 13:00:00,63125.49,63146.89,63010.0,63126.92,262.12825,16538448.3724423,38300,130.45023,8230857.27917
2026-08-02 14:00:00,63126.92,63186.0,63062.0,63069.37,314.22912,19834721.5743337,44847,163.04038,10291244.1517193
2026-08-02 15:00:00,63069.37,63186.0,63050.0,63109.14,191.05332,12058629.2759911,27263,101.03328,6376867.0681798
2026-08-02 16:00:00,63109.13,63273.49,63064.01,63180.36,267.96361,16924261.312708,61576,146.88696,9277828.0978099
2026-08-02 17:00:00,63180.36,63342.0,63152.0,63300.28,318.39177,20144898.430895,51239,183.68231,11619984.7785962
2026-08-02 18:00:00,63300.0,63610.01,63290.0,63382.01,518.81545,32897638.2515039,66179,318.14828,20171699.7731146
2026-08-02 19:00:00,63382.01,63479.85,63323.89,63456.01,247.35839,15681478.749683,38980,150.42736,9536027.2580766
2026-08-02 20:00:00,63456.0,63501.48,63404.69,63494.52,140.51262,8916338.0883412,39245,86.37816,5481238.9860784
2026-08-02 21:00:00,63494.51,63785.0,63479.45,63578.0,457.27756,29088924.0447639,92710,256.1968,16296518.5719645
2026-08-02 22:00:00,63578.01,63796.33,63376.71,63424.58,484.1409,30783691.5231674,112482,253.04773,16089358.2696163
2026-08-02 23:00:00,63424.58,63596.0,63344.0,63570.0,337.67298,21431817.7440114,84654,164.6206,10448791.7819722
2026-08-03 00:00:00,63570.01,63596.0,63208.3,63317.6,357.32342,22644761.1428824,98486,150.86324,9562157.9421504
2026-08-03 01:00:00,63317.61,63350.0,63111.1,63212.16,372.31318,23535944.9819903,85202,168.27699,10637756.4520297
2026-08-03 02:00:00,63212.16,63286.0,63100.0,63141.4,334.18959,21116445.1519218,68048,170.85738,10795936.8783447
2026-08-03 03:00:00,63141.39,63168.44,62786.04,62870.49,516.46423,32542680.1272797,75000,209.29332,13190117.2013146
2026-08-03 04:00:00,62870.48,63001.77,62770.37,62790.0,320.41763,20158137.7690902,51921,182.4767,11481127.1446911
2026-08-03 05:00:00,62790.0,62875.02,62751.3,62827.17,546.69206,34347596.6574113,57026,302.86534,19027821.3791346
2026-08-03 06:00:00,62827.17,62872.58,62613.0,62623.6,396.31841,24863587.0692334,71093,166.30688,10433863.5145817
2026-08-03 07:00:00,62623.6,62700.0,62552.04,62621.1,1264.72827,79214588.7723814,74002,607.99226,38081398.1194858
2026-08-03 08:00:00,62621.1,62647.69,62300.0,62541.5,657.33122,41038799.1477516,97499,329.87581,20593879.0365117
2026-08-03 09:00:00,62541.5,62863.1,62520.0,62837.4,585.41075,36676833.3695434,62491,403.68636,25293721.9368995
2026-08-03 10:00:00,62837.4,62860.0,62615.11,62742.01,443.80935,27852395.5972039,58532,231.23106,14511916.6841879
2026-08-03 11:00:00,62742.01,62778.92,62540.95,62560.01,282.26451,17690071.0118093,61915,128.72321,8068765.140599
2026-08-03 12:00:00,62560.01,62799.3,62445.26,62700.0,437.23263,27377607.015418,90847,225.9886,14151779.7659799
2026-08-03 13:00:00,62700.01,63390.0,62562.42,63351.09,1121.39133,70573668.7971385,232110,625.81904,39394539.0951049
2026-08-03 14:00:00,63351.09,63992.71,63136.0,63967.19,2387.82383,151947551.0425217,372984,1521.03527,96820862.5980271
2026-08-03 15:00:00,63967.19,63989.75,63646.59,63694.91,1368.53804,87331355.6700014,236612,726.7858,46387637.2832511
2026-08-03 16:00:00,63694.9,63939.99,63664.0,63776.46,800.0795,51057217.8274206,144856,379.8596,24241838.4188022
2026-08-03 17:00:00,63776.46,64059.75,63714.55,63906.0,628.1066,40133550.3211147,106952,300.75883,19220750.1787132
2026-08-03 18:00:00,63905.99,64000.0,63768.0,63870.87,368.04477,23513989.354396,88526,177.08565,11312669.5277733
2026-08-03 19:00:00,63870.87,64080.0,63846.0,63869.38,545.18183,34862962.8726392,100645,238.12743,15227037.4162306
2026-08-03 20:00:00,63869.38,64023.61,63769.92,63775.43,498.9936,31879782.1340791,65626,212.05623,13550076.4773083
2026-08-03 21:00:00,63775.43,63791.98,63548.0,63590.15,427.95014,27262313.0059887,62549,184.06157,11726258.774729
2026-08-03 22:00:00,63590.15,63680.0,63392.01,63618.0,422.48287,26835264.4798961,78240,182.9964,11625496.4959072
2026-08-03 23:00:00,63618.01,63621.35,63465.43,63520.0,460.20967,29241412.6366665,53202,160.8809,10220751.9335089
2026-08-04 00:00:00,63520.0,63585.09,63322.01,63361.99,536.23408,34015456.0963897,103694,299.50991,18999285.0576588
2026-08-04 01:00:00,63362.0,63927.99,63361.99,63847.93,808.63269,51465151.7188039,138495,480.46055,30588690.4630955
2026-08-04 02:00:00,63847.92,63972.0,63686.44,63822.44,596.20908,38040218.9609666,79681,317.65847,20267482.4146419
2026-08-04 03:00:00,63822.45,63860.0,63649.0,63800.01,343.13285,21885255.7437701,49652,187.13297,11934650.5277707
2026-08-04 04:00:00,63800.01,64243.81,63762.0,64029.0,795.09044,50878915.1375571,81654,435.85406,27885025.8401669
2026-08-04 05:00:00,64029.01,64056.0,63788.23,63818.48,306.74636,19590451.9308838,62069,118.97331,7596883.4465897
2026-08-04 06:00:00,63818.47,63859.71,63654.16,63670.0,321.82249,20515738.8029302,48554,147.02517,9370179.5256708
2026-08-04 07:00:00,63670.0,63763.63,63506.78,63685.74,779.79552,49619549.8579473,60765,332.11447,21128233.2396436
2026-08-04 08:00:00,63685.73,63748.22,63564.99,63588.94,412.14854,26223990.3488561,41831,282.93751,18002880.2855819
2026-08-04 09:00:00,63589.04,63610.0,63516.43,63603.73,356.68509,22675257.1102834,41824,147.79301,9395392.3313268
2026-08-04 10:00:00,63603.73,63842.0,63451.8,63764.0,613.8334,39040127.37025,102803,273.25327,17382384.0529799
2026-08-04 11:00:00,63763.99,63950.0,63712.0,63926.0,457.77198,29226223.7603908,91676,230.78845,14732733.5945887
2026-08-04 12:00:00,63926.0,64062.46,63788.0,63906.41,546.54537,34930670.4957729,89411,313.36983,20032849.8815941
2026-08-04 13:00:00,63906.41,64097.74,63656.0,63683.94,1052.90355,67302267.8286249,199185,599.06252,38295591.1672078
2026-08-04 14:00:00,63683.95,64193.54,63615.38,64128.72,879.92592,56239648.8234461,223460,542.391,34664134.0272703
2026-08-04 15:00:00,64128.73,64238.0,63814.29,64125.14,876.1178,56140839.1464888,168304,505.70239,32408951.5086184
2026-08-04 16:00:00,64125.14,64130.0,63897.22,63950.93,546.40306,34970829.8695505,114320,253.88789,16248746.0739819
2026-08-04 17:00:00,63950.94,64184.0,63892.0,63972.09,719.77508,46112734.5720096,137455,399.43698,25591524.9273612
2026-08-04 18:00:00,63972.09,64400.0,63965.73,64305.99,693.34672,44569679.585297,148693,408.84425,26279231.7378864
2026-08-04 19:00:00,64305.99,64413.21,64193.57,64233.36,534.82384,34398383.045829,97542,274.50823,17656080.7052169
2026-08-04 20:00:00,64233.35,64420.0,64001.68,64341.0,558.35238,35853995.3190882,96909,284.875,18292658.9339335
2026-08-04 21:00:00,64341.0,64341.99,64175.52,64194.0,220.73608,14182904.5298915,60932,85.77467,5510231.3084988
2026-08-04 22:00:00,64193.99,64293.91,64140.0,64270.61,181.53234,11658111.8515842,44926,87.18277,5598443.4844905
2026-08-04 23:00:00,64270.62,64549.16,64081.26,64106.56,551.91443,35521281.3898606,104204,351.92698,22657606.1728142
2026-08-05 00:00:00,64106.55,64193.25,63978.44,63988.0,649.78599,41615173.9935399,87408,327.46128,20970268.8030304
2026-08-05 01:00:00,63988.0,64346.0,63950.0,64333.84,393.02738,25199028.0269947,78725,224.23322,14377078.854526
2026-08-05 02:00:00,64333.85,64504.0,64322.59,64368.26,562.72054,36252719.2790435,115810,292.49373,18842893.9062985
2026-08-05 03:00:00,64368.27,64446.0,64046.0,64183.27,445.73851,28606689.1583444,91878,212.70998,13646439.3825496
2026-08-05 04:00:00,64183.27,64218.0,64088.01,64176.7,184.21473,11818918.3695085,47086,87.94164,5642443.0774271
2026-08-05 05:00:00,64176.69,64525.97,64163.36,64330.87,480.37923,30917002.6683129,68876,203.21757,13078801.8017258
2026-08-05 06:00:00,64330.86,64373.31,64229.34,64253.58,396.58374,25506398.1518547,49970,276.91856,17810597.8528767
2026-08-05 07:00:00,64253.59,64272.0,63995.89,64163.99,577.00898,36982927.7935225,74493,301.7958,19344654.4799377
2026-08-05 08:00:00,64164.0,64280.0,64098.0,64120.81,335.28683,21523019.9425649,63070,148.66438,9542746.8678782
2026-08-05 09:00:00,64120.81,64210.83,64102.95,64155.05,184.00109,11805502.9970623,43523,78.79879,5055483.3613211
2026-08-05 10:00:00,64155.06,64242.93,64020.0,64062.23,387.90421,24881755.95111,73702,171.94536,11029238.1209386
2026-08-05 11:00:00,64062.23,64150.0,64044.5,64075.28,258.58817,16572847.283428,57896,125.53299,8045140.8181454
2026-08-05 12:00:00,64075.28,64581.43,64050.0,64332.43,1037.97436,66850027.1187412,130336,602.53636,38801733.5265758
2026-08-05 13:00:00,64332.43,64412.0,63880.0,64407.99,1022.29322,65586464.6495403,222352,527.77142,33859775.0522787
2026-08-05 14:00:00,64407.99,64578.0,64300.0,64476.39,1047.50709,67497192.6610311,283723,630.5808,40635161.2367846
2026-08-05 15:00:00,64476.4,64744.0,64385.49,64388.01,986.83874,63713231.1635625,183941,436.05356,28156574.4432341
2026-08-05 16:00:00,64388.01,64760.99,64388.0,64661.99,538.9344,34837349.6320145,146945,265.68551,17170468.4017545
2026-08-05 17:00:00,64661.99,64804.0,64541.71,64770.0,480.07544,31057555.1542651,105483,252.01635,16303854.1463309
2026-08-05 18:00:00,64770.0,64844.99,64670.01,64799.1,509.17226,32970691.842428,106625,245.44387,15894437.0421617
2026-08-05 19:00:00,64799.1,64936.18,64781.79,64840.28,466.98679,30303424.899621,76747,248.86505,16148839.5644166
2026-08-05 20:00:00,64840.27,65025.22,64806.46,64822.89,498.389,32363446.3100877,78084,289.37307,18794177.3342374
2026-08-05 21:00:00,64822.88,64825.78,64657.69,64733.13,467.37291,30250902.7171542,91175,162.43596,10513074.6818144
2026-08-05 22:00:00,64733.13,64783.84,64629.81,64636.0,271.07045,17537215.6647454,62596,103.65708,6705638.9299014
2026-08-05 23:00:00,64636.0,64749.99,64579.15,64665.23,561.00122,36280488.8267724,61783,306.35017,19811219.9227045
2026-08-06 00:00:00,64665.24,64724.38,64572.0,64644.99,476.9934,30834117.7655043,59311,183.50123,11862384.1584633
2026-08-06 01:00:00,64644.92,64659.65,64498.0,64580.07,393.9399,25449019.66124,65744,202.53496,13085497.1322285
2026-08-06 02:00:00,64580.08,64650.62,64439.34,64579.36,432.25507,27900547.2321173,80019,219.68873,14178871.220509
2026-08-06 03:00:00,64579.36,64583.63,64493.2,64531.03,197.99261,12778814.5123891,41546,79.01809,5099525.616679
2026-08-06 04:00:00,64531.03,64755.72,64496.27,64734.65,354.38235,22918408.6756697,55726,196.75298,12725349.176006
2026-08-06 05:00:00,64734.65,64996.0,64730.26,64908.09,515.23827,33442737.5454603,102709,290.63064,18864798.6999603
2026-08-06 06:00:00,64908.1,64908.1,64745.69,64860.0,233.29381,15124179.6606809,54964,102.64469,6653921.4343271
2026-08-06 07:00:00,64860.0,64965.66,64776.0,64809.7,679.84082,44093592.5516474,61360,228.41584,14814485.9191425
2026-08-06 08:00:00,64809.7,64999.0,64760.0,64941.99,323.50568,20984867.5506607,58606,183.38281,11894580.3613723
2026-08-06 09:00:00,64942.0,64944.0,64630.0,64683.62,404.08385,26174620.0784229,70981,151.29801,9796508.7718886
2026-08-06 10:00:00,64683.62,64685.05,64581.21,64615.95,207.8831,13438249.4726156,54295,106.443,6880662.5832074
2026-08-06 11:00:00,64615.95,64661.26,64503.54,64622.09,372.14171,24042701.1061774,60335,191.76701,12389655.9191623
2026-08-06 12:00:00,64622.08,64637.68,64381.96,64424.0,336.45805,21701707.0301865,77320,157.42535,10153660.3640572
2026-08-06 13:00:00,64424.01,64524.21,64172.0,64434.01,870.19548,55954841.9615122,194478,409.71771,26348255.0728825
2026-08-06 14:00:00,64434.01,64850.0,64362.0,64778.0,781.12724,50450642.0189024,239608,443.97268,28680028.0106404
2026-08-06 15:00:00,64778.01,64987.26,64624.29,64631.87,772.83402,50086848.9803064,230032,455.15645,29499702.355877
2026-08-06 16:00:00,64631.88,64778.0,64592.37,64757.99,370.31723,23949780.5521184,146790,190.85892,12343423.694552
2026-08-06 17:00:00,64758.0,64834.0,64548.81,64621.69,293.75208,19001411.1196444,85461,115.34513,7461575.039068
2026-08-06 18:00:00,64621.68,64621.69,64378.67,64418.47,347.29306,22398182.3897067,85459,113.93679,7347878.6042612
2026-08-06 19:00:00,64418.48,64474.71,64365.0,64446.0,449.59357,28968185.1587854,70813,224.3131,14452859.4191504
2026-08-06 20:00:00,64446.01,64536.32,64439.7,64439.7,195.47529,12604874.6942149,44904,70.40738,4540264.6419285
2026-08-06 21:00:00,64439.71,64513.99,64404.74,64440.74,249.73283,16097935.7852703,53362,122.75076,7912459.7959905
2026-08-06 22:00:00,64440.74,64450.0,64330.4,64351.49,210.70667,13566155.0035009,45081,91.48411,5889583.2390535
2026-08-06 23:00:00,64351.48,64360.01,64200.0,64323.61,395.39675,25404226.2099736,49047,134.70624,8654785.1564343
2026-08-07 00:00:00,64323.61,64410.0,64230.59,64317.99,285.45231,18354249.5601662,73994,127.91138,8225097.5409189
2026-08-07 01:00:00,64318.0,64476.78,64300.0,64422.55,351.02167,22603041.9384221,93301,202.67012,13051078.8273459
2026-08-07 02:00:00,64422.54,64544.0,64252.09,64399.87,388.69448,25031545.123241,103153,173.63819,11181616.3162947
2026-08-07 03:00:00,64399.88,64407.73,64260.0,64289.99,199.96303,12864334.043689,75419,83.97819,5402386.8757937
2026-08-07 04:00:00,64289.99,64364.08,64166.0,64255.13,222.89749,14326178.4769977,69543,87.42568,5619069.5867149
2026-08-07 05:00:00,64255.14,64400.0,64177.62,64336.43,321.20596,20650998.1641232,53841,150.05487,9649229.4171218
2026-08-07 06:00:00,64336.42,64463.75,64283.91,64304.12,452.26837,29104402.2358547,54841,221.28865,14240102.5871065
2026-08-07 07:00:00,64304.12,64436.13,64264.0,64319.84,382.39149,24611960.7250608,43588,191.10967,12301016.9555047
2026-08-07 08:00:00,64319.84,64672.1,64304.22,64600.0,433.22408,27940463.8617459,73835,185.13474,11938854.6020406
2026-08-07 09:00:00,64600.0,64965.0,64599.99,64839.32,917.15159,59475545.5886825,104331,435.79551,28261770.3361381
2026-08-07 10:00:00,64839.32,64916.0,64802.0,64893.98,362.71626,23525923.7211676,52293,104.75143,6794001.8736741
2026-08-07 11:00:00,64893.99,65213.33,64893.64,65029.98,652.67441,42453752.4566705,89434,359.85118,23405081.6175428
2026-08-07 12:00:00,65029.98,65390.99,64986.26,65292.32,1412.7636,92112799.3673058,181821,836.23651,54532142.0295846
2026-08-07 13:00:00,65292.31,65338.0,64984.68,65009.24,1271.25225,82872881.7641406,245147,589.41594,38433174.1497737
2026-08-07 14:00:00,65009.23,65275.03,64788.0,64957.98,982.58571,63902635.1714557,272120,532.85038,34655084.570823
2026-08-07 15:00:00,64957.98,65136.17,64894.83,64912.72,468.0279,30421106.2958414,129409,160.33281,10421085.1703558
2026-08-07 16:00:00,64912.71,65072.31,64814.0,64814.0,485.33624,31519449.4144582,123985,174.24916,11316539.751901
2026-08-07 17:00:00,64814.01,64828.82,64525.0,64764.33,603.65716,39048760.3836404,135316,226.86676,14673904.0378943
2026-08-07 18:00:00,64764.33,64881.13,64676.0,64735.51,225.44204,14606765.3255798,80410,107.7342,6980364.9099653
2026-08-07 19:00:00,64735.52,65039.42,64735.52,64960.47,398.55222,25881188.1077252,100397,239.92554,15581359.1397701
2026-08-07 20:00:00,64960.46,65053.56,64948.0,64972.0,238.49651,15498023.8804407,39503,140.00481,9098539.7820222
2026-08-07 21:00:00,64972.0,65102.0,64928.0,64928.01,187.58406,12192924.0884831,44821,74.85659,4866058.1550041
2026-08-07 22:00:00,64928.02,64947.7,64846.0,64888.0,304.11479,19738477.3278935,28154,104.65883,6791975.761907
2026-08-07 23:00:00,64888.0,64923.2,64869.99,64923.19,259.93041,16866706.5127732,14727,128.52507,8340256.1251497
2026-08-08 00:00:00,64923.2,64954.0,64784.19,64929.01,432.5947,28066360.0351177,25634,192.54433,12494021.2571022
2026-08-08 01:00:00,64929.01,64965.0,64908.97,64911.79,283.12303,18383200.8513409,22019,182.66654,11860496.2369481
2026-08-08 02:00:00,64911.8,64957.47,64894.49,64923.97,317.46111,20609506.1984764,21324,150.51206,9770326.5942846
2026-08-08 03:00:00,64923.98,65074.18,64918.28,65033.0,277.39242,18027409.344293,27377,179.5882,11670790.4302132
2026-08-08 04:00:00,65033.0,65071.15,64971.18,65013.58,199.83614,12992832.7303866,31511,124.97153,8124822.1332608
2026-08-08 05:00:00,65013.58,65018.64,64976.0,64995.39,118.91329,7730148.4906938,13525,44.52809,2894580.3156669
2026-08-08 06:00:00,64995.39,65014.0,64959.81,65006.61,298.35674,19388734.5397582,16625,122.6895,7972997.0688312
2026-08-08 07:00:00,65006.61,65006.61,64951.34,64960.0,169.03379,10983930.0983692,13450,80.30533,5217745.6106974
2026-08-08 08:00:00,64959.99,65020.5,64948.56,64993.87,150.80437,9800169.264761,13868,85.21014,5537404.9151884
2026-08-08 09:00:00,64993.88,65050.0,64992.98,64994.31,303.53576,19733513.5528984,26189,194.26161,12629382.8138383
2026-08-08 10:00:00,64994.31,65022.43,64994.31,65005.87,144.30853,9381414.2780844,15959,54.63585,3551748.1350938
2026-08-08 11:00:00,65005.88,65024.1,64957.0,64967.35,178.16146,11577601.187489,19311,69.60256,4523164.7507666
2026-08-08 12:00:00,64967.36,65050.55,64924.0,65008.34,234.45077,15237620.3164989,31056,122.91118,7988666.7980101
2026-08-08 13:00:00,65008.33,65018.0,65000.0,65015.27,187.85749,12212391.4777713,16805,98.14216,6380096.3454771
2026-08-08 14:00:00,65015.27,65192.54,65015.27,65129.02,356.35929,23208128.5509517,44901,234.61416,15278267.3352827
2026-08-08 15:00:00,65129.01,65149.57,65061.31,65080.82,186.5848,12145707.9670244,19760,81.94077,5333776.8406087
2026-08-08 16:00:00,65080.83,65116.82,65039.0,65086.45,128.83529,8383617.7004962,22770,61.95465,4031578.8973337
2026-08-08 17:00:00,65086.46,65150.0,65075.46,65119.75,187.72596,12222353.3938824,23990,96.11591,6257929.9222961
2026-08-08 18:00:00,65119.75,65119.75,65025.54,65044.07,168.52013,10966428.8656571,20825,66.72306,4342109.5168636
2026-08-08 19:00:00,65044.08,65093.7,65017.39,65075.41,205.39734,13358691.3433636,16325,81.94249,5329201.9735129
2026-08-08 20:00:00,65075.4,65100.61,65060.0,65082.41,382.31735,24884569.9772669,18406,145.01293,9437705.1569058
2026-08-08 21:00:00,65082.42,65082.42,65000.53,65012.96,216.53129,14084709.3680771,25428,60.6131,3942470.2971092
2026-08-08 22:00:00,65012.95,65038.0,64948.17,64950.61,427.30382,27772868.4374519,30793,179.35607,11657744.9403607
2026-08-08 23:00:00,64950.62,64975.99,64936.01,64962.6,204.73811,13299450.8605098,22596,99.16389,6441383.1130388
2026-08-09 00:00:00,64962.6,64991.93,64958.17,64973.65,214.05253,13907043.0690101,18975,102.26167,6643913.751262
2026-08-09 01:00:00,64973.65,65002.0,64838.33,64861.46,330.74593,21465213.1673394,31321,114.06736,7402765.9759167
2026-08-09 02:00:00,64861.46,64863.16,64777.92,64820.01,255.40052,16557890.2850498,32270,115.37589,7479898.9621668
2026-08-09 03:00:00,64820.01,64820.01,64730.08,64788.8,153.75776,9960137.7760639,20800,75.15128,4867678.1310427
2026-08-09 04:00:00,64788.8,64826.13,64785.0,64785.0,156.31772,10130796.7939439,13624,84.20076,5456784.0853172
2026-08-09 05:00:00,64785.01,64801.58,64777.0,64801.58,194.39306,12594126.9190144,15456,101.16886,6554381.0566388
2026-08-09 06:00:00,64801.57,64867.11,64801.57,64849.99,216.36529,14028190.8249073,20930,98.44055,6382436.1172835
2026-08-09 07:00:00,64850.0,64860.01,64826.14,64826.14,338.38864,21942571.8901049,18781,154.2898,10004758.4350471
2026-08-09 08:00:00,64826.15,64960.06,64792.1,64824.16,328.93534,21343277.3952557,43973,189.76912,12313792.1760267
2026-08-09 09:00:00,64824.17,64877.86,64809.68,64877.85,149.22124,9673240.7256141,19330,94.33882,6115588.6978755
2026-08-09 10:00:00,64877.86,64994.07,64877.85,64959.86,249.48898,16204333.539661,26742,135.2853,8785688.8687633
2026-08-09 11:00:00,64959.87,65000.0,64950.0,64950.0,150.77221,9797293.400182,16353,67.39143,4378951.656704
2026-08-09 12:00:00,64950.01,64962.41,64914.73,64960.11,166.88575,10837664.191662,13782,85.89781,5578301.0807405
2026-08-09 13:00:00,64960.12,65266.0,64960.11,65219.78,406.90586,26510401.8541938,44799,242.51699,15798703.1249412
2026-08-09 14:00:00,65219.78,65300.0,65150.95,65260.01,280.8075,18311637.3796123,46146,133.45475,8702341.7155843
2026-08-09 15:00:00,65260.01,65264.0,65214.0,65228.68,364.1864,23760272.5565685,32621,193.45685,12621404.8143471
2026-08-09 16:00:00,65228.68,65266.06,65182.36,65232.14,289.41282,18880664.3197101,32276,109.10809,7117779.4089121
2026-08-09 17:00:00,65232.15,65239.18,65198.68,65198.68,130.05099,8482804.9675885,14397,63.49386,4141371.8416323
2026-08-09 18:00:00,65198.68,65220.0,65192.0,65199.68,83.21999,5426467.4609942,12819,32.89421,2144889.6734378
2026-08-09 19:00:00,65199.69,65210.0,65179.72,65180.66,257.6312,16796722.4756639,19927,75.75658,4938898.2479823
2026-08-09 20:00:00,65180.66,65181.99,65046.25,65137.96,465.99754,30344991.233861,47904,111.04465,7231348.845666
2026-08-09 21:00:00,65137.96,65250.0,65115.05,65192.99,485.32235,31625565.3125288,50161,177.12155,11542971.0821737
2026-08-09 22:00:00,65192.99,65474.46,64971.41,65077.13,941.55321,61418930.1993708,114413,455.67198,29740222.338874
2026-08-09 23:00:00,65077.13,65108.0,64842.59,64901.59,421.42323,27365969.6663231,96181,195.17106,12672032.8459286
2026-08-10 00:00:00,64901.59,65322.58,64826.78,64968.01,556.44925,36189664.8418318,129770,279.83057,18201154.9737848
2026-08-10 01:00:00,64968.21,65391.14,64900.0,65189.99,410.26148,26713004.9699127,81073,222.23672,14471582.6842253
2026-08-10 02:00:00,65190.0,65220.0,64903.54,65099.99,432.7132,28159540.6213088,68539,235.47054,15321622.363196
2026-08-10 03:00:00,65099.99,65172.0,64904.99,64982.01,335.63049,21829164.9415962,60159,168.92723,10986377.2025622
2026-08-10 04:00:00,64982.0,65100.0,64924.0,65006.73,333.49313,21681967.1034479,48732,118.83558,7726129.6108028
2026-08-10 05:00:00,65006.74,65159.25,64979.88,65134.0,299.63603,19491225.0614714,48950,170.55443,11094413.0068889
2026-08-10 06:00:00,65134.0,65339.7,65130.01,65299.4,433.93661,28305207.9528336,65239,239.6334,15631081.9553971
2026-08-10 07:00:00,65299.4,65379.13,65196.53,65202.73,554.01187,36175979.9422619,48555,206.78916,13504151.6853852
2026-08-10 08:00:00,65202.72,65328.73,65192.0,65245.58,316.81156,20673178.3043511,34815,173.02133,11289883.7675386
2026-08-10 09:00:00,65245.59,65245.59,64958.87,64967.24,389.34609,25336383.505336,70485,172.25001,11206242.7253395
2026-08-10 10:00:00,64967.25,65074.61,64967.24,65013.06,428.4961,27863777.4077633,63916,224.30463,14585471.0027928
2026-08-10 11:00:00,65013.07,65130.16,64977.93,65125.98,160.3373,10430531.8271237,50748,80.53757,5239082.2031372
2026-08-10 12:00:00,65125.99,65237.8,64850.0,64870.75,596.12387,38759023.4281195,112248,302.29784,19657901.0597523
2026-08-10 13:00:00,64870.74,64973.72,64518.01,64561.98,1297.24239,83998506.2644403,183557,667.42962,43214548.6710014
2026-08-10 14:00:00,64561.98,64888.32,64544.01,64625.77,650.29814,42085948.4005957,135771,399.38475,25845200.3697737
2026-08-10 15:00:00,64625.77,64711.43,64203.15,64299.99,1096.33991,70605154.163123,165488,505.99853,32581408.1423951
2026-08-10 16:00:00,64299.99,64354.0,63830.57,63904.65,1498.06925,95990024.2983433,198980,619.85613,39718284.0755888
2026-08-10 17:00:00,63904.65,64027.12,63832.0,63953.04,1290.55418,82512322.1298265,126308,715.24482,45733155.8587442
2026-08-10 18:00:00,63953.04,64020.64,63806.27,63889.39,944.06538,60337032.5967517,104506,522.03813,33365337.6079945
2026-08-10 19:00:00,63889.39,64101.34,63888.01,64045.7,543.26284,34760142.609968,73324,361.31968,23118248.9617084
2026-08-10 20:00:00,64045.7,64215.21,64023.06,64158.5,286.34235,18357151.8575551,59715,177.64217,11387706.4731691
2026-08-10 21:00:00,64158.49,64158.5,63987.0,63987.0,239.68387,15356579.6874604,46322,112.21756,7189394.6212129
2026-08-10 22:00:00,63987.0,64055.95,63944.0,64016.0,216.96727,13885009.3883232,39224,102.16728,6537919.7699442
2026-08-10 23:00:00,64015.99,64020.0,63920.69,63970.01,328.33621,21006038.3493674,37923,168.63999,10789045.9303647
2026-08-11 00:00:00,63970.01,64058.0,63895.64,64040.0,690.26826,44159327.8468992,66218,359.47253,22996519.2199418
2026-08-11 01:00:00,64040.01,64080.1,63958.2,64060.8,355.07512,22740099.0832521,49705,193.08035,12365614.3465579
2026-08-11 02:00:00,64060.8,64086.0,64030.0,64044.59,263.24469,16861693.4285551,26971,79.1078,5066945.4454371
2026-08-11 03:00:00,64044.6,64176.0,64044.59,64155.01,524.13513,33614761.303084,34345,297.82223,19099848.0908298
2026-08-11 04:00:00,64155.0,64159.65,64021.02,64023.51,360.17249,23085546.1351533,21216,89.55109,5740543.1500856
2026-08-11 05:00:00,64023.51,64051.93,63964.0,64000.0,217.31247,13910900.7293422,31560,86.31271,5525297.1925808
2026-08-11 06:00:00,64000.0,64050.43,63852.0,63969.28,681.87714,43597802.0557633,51622,311.97687,19947946.7646608
2026-08-11 07:00:00,63969.29,64108.0,63911.09,64065.99,380.83043,24377640.8940204,55232,232.51542,14884801.9692415
2026-08-11 08:00:00,64066.0,64148.78,64044.72,64136.41,168.66039,10809046.462975,27701,81.37712,5215453.8143879
2026-08-11 09:00:00,64136.41,64300.0,64121.51,64300.0,453.24003,29097744.7907324,45575,238.63816,15324243.7697077
2026-08-11 10:00:00,64300.0,64312.7,64200.0,64233.23,408.12036,26227878.0697964,50713,178.26497,11456347.0578003
2026-08-11 11:00:00,64233.23,64400.0,64233.23,64389.57,538.09782,34623260.6169491,44297,297.30225,19126758.269504
2026-08-11 12:00:00,64389.58,64515.43,64274.57,64330.01,714.43565,45994218.3799656,69245,371.25992,23908961.9019622
2026-08-11 13:00:00,64330.0,64368.42,64050.0,64200.28,1390.7479,89249795.6835229,163982,494.89931,31761308.0957146
2026-08-11 14:00:00,64200.29,64263.83,63714.75,63770.03,985.02313,62994751.7908074,176212,425.23397,27200058.4888696
2026-08-11 15:00:00,63770.03,63868.0,63451.0,63609.87,1286.57237,81921887.3739523,194682,648.54505,41307730.354403
2026-08-11 16:00:00,63609.86,63660.0,63459.54,63512.59,740.82749,47098007.7781642,112264,473.91167,30127639.621775
2026-08-11 17:00:00,63512.59,63632.94,63461.88,63607.88,482.84238,30682926.4800253,74539,310.62804,19738335.6262332
2026-08-11 18:00:00,63607.87,63626.03,63251.59,63373.07,749.01907,47506703.4143612,94536,357.26377,22662971.3950458
2026-08-11 19:00:00,63373.07,63536.0,63238.0,63536.0,452.04779,28643558.5205275,76848,302.04011,19138129.4158371
2026-08-11 20:00:00,63536.0,63748.37,63536.0,63740.0,321.5572,20471511.4735312,66539,179.71498,11440282.0865225
2026-08-11 21:00:00,63740.0,63768.58,63622.0,63672.73,269.417,17159077.1021872,48133,134.16968,8544498.0855226
2026-08-11 22:00:00,63672.73,63768.0,63626.25,63668.49,253.27935,16136912.9375564,42286,120.68302,7688900.1770041
2026-08-11 23:00:00,63668.5,63668.5,63543.55,63600.0,204.82882,13027143.3147944,36096,99.24216,6311457.1863424
2026-08-12 00:00:00,63600.01,63745.53,63534.01,63742.07,247.42097,15746303.2625725,55471,131.25288,8353569.6031949
2026-08-12 01:00:00,63742.07,63855.5,63698.18,63813.8,499.92358,31888646.6807724,58485,242.47154,15464920.6119447
2026-08-12 02:00:00,63813.8,63908.01,63730.72,63749.76,612.29132,39090037.8705893,54365,368.24341,23509701.6172734
2026-08-12 03:00:00,63749.77,63845.91,63709.85,63835.59,538.85374,34362090.6431817,50947,281.47078,17953244.5680766
2026-08-12 04:00:00,63835.58,63891.42,63739.99,63769.58,568.35931,36254518.5720545,47129,246.19622,15701249.2279708
2026-08-12 05:00:00,63769.58,63869.56,63724.25,63849.94,540.4656,34504909.4238958,45253,290.64965,18554504.218097
2026-08-12 06:00:00,63849.94,63849.94,63606.15,63711.97,563.28705,35879821.4176883,72358,296.41558,18874298.9621654
2026-08-12 07:00:00,63711.97,63838.0,63644.1,63837.99,458.43036,29220407.2045741,42636,375.26092,23919190.7299606
2026-08-12 08:00:00,63838.0,63867.2,63773.98,63794.94,303.11959,19343285.8410489,50616,139.19523,8882126.9430489
2026-08-12 09:00:00,63794.95,64130.47,63768.01,64108.81,553.52986,35428690.1698745,101679,324.19366,20751894.039013
2026-08-12 10:00:00,64108.82,64218.0,64059.99,64143.36,996.13758,63874902.9324829,96007,272.21381,17453572.2325069
2026-08-12 11:00:00,64143.36,64249.5,64113.5,64240.04,414.30431,26595192.6681776,53021,222.09048,14256246.7885316
2026-08-12 12:00:00,64240.04,64500.0,63976.37,64119.71,1297.05947,83318617.6732933,185766,581.05299,37338706.802929
2026-08-12 13:00:00,64119.72,64159.36,63840.0,63840.0,727.44098,46537810.1151994,189248,370.83603,23722546.9872254
2026-08-12 14:00:00,63840.0,63926.13,63362.74,63363.39,1163.88428,74062036.7119186,242011,519.22792,33043180.5247089
2026-08-12 15:00:00,63363.39,63570.01,63316.0,63441.47,771.05562,48939917.2949909,132695,464.2863,29467144.8116662
2026-08-12 16:00:00,63441.48,63578.0,63368.35,63492.12,487.79219,30961731.7231744,86946,299.81067,19030627.1032361
2026-08-12 17:00:00,63492.12,63556.0,63416.4,63471.0,292.36777,18561792.4428549,55289,170.13157,10801076.4704655
2026-08-12 18:00:00,63470.99,63522.56,63373.97,63386.59,396.92257,25176254.357299,56178,224.5863,14245025.1714856
2026-08-12 19:00:00,63386.58,63465.13,63310.34,63421.11,381.53313,24181562.1730402,68460,180.08684,11414067.0448053
2026-08-12 20:00:00,63421.11,63600.0,63421.11,63599.99,307.26199,19513911.3343881,69016,188.98199,12000488.9657679
2026-08-12 21:00:00,63600.0,63661.24,63421.61,63469.83,267.57645,17001557.312464,65547,123.4787,7846654.0966528
2026-08-12 22:00:00,63469.84,63536.0,63370.0,63432.28,240.00896,15227864.5012325,57291,130.06223,8251403.0219863
2026-08-12 23:00:00,63432.28,63482.89,63378.23,63479.99,998.04154,63291271.9017928,54085,551.63056,34978500.4999293
2026-08-13 00:00:00,63479.99,63717.31,63460.32,63556.92,406.77009,25862713.1607288,70756,235.14697,14952114.9512417
2026-08-13 01:00:00,63556.91,63631.67,63382.45,63456.11,317.88444,20180200.6240303,68777,159.67562,10135967.8129766
2026-08-13 02:00:00,63456.1,63582.0,63380.0,63550.01,458.1649,29074982.8215754,59721,286.82641,18201239.120665
2026-08-13 03:00:00,63550.01,63686.4,63514.21,63646.99,401.71819,25547102.844986,59441,182.3,11593235.32954
2026-08-13 04:00:00,63647.0,63778.0,63591.56,63693.74,223.42484,14228415.037427,47062,108.33255,6899799.7671756
2026-08-13 05:00:00,63693.73,64010.0,63671.64,63878.0,500.10882,31968099.8955392,88932,260.1372,16627393.2033826
2026-08-13 06:00:00,63878.01,63942.36,63757.47,63942.35,256.03719,16345965.8778957,57503,108.86812,6950042.0778377
2026-08-13 07:00:00,63942.36,63947.09,63856.13,63865.84,533.09585,34057425.4339552,54224,388.51059,24820215.2262331
2026-08-13 08:00:00,63865.84,63915.0,63742.0,63766.8,439.81868,28068936.0655911,34954,191.01179,12190721.4111156
2026-08-13 09:00:00,63766.8,63786.49,63587.99,63782.64,337.82326,21517280.4842928,48123,209.46632,13341847.1090667
2026-08-13 10:00:00,63782.65,63818.16,63586.0,63651.19,317.79982,20231352.625946,53154,118.17377,7522400.1770732
2026-08-13 11:00:00,63651.2,63660.76,63350.0,63484.3,355.63538,22580503.8948059,73629,163.16174,10358935.7835827
2026-08-13 12:00:00,63484.31,63710.0,63450.0,63697.76,384.47294,24441441.3671351,78708,213.5408,13574089.2575368
2026-08-13 13:00:00,63697.76,63850.0,63566.0,63724.0,561.86509,35809337.2822934,150420,254.61481,16226424.6859926
2026-08-13 14:00:00,63723.99,63999.0,63686.0,63859.45,669.38212,42755872.8056174,148001,389.1279,24856112.6417615
2026-08-13 15:00:00,63859.46,63940.08,63420.0,63420.01,505.15868,32180488.0211676,147692,251.76594,16037236.4944651
2026-08-13 16:00:00,63420.01,63568.97,62802.27,63160.13,1752.37181,110707991.8581746,270783,790.4043,49949281.7833902
2026-08-13 17:00:00,63160.13,63294.61,63074.44,63144.38,644.48394,40713542.9538366,166027,332.09058,20977241.6591565
2026-08-13 18:00:00,63144.37,63369.63,63105.44,63310.0,325.89181,20601795.6738831,93018,182.53913,11539786.1206287
2026-08-13 19:00:00,63310.0,63519.39,63310.0,63407.99,349.14796,22143116.1523634,100752,221.69414,14059832.5422709
2026-08-13 20:00:00,63408.0,63474.34,63368.0,63415.55,239.68311,15201525.6289537,51169,110.27658,6994091.0708976
2026-08-13 21:00:00,63415.56,63500.0,63390.0,63474.0,188.33344,11950084.9460689,48570,100.16061,6355167.6816062
2026-08-13 22:00:00,63474.0,63640.0,63473.99,63530.01,226.97651,14429017.1229302,60979,110.16119,7002144.554948
2026-08-13 23:00:00,63530.01,63539.03,63400.0,63490.86,397.80966,25247501.6702874,46382,220.31486,13982913.9768421
2026-08-14 00:00:00,63490.86,63552.99,63410.0,63541.45,377.80366,23985967.7017799,79129,155.60737,9879560.8478329
2026-08-14 01:00:00,63541.45,63585.92,63458.0,63575.86,310.91391,19753825.0129252,78725,176.83279,11235956.8726021
2026-08-14 02:00:00,63575.86,63617.45,63465.38,63465.39,489.39475,31099897.2907014,60097,183.92396,11688053.7229094
2026-08-14 03:00:00,63465.39,63576.0,63301.58,63310.0,296.84163,18827905.2101001,55239,131.83991,8362712.5050841
2026-08-14 04:00:00,63310.0,63472.5,63276.0,63372.56,530.66039,33641917.0034089,47353,300.70697,19062616.0784843
2026-08-14 05:00:00,63372.56,63400.3,63286.67,63379.83,201.71573,12778256.5178317,53728,98.90294,6265465.8893299
2026-08-14 06:00:00,63379.83,63379.83,62942.0,62974.14,627.73261,39657229.7157974,105882,299.13351,18910295.0460597
2026-08-14 07:00:00,62974.14,63110.0,62920.0,62920.78,730.23378,46022706.2370479,71713,434.00697,27353956.3439212
2026-08-14 08:00:00,62920.78,62997.83,62700.0,62940.01,892.48443,56097063.669499,120107,488.64395,30716261.277677
2026-08-14 09:00:00,62940.01,62940.01,62744.0,62792.75,501.14919,31491094.6750884,68087,262.1989,16475216.1244028
2026-08-14 10:00:00,62792.75,62946.0,62739.98,62814.14,598.55074,37618971.9895655,77325,361.22437,22704350.0012998
2026-08-14 11:00:00,62814.14,62936.82,62814.0,62868.83,444.92265,27977825.1626343,70192,261.23053,16426108.0735793
2026-08-14 12:00:00,62868.83,62913.3,62726.26,62741.69,486.51649,30562838.6432088,95960,212.65833,13359627.5273584
2026-08-14 13:00:00,62741.68,62822.33,62605.0,62668.0,987.78817,61924547.38729,199983,508.09225,31853277.1702642
2026-08-14 14:00:00,62668.0,62797.88,62535.24,62620.01,998.23888,62554689.6454543,209562,514.02979,32212933.8452325
2026-08-14 15:00:00,62620.01,63089.18,62612.0,62990.95,988.09918,62093824.182299,168891,661.44919,41562314.3962026
2026-08-14 16:00:00,62990.94,63215.58,62966.86,63133.48,566.22185,35733550.1064056,123968,332.29768,20969542.7767792
2026-08-14 17:00:00,63133.49,63247.05,63000.0,63013.69,454.05828,28671468.1179652,112128,259.43027,16384563.6832082
2026-08-14 18:00:00,63013.7,63088.21,62894.85,62930.01,367.77038,23167722.8615254,98207,203.55574,12823357.5814202
2026-08-14 19:00:00,62930.01,62996.0,62830.0,62968.05,394.98545,24850234.3586066,92795,241.53283,15196383.72406
2026-08-14 20:00:00,62968.06,63020.74,62896.85,62907.59,359.43765,22634655.2776673,50731,161.11764,10143796.3967631
2026-08-14 21:00:00,62907.59,62937.22,62873.25,62928.49,179.646,11300403.3387208,44956,91.85827,5778352.6337414
2026-08-14 22:00:00,62928.49,62957.28,62800.0,62886.88,226.57205,14243570.7356824,48343,108.63368,6828905.6971708
2026-08-14 23:00:00,62886.87,63066.13,62865.03,63043.56,329.09114,20718679.8645926,51429,229.36939,14439618.0326936
2026-08-15 00:00:00,63043.56,63059.5,62992.91,63019.88,208.64233,13148086.9207625,32855,108.62571,6845012.0273748
2026-08-15 01:00:00,63019.89,63051.78,62993.57,63045.13,485.23532,30581587.8806827,24028,239.33695,15084064.0345698
2026-08-15 02:00:00,63045.14,63134.82,63035.95,63134.41,243.54429,15361695.2136226,27897,164.16356,10354250.9376896
2026-08-15 03:00:00,63134.41,63187.98,63039.99,63051.25,184.46775,11637579.71953,25606,59.96156,3783259.4834001
2026-08-15 04:00:00,63051.25,63151.65,63051.25,63122.0,172.30243,10872104.4702182,15288,119.00681,7508387.1808247
2026-08-15 05:00:00,63122.01,63155.76,63039.99,63089.0,213.28052,13454468.2395521,18478,136.91231,8635718.3691241
2026-08-15 06:00:00,63089.0,63134.84,63027.89,63114.68,373.75318,23572234.6976363,23100,157.66585,9944249.062039
2026-08-15 07:00:00,63114.68,63134.83,63042.0,63075.43,688.73174,43454604.6655034,36468,386.4608,24383154.4742936
2026-08-15 08:00:00,63075.43,63085.8,62933.71,62935.72,177.99645,11219751.9858583,20855,84.25998,5313276.0390645
2026-08-15 09:00:00,62935.72,63045.83,62920.0,63030.38,183.99371,11589045.0613501,22230,133.27109,8394649.3610487
2026-08-15 10:00:00,63030.39,63051.74,63002.12,63046.1,79.58111,5015947.1910993,15132,40.95784,2581565.4682626
2026-08-15 11:00:00,63046.1,63054.69,62996.85,63022.01,175.71191,11074437.5569234,17915,66.73737,4206094.1886134
2026-08-15 12:00:00,63022.01,63055.36,62946.58,63050.13,109.73402,6912186.925504,18296,42.12095,2653150.3951033
2026-08-15 13:00:00,63050.12,63080.88,63028.11,63060.35,132.2968,8341373.298008,27293,76.59221,4829217.3014508
2026-08-15 14:00:00,63060.34,63060.35,62996.77,63040.0,244.03751,15383663.5352572,18588,106.13824,6690832.8695706
2026-08-15 15:00:00,63040.01,63120.09,63032.0,63100.55,214.37562,13522645.125954,24069,153.65535,9692244.8205099
2026-08-15 16:00:00,63100.55,63124.99,63066.73,63096.63,202.83972,12797516.6580401,28765,143.1142,9028868.7754759
2026-08-15 17:00:00,63096.62,63100.69,63066.21,63070.5,96.56413,6091143.8460376,13868,47.80332,3015156.3707638
2026-08-15 18:00:00,63070.49,63115.58,63044.37,63057.58,294.79086,18589365.6045765,24314,210.40207,13267617.8526955
2026-08-15 19:00:00,63057.58,63127.4,63057.57,63126.08,516.06271,32562056.10397,38007,411.38463,25957138.8624312
2026-08-15 20:00:00,63126.07,63126.08,63076.96,63103.29,55.31906,3490364.9289379,14889,28.52719,1799730.9177766
2026-08-15 21:00:00,63103.29,63168.95,63103.29,63159.04,170.99952,10797644.341043,24950,105.64609,6671001.1100768
2026-08-15 22:00:00,63159.04,63175.0,63135.52,63135.52,95.56932,6035519.5985618,15284,48.76913,3079854.1619848
2026-08-15 23:00:00,63135.52,63139.96,63086.0,63086.01,85.33037,5385608.7892546,12138,39.0069,2461975.4366016
2026-08-16 00:00:00,63086.01,63086.01,63061.47,63085.82,94.57372,5965050.7481427,12824,51.08367,3222009.9590049
2026-08-16 01:00:00,63085.81,63085.82,63012.0,63084.78,180.55557,11386072.7108226,20465,112.49079,7093977.7913495
2026-08-16 02:00:00,63084.78,63151.59,63024.22,63121.91,245.34897,15485992.8128988,26865,105.20919,6639901.8529175
2026-08-16 03:00:00,63121.92,63130.01,63115.61,63130.0,105.94774,6687744.6223924,8652,46.09161,2909418.8042208
2026-08-16 04:00:00,63130.01,63158.8,63090.0,63090.01,130.32114,8227242.1216323,15922,71.44233,4510339.9309265
2026-08-16 05:00:00,63090.0,63094.0,63040.0,63069.43,235.12057,14827069.3553254,13694,100.37387,6329163.8642327
2026-08-16 06:00:00,63069.43,63083.79,63043.21,63069.31,280.31849,17677279.5012898,14141,149.5137,9428251.2924163
2026-08-16 07:00:00,63069.32,63069.32,63054.34,63061.02,146.93998,9266033.3943758,9244,75.35366,4751752.3604556
2026-08-16 08:00:00,63061.03,63079.76,63061.02,63072.42,108.9221,6869491.7310611,6828,72.38107,4564818.9739321
2026-08-16 09:00:00,63072.43,63072.43,62968.45,62992.69,290.93169,18336992.6044376,17494,150.65501,9494412.3231807
2026-08-16 10:00:00,62992.68,63013.62,62968.45,63008.57,133.29459,8396031.0712226,16512,89.41751,5631934.9332714
2026-08-16 11:00:00,63008.56,63013.66,62981.93,63013.66,213.61707,13457010.0124867,19833,131.13513,8260664.867325
2026-08-16 12:00:00,63013.66,63025.42,62997.77,63021.98,78.74312,4961802.4783914,12065,44.12561,2780450.9187163
2026-08-16 13:00:00,63021.99,63070.05,63021.98,63060.01,146.76198,9255031.0783505,14107,84.95573,5357174.9082176
2026-08-16 14:00:00,63060.01,63102.86,63060.0,63102.85,159.23473,10045109.2866785,21068,87.00191,5488342.2965946
2026-08-16 15:00:00,63102.86,63146.4,63102.86,63146.39,173.3934,10945395.5401183,22199,83.4853,5269946.2238113
2026-08-16 16:00:00,63146.39,63390.0,63137.35,63260.01,394.04188,24931182.2987266,66967,202.69531,12824082.5126435
2026-08-16 17:00:00,63260.0,63276.61,63120.22,63159.3,190.81967,12058822.330182,30109,75.73955,4786184.3659266
2026-08-16 18:00:00,63159.31,63173.71,63120.0,63140.06,89.92171,5678772.8182372,16699,40.97404,2587603.5431833
2026-08-16 19:00:00,63140.05,63230.0,63100.89,63108.81,186.2917,11768388.5718101,33299,113.27619,7156082.9778835
2026-08-16 20:00:00,63108.8,63140.0,63027.6,63067.79,122.98382,7758206.7063879,27453,65.68412,4143086.3352002
2026-08-16 21:00:00,63067.79,63085.15,62754.0,62929.61,328.59983,20680626.5512585,71458,155.77806,9805116.7898407
2026-08-16 22:00:00,62929.61,62954.0,62716.0,62913.7,453.8874,28517846.7525418,88387,248.60061,15621572.2214431
2026-08-16 23:00:00,62913.7,62993.77,62830.0,62900.0,246.66048,15514853.4563609,54009,140.57158,8841538.223272
2026-08-17 00:00:00,62900.0,62956.0,62751.1,62917.54,577.24276,36285545.3759106,88478,255.32693,16048792.0839281
2026-08-17 01:00:00,62917.54,63246.91,62896.0,63116.12,495.52019,31281504.6898124,144653,281.76915,17784814.4181394
2026-08-17 02:00:00,63116.12,63500.0,63037.09,63403.34,459.80516,29100745.9723818,107734,250.6033,15860433.8775212
2026-08-17 03:00:00,63403.33,63520.0,63339.78,63429.21,637.65934,40420208.7373607,58474,298.93357,18950254.6582688
2026-08-17 04:00:00,63429.21,63580.0,63429.21,63532.44,714.19197,45352804.0466627,53738,381.55973,24228653.0816686
2026-08-17 05:00:00,63532.43,63594.76,63446.59,63520.18,770.70619,48950194.8484805,44253,347.99792,22100483.643745
2026-08-17 06:00:00,63520.18,63717.17,63477.95,63667.99,312.69187,19888108.1301013,60567,146.54017,9320329.6644919
2026-08-17 07:00:00,63668.0,63668.0,63500.0,63514.45,696.41924,44260624.8792419,54190,254.76354,16190458.576224
2026-08-17 08:00:00,63514.45,63545.08,63350.0,63380.84,520.36494,33011742.7485317,43940,282.85448,17943218.8064745
2026-08-17 09:00:00,63380.83,63428.0,63295.0,63323.96,311.26926,19719661.4228022,39221,183.60794,11632080.5269487
2026-08-17 10:00:00,63323.97,63694.26,63300.25,63692.21,683.00101,43379286.4676379,83251,400.27783,25416191.8901025
2026-08-17 11:00:00,63692.2,63781.69,63587.05,63631.1,428.28018,27269809.4728239,64642,178.86329,11388789.9505114
2026-08-17 12:00:00,63631.11,63680.0,63533.06,63554.69,405.66003,25799382.3568982,79468,172.31084,10958881.6265054
2026-08-17 13:00:00,63554.7,63799.64,63444.17,63672.36,585.29579,37244441.1744052,145130,289.0495,18396208.8771245
2026-08-17 14:00:00,63672.37,63904.76,63588.0,63902.63,583.47166,37167087.1828025,134653,330.61487,21063898.2754094
2026-08-17 15:00:00,63902.63,64227.27,63812.35,64200.0,1356.1435,86813936.5242353,165509,676.50987,43310391.8448888
2026-08-17 16:00:00,64200.0,64216.42,64058.0,64115.76,671.84426,43078867.3081009,99868,282.93479,18141294.8546494
2026-08-17 17:00:00,64115.76,64425.0,63979.3,64325.99,1418.9831,91141125.1697661,201229,801.03085,51448256.0559382
2026-08-17 18:00:00,64325.99,64610.01,64280.49,64428.87,1040.45275,67057803.9728537,156434,590.7855,38077816.0449201
2026-08-17 19:00:00,64428.88,64428.88,64288.35,64309.96,452.68874,29136181.0149093,83501,203.14939,13074666.8234535
2026-08-17 20:00:00,64309.95,64434.0,64266.0,64392.73,244.13801,15710189.8257586,61012,118.5969,7630697.359468
2026-08-17 21:00:00,64392.72,64434.76,64296.0,64382.02,218.14648,14042003.0630484,47226,96.53972,6213863.0656539
2026-08-17 22:00:00,64382.02,64416.0,64283.49,64291.25,321.62233,20687265.3660606,39837,188.1001,12098016.0513043
2026-08-17 23:00:00,64291.26,64578.0,64288.24,64532.1,350.04837,22567531.3179363,54248,174.1908,11229531.1373024
2026-08-18 00:00:00,64532.11,64568.46,64367.27,64383.71,332.9031,21454054.5674351,60012,146.54079,9442756.2132012
2026-08-18 01:00:00,64383.72,64387.71,64156.0,64200.06,378.48537,24336175.6100804,63601,190.53167,12252877.3490213
2026-08-18 02:00:00,64200.06,64272.0,64048.0,64103.22,442.34864,28379212.169073,76898,187.88031,12052621.9592697
2026-08-18 03:00:00,64103.22,64195.45,64047.73,64185.01,577.49413,37033375.9885773,45547,328.25737,21050861.2142623
2026-08-18 04:00:00,64185.0,64250.69,64090.0,64210.32,739.25374,47446813.495354,41974,368.67829,23662811.1207743
2026-08-18 05:00:00,64210.33,64276.0,64140.0,64242.76,1323.90812,85022459.1821722,70644,697.01088,44760239.5219442
2026-08-18 06:00:00,64242.76,64446.0,64170.0,64318.03,694.7657,44682782.4833493,80450,305.35445,19636314.3093125
2026-08-18 07:00:00,64318.03,64350.0,64164.0,64198.97,394.05527,25320600.2096438,60261,148.85564,9564257.7426343
2026-08-18 08:00:00,64198.97,64336.0,64087.98,64296.02,402.40674,25846827.5909569,66718,183.34539,11776125.667484
2026-08-18 09:00:00,64296.01,64296.01,64140.0,64171.95,269.49893,17299989.7022372,45561,90.57435,5813818.6633582
2026-08-18 10:00:00,64171.95,64216.0,64123.42,64202.8,219.75251,14102515.0034364,35892,97.35214,6247692.3665957
2026-08-18 11:00:00,64202.81,64402.35,64192.42,64351.19,310.52659,19977742.4380697,48834,160.74723,10340291.5519422
2026-08-18 12:00:00,64351.18,64355.64,64218.45,64230.02,236.94493,15231843.003111,40301,106.20542,6827293.3405374
2026-08-18 13:00:00,64230.02,64284.0,64027.85,64219.99,1179.78725,75678917.7461021,126163,595.3798,38190395.7895668
2026-08-18 14:00:00,64219.99,65058.81,64219.99,64714.16,1757.31459,113790684.5210639,251794,1085.36158,70288098.9734564
2026-08-18 15:00:00,64714.16,64888.0,64652.0,64855.06,513.17463,33252775.0524924,123676,228.34888,14796033.8459549
2026-08-18 16:00:00,64855.06,64891.81,64675.5,64840.0,419.07089,27151200.7937423,76505,176.3823,11428016.0853083
2026-08-18 17:00:00,64840.0,64840.01,64670.02,64670.02,400.18777,25919257.9579065,60838,155.6478,10080715.993608
2026-08-18 18:00:00,64670.02,64822.0,64656.0,64772.0,219.3896,14206272.972937,35455,116.2689,7528250.1274737
2026-08-18 19:00:00,64771.99,64796.0,64642.36,64643.26,185.09854,11978365.3669026,38499,68.98168,4463718.7144816
2026-08-18 20:00:00,64643.27,64654.87,64568.0,64582.39,191.92081,12401073.6221091,44252,70.67045,4566354.5041945
2026-08-18 21:00:00,64582.38,64653.97,64571.48,64604.58,187.67225,12124743.9003159,40680,60.18888,3888456.1092668
2026-08-18 22:00:00,64604.58,64648.0,64562.25,64634.0,200.09422,12927083.1123808,37209,92.86291,5999385.4846929
2026-08-18 23:00:00,64634.0,64780.0,64631.15,64725.42,213.8588,13840563.3399726,36255,97.82201,6330741.9847113
2026-08-19 00:00:00,64725.42,64736.27,64488.0,64488.0,247.80518,16009811.6193631,68139,105.08919,6789187.7207435
2026-08-19 01:00:00,64488.0,64551.47,64389.27,64400.48,314.2814,20261820.1355884,75477,184.17169,11875012.6903368
2026-08-19 02:00:00,64400.47,64414.65,64350.0,64351.9,547.93834,35282299.56928,54869,267.44222,17220530.664122
2026-08-19 03:00:00,64351.86,64414.0,64278.0,64330.71,258.70445,16645879.6844174,59844,139.59508,8982380.2920369
2026-08-19 04:00:00,64330.7,64391.8,64293.43,64316.22,402.06932,25874122.9668575,36820,190.81226,12278598.9600383
2026-08-19 05:00:00,64316.22,64409.93,64236.0,64236.01,258.31718,16619607.4459793,39791,103.37039,6651121.438301
2026-08-19 06:00:00,64236.01,64344.0,64166.0,64339.8,531.39508,34151339.3971854,60116,294.43973,18922041.1899794
2026-08-19 07:00:00,64339.8,64395.78,64271.78,64296.0,630.66386,40576794.0278462,48190,348.62425,22429447.1980771
2026-08-19 08:00:00,64296.01,64510.95,64255.0,64413.95,381.23164,24535506.8052736,49947,149.99439,9656602.4091473
2026-08-19 09:00:00,64413.95,64470.66,64360.7,64427.06,228.1951,14697556.3041385,37034,104.20858,6711485.7864028
2026-08-19 10:00:00,64427.07,64456.71,64373.24,64456.71,262.84871,16929996.004405,27343,80.88625,5209751.644968
2026-08-19 11:00:00,64456.71,64539.05,64454.99,64515.63,286.02228,18448140.0060186,36462,149.21185,9623766.1800718
2026-08-19 12:00:00,64515.62,64988.0,64474.86,64882.15,785.09851,50852075.4299214,116151,460.69216,29834832.3551887
2026-08-19 13:00:00,64882.15,65217.86,64793.29,65012.12,1619.46727,105299099.6223,246571,870.12193,56584764.9150013
2026-08-19 14:00:00,65012.12,65970.0,65012.11,65923.21,2365.56793,154967720.436037,301443,1347.50612,88268633.3934472
2026-08-19 15:00:00,65923.21,69500.0,65892.0,68554.0,9262.86965,628407752.0128759,912256,5403.48536,366517302.30386734
2026-08-19 16:00:00,68554.0,68997.0,68416.36,68465.27,2013.58518,138290006.6106879,293998,1091.87285,74988989.1745268
2026-08-19 17:00:00,68465.26,68546.22,67825.03,68197.29,1708.46485,116455445.9220912,233345,827.32457,56407870.3615791
2026-08-19 18:00:00,68197.3,68453.43,68042.0,68395.99,626.01288,42733132.0011138,158947,306.4765,20921125.4661312
2026-08-19 19:00:00,68396.0,68483.52,68103.71,68429.44,730.52396,49910933.393436,166995,374.32549,25571161.2292036
2026-08-19 20:00:00,68429.44,69579.99,68390.0,69048.06,1419.23549,97892936.5261991,240223,760.74984,52469215.1402134
2026-08-19 21:00:00,69048.06,70000.0,68984.78,69709.46,2102.52662,146332047.8758616,480774,1143.88502,79648196.1283449
2026-08-19 22:00:00,69709.47,69833.99,68980.0,69258.9,1240.65644,86005605.7501374,246594,542.06606,37576722.5775535
2026-08-19 23:00:00,69258.9,69453.88,69160.0,69334.79,830.81844,57589509.5461766,169267,400.51349,27760529.3386591
2026-08-20 00:00:00,69334.78,69793.21,69314.01,69420.0,1392.50902,96866466.4539808,233807,832.55501,57905527.8397781
2026-08-20 01:00:00,69420.0,69894.5,69283.25,69721.92,864.23959,60085856.0883239,166324,484.97145,33718949.6409396
2026-08-20 02:00:00,69721.92,69824.0,69268.0,69301.27,929.59108,64652716.9064179,172766,403.14172,28030612.9346547
2026-08-20 03:00:00,69301.27,69340.0,68902.22,69195.64,941.77624,65081589.9201069,179308,480.77265,33224904.8440819
2026-08-20 04:00:00,69195.64,69599.01,69166.0,69492.01,712.36152,49401587.6595727,127113,404.43052,28046319.1894901
2026-08-20 05:00:00,69492.0,69668.0,69349.16,69406.54,1261.47615,87669940.5241434,171545,485.51103,33747030.9145834
2026-08-20 06:00:00,69406.53,69927.97,69336.97,69851.99,1346.47743,93621817.0442268,191879,600.01128,41739262.9409115
2026-08-20 07:00:00,69851.99,70022.0,69506.91,69816.45,2107.14536,146891333.7318324,202651,966.79775,67444176.586396
2026-08-20 08:00:00,69816.45,71826.26,69772.36,71592.1,4173.84476,296911673.0665926,552363,2403.67496,170897704.0633688
2026-08-20 09:00:00,71592.11,72067.46,71500.0,71789.97,3166.23325,227549216.28248128,352397,1656.88514,119076411.7234325
2026-08-20 10:00:00,71789.97,72490.0,71686.58,71995.99,2350.9646,169321447.4888428,335431,1102.45826,79429954.050435
2026-08-20 11:00:00,71995.99,72322.0,71820.0,71927.07,1357.58479,97800539.6704673,291099,652.27144,46985855.4771555
2026-08-20 12:00:00,71927.07,72015.42,71501.0,71952.04,1576.86402,113174119.9941104,318664,803.45966,57678346.2392925
2026-08-20 13:00:00,71952.04,72108.8,71132.0,71691.99,2151.9086,154276127.4384819,445326,1203.61262,86282659.6206723
2026-08-20 14:00:00,71692.0,71990.09,71364.01,71826.85,1441.04171,103275705.7283342,377125,716.3138,51342363.5733881
2026-08-20 15:00:00,71826.85,72830.0,71789.01,72470.83,2926.7352,211659318.3578908,544525,1528.68679,110559764.7105776
2026-08-20 16:00:00,72470.84,72905.0,72205.88,72837.15,1324.40386,96013122.5828815,300259,642.62938,46596130.3081512
2026-08-20 17:00:00,72837.15,72966.0,72534.71,72737.5,1268.41951,92289080.419805,265124,597.34794,43462479.4806775
2026-08-20 18:00:00,72737.51,72810.0,72394.0,72431.36,968.00662,70245199.5616184,208116,404.23396,29335672.624114
2026-08-20 19:00:00,72431.35,72774.0,72330.0,72690.76,818.65084,59423050.3676285,177706,378.71128,27489338.6312086
2026-08-20 20:00:00,72690.76,73110.7,72594.0,72671.75,871.61952,63461619.2748197,179194,429.06632,31250586.3376783
2026-08-20 21:00:00,72671.76,72848.0,72557.0,72741.81,501.87504,36487574.4423001,116602,228.90547,16644774.4760225
2026-08-20 22:00:00,72741.81,72878.0,72498.0,72676.22,520.26326,37818021.9182135,133840,230.20853,16732838.1403557
2026-08-20 23:00:00,72676.23,73400.0,72664.56,73025.15,930.8009,68076582.6869105,205950,508.28437,37175076.6437805
2026-08-21 00:00:00,73027.02,73990.0,73027.02,73708.02,1919.94005,141359048.8183606,415897,1079.36584,79458102.6045145
2026-08-21 01:00:00,73707.82,75785.82,73668.0,75129.23,3173.32947,237448499.98108688,567499,1838.39576,137535715.8855973
2026-08-21 02:00:00,75129.23,75197.08,74384.63,74439.74,1716.15486,128330588.2943813,372549,850.29649,63590223.9872823
2026-08-21 03:00:00,74439.75,74882.24,74247.46,74510.77,1039.80072,77514842.41097,226091,573.37944,42745300.3225238
2026-08-21 04:00:00,74510.77,75054.46,74510.77,75026.0,825.51685,61831670.1603508,172179,473.02852,35426252.3022029
2026-08-21 05:00:00,75026.0,75500.0,74918.79,75472.73,1138.68225,85706156.1433862,255057,624.0799,46971731.23571
2026-08-21 06:00:00,75472.73,75753.0,75104.0,75646.21,1382.10073,104284430.3688208,284122,824.57832,62218240.8678434
2026-08-21 07:00:00,75646.2,76916.95,75620.0,76308.65,3775.56433,288359838.3839714,521797,1770.27766,135166080.832848
2026-08-21 08:00:00,76308.66,79500.0,76235.76,79258.03,4366.47306,339791607.4346667,663625,2435.79366,189604972.7217854
2026-08-21 09:00:00,79258.02,79363.79,77251.0,77910.71,4167.07817,324751286.53562087,773764,1950.46557,151988784.7458174
2026-08-21 10:00:00,77910.71,78250.0,77621.8,77810.02,1604.18384,124987199.5105098,346231,718.37167,55969338.0832056
2026-08-21 11:00:00,77810.01,77855.78,76411.38,76722.32,2387.74046,184026154.165431,497903,993.99957,76627367.0576874
2026-08-21 12:00:00,76722.31,77477.24,76538.0,77223.66,2680.17653,206142613.74877727,426271,1410.19522,108497336.3842153
2026-08-21 13:00:00,77223.66,77700.0,76243.04,77266.87,2022.51306,155827344.8624896,614968,992.85213,76503454.0774337
2026-08-21 14:00:00,77266.88,77448.26,76552.74,77384.68,1855.76373,142941412.2458436,451822,935.55174,72062404.7979917
2026-08-21 15:00:00,77384.69,77871.33,77170.0,77221.98,1316.36575,102078381.9714861,304276,622.78557,48297263.934086
2026-08-21 16:00:00,77221.98,77563.53,76784.81,77486.01,1368.21973,105683139.5094406,319757,825.87591,63810535.2393155
2026-08-21 17:00:00,77486.01,77722.12,77189.95,77392.68,1099.33856,85187052.9504192,226156,642.51051,49792590.9924612
2026-08-21 18:00:00,77392.69,77550.0,76643.72,77146.0,1247.39698,96232145.7126281,224946,648.62697,50046382.3998783
2026-08-21 19:00:00,77145.99,77360.0,76856.2,77028.94,1151.33799,88812935.8733211,204987,602.74148,46503095.4140983
2026-08-21 20:00:00,77028.94,77548.99,76863.56,77520.19,905.49008,70041077.5154669,211082,546.19964,42254804.8266574
2026-08-21 21:00:00,77520.19,78675.1,77388.0,78505.15,1351.97974,105609427.3424527,340607,761.76604,59489497.6735908
2026-08-21 22:00:00,78505.14,78760.68,78081.8,78460.14,1022.8221,80281726.1148803,291342,502.18726,39423430.5911241
2026-08-21 23:00:00,78460.13,78720.0,78100.26,78338.03,821.59664,64444179.978599,216016,410.55174,32205819.353713
2026-08-22 00:00:00,78338.03,78500.0,77683.37,77953.3,822.10615,64083796.0140128,287777,426.51762,33245814.6480109
2026-08-22 01:00:00,77953.3,78234.0,77816.66,77830.01,612.96043,47828185.185472,195187,298.96679,23326014.2120679
2026-08-22 02:00:00,77830.01,78563.83,77791.19,78470.0,965.16893,75604220.8363409,196380,545.01711,42693136.8223004
2026-08-22 03:00:00,78470.0,78828.15,78372.0,78410.98,734.8031,57752136.6296189,178441,385.37128,30288056.2852275
2026-08-22 04:00:00,78410.98,78818.0,78207.61,78470.0,738.35305,57978509.7010819,200119,367.96776,28895022.8976934
2026-08-22 05:00:00,78470.0,78584.0,76500.0,77380.75,3816.352,294638146.6768021,546223,1747.60636,134894095.6450518
2026-08-22 06:00:00,77380.75,77572.16,76985.14,77486.09,838.31259,64819334.5003853,177941,447.16988,34577996.4009634
2026-08-22 07:00:00,77486.09,77669.28,77220.0,77289.18,634.34953,49114237.0346176,181595,326.26264,25262962.643906
2026-08-22 08:00:00,77289.18,77445.6,77037.42,77210.55,870.47609,67219390.6503647,173301,484.41449,37410873.9615547
2026-08-22 09:00:00,77210.55,77395.04,76851.25,77061.99,1089.30988,84063258.8487514,198606,679.30108,52433203.2114313
2026-08-22 10:00:00,77062.0,77187.46,76533.87,76976.0,1058.83574,81389927.232728,237123,496.38726,38155416.2755585
2026-08-22 11:00:00,76976.01,77204.68,76772.05,77130.02,729.38003,56166000.7212625,160718,401.78416,30938431.6169585
2026-08-22 12:00:00,77130.01,77387.99,77073.86,77300.27,529.84412,40946898.3605933,126274,259.94973,20084676.9336159
2026-08-22 13:00:00,77300.27,77362.03,77116.0,77288.62,471.5874,36409464.2001131,85644,258.95527,19994513.3336229
2026-08-22 14:00:00,77288.62,77305.14,76930.0,77003.62,534.05012,41146872.1721956,130334,242.9446,18717114.5549165
2026-08-22 15:00:00,77003.62,77100.77,76880.0,76978.83,465.28762,35828797.8756854,115065,197.00506,15170343.1099348
2026-08-22 16:00:00,76978.83,77547.96,76956.36,77288.01,537.52059,41516776.1188996,124396,278.30595,21496944.1430135
2026-08-22 17:00:00,77288.01,77369.99,77066.66,77278.01,367.89271,28421643.185658,95143,212.24407,16397863.6686023
2026-08-22 18:00:00,77278.01,77360.92,77138.0,77257.86,246.33381,19033031.349178,73576,118.16695,9129848.4587135
2026-08-22 19:00:00,77257.87,77469.64,77206.53,77418.25,260.41653,20138677.4021409,60303,172.53794,13342530.7582907
2026-08-22 20:00:00,77418.26,77467.53,77258.0,77311.69,351.69043,27205439.9358058,72436,188.96911,14617541.4710478
2026-08-22 21:00:00,77311.69,77311.69,76828.78,76856.01,472.54194,36402789.7588424,137618,189.0019,14561098.4429553
2026-08-22 22:00:00,76856.0,77155.46,76772.0,76997.76,933.98314,71949835.7326977,131298,523.926,40354766.8459619
2026-08-22 23:00:00,76997.77,77126.53,76900.0,77074.93,442.95254,34111018.4739902,64547,164.41925,12662293.9576971
2026-08-23 00:00:00,77074.94,77359.53,77042.91,77302.65,422.64795,32648849.5127581,109912,266.03595,20553209.5491401
2026-08-23 01:00:00,77302.65,77400.0,77158.0,77190.29,315.9346,24407493.7211364,99628,162.23708,12533997.7955312
2026-08-23 02:00:00,77190.29,77232.55,77005.88,77079.46,272.44621,21013707.2842128,94964,146.13855,11271373.5483612
2026-08-23 03:00:00,77079.46,77136.78,76837.0,76927.87,542.03792,41725684.5074581,99139,261.51914,20129094.4805161
2026-08-23 04:00:00,76927.87,77036.58,76477.04,76602.0,1142.31377,87705035.7675436,197382,590.19243,45325643.7357679
2026-08-23 05:00:00,76602.0,76730.99,75545.67,76053.37,2021.52468,153929395.1598681,376404,923.02334,70296564.2047696
2026-08-23 06:00:00,76053.38,76357.51,75872.89,76096.95,788.44492,60039394.7352928,186071,391.38029,29805752.3593229
2026-08-23 07:00:00,76096.96,76345.31,75907.82,76007.13,498.42122,37946853.3763294,113634,266.86174,20318954.7527383
2026-08-23 08:00:00,76007.12,76654.78,75952.09,76486.49,773.49224,59004835.6960149,128052,423.71781,32322589.6239523
2026-08-23 09:00:00,76486.49,76640.21,76467.0,76549.98,346.37256,26517357.7842167,92750,201.40871,15419487.9180124
2026-08-23 10:00:00,76549.99,76924.29,76542.0,76790.35,533.71157,40970225.8023398,133177,317.02425,24333484.3235752
2026-08-23 11:00:00,76790.35,77400.0,76744.94,77311.02,784.82342,60567967.1720712,193660,470.99708,36349813.2236236
2026-08-23 12:00:00,77311.02,77311.99,76975.63,77206.0,446.59889,34433933.7959175,91798,185.47516,14304715.7003949
2026-08-23 13:00:00,77206.01,77765.8,77192.21,77487.62,955.92825,74074515.5381856,191113,582.43543,45130581.111005
2026-08-23 14:00:00,77487.62,77640.58,76802.0,77186.0,1015.68445,78472584.5996213,236133,507.38808,39206924.1496458
2026-08-23 15:00:00,77186.0,77336.93,76913.49,77156.13,562.15936,43388526.1175379,159001,311.75623,24068645.059459
2026-08-23 16:00:00,77156.14,77475.0,77156.13,77429.88,303.2396,23451198.7789773,101127,177.58749,13734486.9192491
2026-08-23 17:00:00,77429.87,77443.95,77148.2,77176.41,396.15987,30608324.7651687,104111,178.30146,13776382.4327267
2026-08-23 18:00:00,77176.41,77415.33,77116.0,77341.98,670.17194,51790230.6938779,123034,457.60025,35364508.3212502
2026-08-23 19:00:00,77341.99,77487.04,77255.99,77346.01,294.93858,22813128.5059621,77409,130.01534,10058035.8481628
2026-08-23 20:00:00,77346.0,77460.0,77200.03,77401.6,169.97755,13147091.8113694,60051,101.79594,7873389.2800313
2026-08-23 21:00:00,77401.59,78052.85,77401.59,77833.23,861.63202,67044331.2950678,249568,535.79479,41693590.9377774
2026-08-23 22:00:00,77833.23,77979.0,77560.02,77598.88,587.36494,45636593.3223218,218333,293.55114,22808227.1281484
2026-08-23 23:00:00,77598.87,77829.7,77290.22,77734.0,661.20534,51291016.3161837,191378,325.11263,25222505.8325901
2026-08-24 00:00:00,77734.0,77742.0,77142.85,77679.5,630.62998,48851129.8795872,225504,333.1658,25809376.4213386
2026-08-24 01:00:00,77679.51,77717.28,76918.0,76922.1,853.47221,65959784.1160132,241642,312.89265,24181507.590023
2026-08-24 02:00:00,76922.11,77545.08,76883.61,77478.69,732.4439,56619184.6262944,223553,438.45438,33895722.7540565
2026-08-24 03:00:00,77478.7,77532.37,76933.0,76933.02,1447.49069,111687368.8001079,189531,384.36723,29655288.8478028
2026-08-24 04:00:00,76933.02,77247.12,76670.01,76897.44,1191.36747,91739705.7558609,172199,467.63851,36002387.0404283
2026-08-24 05:00:00,76897.44,77226.93,76842.72,77149.4,884.51745,68147832.1102698,188711,450.16346,34683316.2839906
2026-08-24 06:00:00,77149.39,77525.09,77071.0,77464.33,745.9839,57682422.63992,166666,507.36653,39234960.5852776
2026-08-24 07:00:00,77464.33,77790.19,77281.68,77307.15,681.33125,52810659.341508,159221,353.54854,27408924.7882315
2026-08-24 08:00:00,77307.14,77414.88,76838.0,77041.47,921.46444,71034785.6831845,157690,414.97625,31988943.7019177
2026-08-24 09:00:00,77041.46,77602.8,77028.0,77554.08,523.00977,40466601.677122,124679,322.92403,24985337.9824062
2026-08-24 10:00:00,77554.08,78017.0,77534.09,77617.22,1113.08488,86588346.7195708,186426,606.09738,47158014.3637504
2026-08-24 11:00:00,77617.23,78600.0,77450.0,78443.65,1324.46087,103547367.5882721,308662,783.69019,61265896.0206787
2026-08-24 12:00:00,78443.65,79326.48,77982.0,79159.99,1858.84351,146260745.1975264,401178,1098.44274,86428936.880784
2026-08-24 13:00:00,79159.98,79450.0,77851.9,78597.99,3300.58408,260022026.4544514,652189,1665.02126,131209328.0914739
2026-08-24 14:00:00,78597.99,79841.12,78597.99,79510.92,3230.14333,256271068.1894472,660428,1922.43212,152517293.6441013
2026-08-24 15:00:00,79510.93,80000.0,78824.78,79100.01,3666.17565,291552107.8968778,542942,1444.31918,114975269.4363674
2026-08-24 16:00:00,79100.01,79877.87,78901.1,79047.6,1877.28842,148990985.6199141,386751,859.24788,68226001.5332813
2026-08-24 17:00:00,79047.61,79198.0,78468.61,78761.14,1637.93002,129039279.4959225,420980,684.65106,53929072.771196
2026-08-24 18:00:00,78761.14,79084.22,78718.01,78928.35,783.83103,61876885.3701577,259731,462.57237,36517349.5925589
2026-08-24 19:00:00,78928.35,79118.42,78600.0,78758.0,1063.06502,83800960.7510937,221601,598.20032,47150330.6204733
2026-08-24 20:00:00,78757.99,78996.0,78560.0,78932.33,421.20967,33179294.0472709,141274,226.26505,17823622.4324348
2026-08-24 21:00:00,78932.33,79049.4,78853.43,78984.23,302.47665,23886504.4847471,78351,136.18181,10753743.5638731
2026-08-24 22:00:00,78984.23,78988.0,78692.0,78740.0,351.77026,27731006.4136195,105796,197.9453,15603031.2256934
2026-08-24 23:00:00,78740.0,79017.76,78622.13,78992.75,636.71946,50214791.4441099,118704,363.43144,28672421.7105843
2026-08-25 00:00:00,78992.76,79888.0,78715.63,79739.99,1133.49463,89834223.995557,371759,634.04468,50256706.9474371
2026-08-25 01:00:00,79739.99,79985.41,79478.0,79828.0,1067.23419,85119607.8600986,321899,534.96141,42668581.9712383
2026-08-25 02:00:00,79828.0,81272.62,79742.0,80649.63,3314.90532,267330675.4500555,556413,1931.55262,155738720.8845787
2026-08-25 03:00:00,80649.62,80956.0,80314.31,80488.01,1359.49076,109715709.7779998,317743,626.35235,50548551.9021337
2026-08-25 04:00:00,80488.01,80608.0,80150.0,80363.73,898.81211,72209008.3292984,245577,477.44393,38353726.1314395
2026-08-25 05:00:00,80363.74,80821.53,80322.0,80731.9,994.03992,80160737.1769619,213246,560.11103,45163365.2934581
2026-08-25 06:00:00,80731.9,80923.69,80420.0,80574.09,745.39881,60146317.5093145,173092,424.14008,34223890.7999291
2026-08-25 07:00:00,80574.09,80819.67,79369.17,79705.79,1307.68383,104800865.5756174,228617,599.58852,48070969.7327822
2026-08-25 08:00:00,79705.79,80249.0,79622.0,79930.77,788.31559,63045654.989184,210953,418.81942,33494972.501434
2026-08-25 09:00:00,79930.76,79958.0,78888.0,79187.2,1475.2851,117334438.3497655,296448,608.55281,48390639.7029719
2026-08-25 10:00:00,79187.2,79484.01,78992.0,79309.63,836.94668,66363504.4454018,211282,368.18052,29190950.6342808
2026-08-25 11:00:00,79309.63,79463.59,79044.18,79117.99,617.29432,48904938.3519271,202400,329.25635,26085170.630764
2026-08-25 12:00:00,79118.0,79171.88,78640.0,78980.0,1007.3407,79480933.32968,334380,419.82325,33129946.6983324
2026-08-25 13:00:00,78980.01,79222.0,78120.74,78647.99,1734.1222,136508936.0712811,474098,773.98228,60969826.5443913
2026-08-25 14:00:00,78648.0,79386.94,78531.55,79235.99,1216.06528,96163900.5313091,416847,660.39149,52220819.058323
2026-08-25 15:00:00,79236.0,79527.09,79020.04,79502.01,794.08262,62969457.1234839,258208,468.63248,37165066.859333
2026-08-25 16:00:00,79502.01,79563.71,79067.72,79156.02,676.1787,53614531.3960304,190786,324.24113,25702490.7237433
2026-08-25 17:00:00,79156.02,79256.08,78752.06,79240.01,747.28203,59056059.9322955,184548,468.72945,37045497.4614824
2026-08-25 18:00:00,79240.02,79380.0,79048.44,79128.0,469.50082,37196535.5183813,120528,271.62983,21519192.2595505
2026-08-25 19:00:00,79128.01,79233.57,78728.35,78925.95,702.86873,55501396.2535998,153843,364.96246,28820652.0905166
2026-08-25 20:00:00,78925.96,78976.0,78165.27,78206.13,777.55096,61060251.7330536,249022,282.80558,22216259.457776
2026-08-25 21:00:00,78206.14,78664.0,77851.0,78570.0,840.88883,65807214.8588979,282674,335.00073,26225995.285179
2026-08-25 22:00:00,78569.99,79000.0,78569.99,78889.51,577.33833,45504667.9585691,165429,357.70407,28194228.2714162
2026-08-25 23:00:00,78889.51,78977.49,78396.88,78539.14,690.39348,54340963.7568344,180410,392.52607,30897953.0122036
2026-08-26 00:00:00,78539.13,78721.48,78312.0,78631.79,680.65038,53433045.1424283,247766,385.57778,30272844.3721049
2026-08-26 01:00:00,78631.7,78960.0,78607.29,78815.13,572.39774,45105670.927672,168124,323.18718,25466522.1467739
2026-08-26 02:00:00,78815.13,79251.6,78748.56,79108.0,505.52805,39959522.9585548,155111,317.81514,25121403.2028106
2026-08-26 03:00:00,79108.01,79184.0,78900.0,79088.62,453.50631,35851259.5259866,104987,283.03897,22376688.7271978
2026-08-26 04:00:00,79088.61,79200.0,78790.68,78826.0,482.93427,38153194.825046,139395,248.3879,19624690.7082213
2026-08-26 05:00:00,78826.0,79143.62,78638.0,79085.98,515.23689,40669940.9266282,159065,316.28243,24964998.5786432
2026-08-26 06:00:00,79085.98,79206.0,78816.0,78947.92,459.3577,36276505.2811082,138853,239.46062,18912675.8326956
2026-08-26 07:00:00,78947.92,79096.0,78867.0,78925.56,516.24118,40773752.5470063,133538,276.51082,21838634.3290886
2026-08-26 08:00:00,78925.57,79119.37,78600.0,78707.59,995.42693,78538158.4962905,176225,282.74175,22314411.651791
2026-08-26 09:00:00,78707.59,78877.02,78244.83,78444.49,553.36821,43450154.3990895,186883,235.00152,18458064.6290992
2026-08-26 10:00:00,78444.5,78879.75,78291.09,78727.45,367.28381,28870549.8051215,151535,194.83731,15317196.5667346
2026-08-26 11:00:00,78727.46,78782.0,78317.0,78487.26,413.44093,32467808.9018965,144198,199.88935,15698362.5209286
2026-08-26 12:00:00,78487.26,78713.79,77918.25,78319.59,1022.94925,80126099.0453954,270220,470.75449,36882408.7279908
2026-08-26 13:00:00,78319.58,78554.0,77913.19,78448.66,943.22287,73800842.8667847,360394,436.08626,34128227.8767857
2026-08-26 14:00:00,78448.66,78603.41,77774.0,77790.48,1051.14695,82136106.3456808,320531,433.93689,33936808.7347081
2026-08-26 15:00:00,77790.48,78167.26,77632.58,78011.65,712.24119,55494172.8618462,238396,356.94528,27814682.8153169
2026-08-26 16:00:00,78011.64,78161.73,77858.0,77991.3,600.54786,46858312.9486844,165923,316.08281,24663148.2945479
2026-08-26 17:00:00,77991.29,78603.0,77991.29,78442.83,585.12324,45853184.7150591,162916,308.18009,24150473.8998136
2026-08-26 18:00:00,78442.84,78650.26,78280.01,78472.41,337.24489,26466240.389945,124570,164.82939,12935120.7271204
2026-08-26 19:00:00,78472.41,78572.0,78292.0,78475.49,466.85134,36621232.7097478,109473,267.17741,20958730.89997
2026-08-26 20:00:00,78475.49,78521.7,78200.0,78452.04,322.22426,25261198.9981886,97769,179.41229,14065252.9039594
2026-08-26 21:00:00,78452.04,78845.06,78392.19,78724.01,428.48439,33716144.9452141,162670,236.115,18579053.5267649
2026-08-26 22:00:00,78724.0,78975.85,78554.0,78700.0,931.26213,73316447.1794233,177288,450.85342,35488170.7300585
2026-08-26 23:00:00,78700.0,79174.12,78654.0,79023.75,697.0881,55036509.1364407,188697,376.16814,29697911.6964244
2026-08-27 00:00:00,79023.75,79028.49,78690.01,78690.01,527.82725,41623333.1800261,143223,276.48523,21801237.7913522
2026-08-27 01:00:00,78690.02,79017.99,78546.13,78898.67,520.71745,41009933.219678,177349,195.56998,15407765.5258481
2026-08-27 02:00:00,78898.68,78978.0,78704.62,78717.76,429.02181,33792927.4221554,112974,103.7905,8178870.0178097
2026-08-27 03:00:00,78717.76,78990.0,78643.23,78830.68,357.29079,28153241.9322289,117813,138.0677,10882914.1954679
2026-08-27 04:00:00,78830.68,78900.0,78684.18,78783.99,181.61392,14309854.1860129,91731,77.98245,6143894.6366298
2026-08-27 05:00:00,78783.99,78928.0,78600.0,78912.55,297.32854,23409213.4660011,92406,109.8449,8650138.4037037
2026-08-27 06:00:00,78912.54,78912.55,78604.78,78817.49,399.15003,31421828.5559551,109896,180.91549,14240468.5314112
2026-08-27 07:00:00,78817.5,79095.99,78754.0,79082.17,345.94116,27291199.0694968,90907,157.59858,12433665.0365096
2026-08-27 08:00:00,79082.18,80022.0,79048.0,79755.99,1705.62217,135896227.1269469,358346,884.24818,70443267.4044735
2026-08-27 09:00:00,79756.0,80520.0,79683.09,79986.0,1131.87984,90693075.6164478,309104,505.85634,40543886.9191842
2026-08-27 10:00:00,79986.0,80158.15,79342.0,79626.0,684.67175,54584954.7492795,257610,278.50705,22203660.0660731
2026-08-27 11:00:00,79625.99,79766.3,79172.65,79477.67,621.11446,49375138.5187734,199214,282.5508,22466242.4772253
2026-08-27 12:00:00,79477.66,79596.0,79266.0,79282.31,505.96518,40179728.2055449,207952,227.37949,18056048.837228
2026-08-27 13:00:00,79282.31,79568.0,78920.0,79533.15,1143.32188,90621849.9647169,417403,481.10835,38135157.9044812
2026-08-27 14:00:00,79533.16,80388.0,79354.47,80204.05,1464.1918,116997231.8360018,506222,702.27287,56111672.5537956
2026-08-27 15:00:00,80204.06,80799.91,80094.0,80302.32,1415.34964,113895603.2442265,465136,684.4066,55076996.5051975
2026-08-27 16:00:00,80302.32,80624.0,80189.39,80374.0,957.98058,77046613.1901441,300825,396.09147,31856748.8468317
2026-08-27 17:00:00,80374.0,80848.74,80230.0,80442.46,973.76075,78514145.6144835,266455,428.7885,34574472.331369
2026-08-27 18:00:00,80442.47,80442.47,79749.7,80150.69,662.82544,53060183.7033412,190313,294.95062,23608285.77422
2026-08-27 19:00:00,80150.69,80294.11,79886.0,79910.19,514.60852,41211931.8147642,116971,237.64322,19031852.0794536
2026-08-27 20:00:00,79910.19,80120.0,79882.86,80096.0,282.87253,22629535.2381122,98189,141.90755,11352149.0746197
2026-08-27 21:00:00,80096.0,80184.0,79975.74,80184.0,278.41542,22293872.9034422,85989,112.14464,8979664.242724
2026-08-27 22:00:00,80184.0,80432.36,80150.0,80303.21,534.24073,42882233.1678386,113662,283.61881,22764257.913972
2026-08-27 23:00:00,80303.21,80393.6,80134.0,80249.58,329.82531,26476519.5478606,102595,176.77115,14190761.6957137
2026-08-28 00:00:00,80249.59,80705.37,80153.99,80576.0,516.59696,41529124.0429174,158955,292.40267,23506213.9297283
2026-08-28 01:00:00,80575.99,81478.87,80434.15,80500.38,1463.05089,118472216.9955537,336893,822.76071,66629305.541642
2026-08-28 02:00:00,80500.38,80500.38,79723.02,79926.11,1190.20509,95301649.7733679,283107,511.68045,40963491.4289771
2026-08-28 03:00:00,79926.11,80060.01,79775.61,79810.49,530.69453,42406424.1591113,135164,252.16982,20146775.9266934
2026-08-28 04:00:00,79810.48,79970.5,79603.81,79643.81,562.86792,44900561.0172619,130968,316.49923,25252227.5538296
2026-08-28 05:00:00,79643.8,79872.6,79558.11,79686.0,326.58104,26025090.22424,109319,156.91806,12506675.9867274
2026-08-28 06:00:00,79686.0,79999.0,79685.99,79904.21,359.1323,28686566.8232217,137101,187.59997,14985274.8681856
2026-08-28 07:00:00,79904.21,79904.21,79573.36,79660.0,1018.10642,81126215.9537584,143015,241.25446,19221637.9131866
2026-08-28 08:00:00,79660.0,79840.0,79480.0,79516.78,526.20796,41943337.2368406,119763,235.7211,18796904.4731488
2026-08-28 09:00:00,79516.77,79516.78,79259.43,79285.19,541.74443,42996339.9890582,124282,283.24118,22482369.7948923
2026-08-28 10:00:00,79285.19,79571.99,79001.01,79565.89,548.77151,43482645.1831792,129610,278.04255,22037183.1915582
2026-08-28 11:00:00,79565.9,79770.29,79555.22,79604.13,394.07937,31391715.1290831,96837,163.12457,12994111.8270574
2026-08-28 12:00:00,79604.12,79727.36,79306.11,79421.05,400.05317,31801379.6783511,113842,172.31828,13699285.0375819
2026-08-28 13:00:00,79421.04,79635.01,79034.56,79330.75,843.2247,66877783.0056364,217173,461.17816,36584174.9876642
2026-08-28 14:00:00,79330.34,79706.64,78423.03,79542.44,2930.13002,231632508.5884494,630673,1392.18807,110138064.1287239
2026-08-28 15:00:00,79542.44,79838.73,78312.64,78331.13,1255.01594,99196388.195836,307203,600.0394,47463476.2278741
2026-08-28 16:00:00,78331.13,78404.0,76888.0,77788.46,2955.61638,229617149.194759,661307,1335.49859,103754417.6215149
2026-08-28 17:00:00,77788.45,78131.86,77642.78,77904.0,722.76014,56273827.7336849,254944,352.46987,27444898.77299
2026-08-28 18:00:00,77904.0,77935.5,77270.0,77554.0,575.36359,44617320.7190801,186420,238.76721,18513797.9381251
2026-08-28 19:00:00,77554.0,77797.35,77376.0,77580.03,501.052,38888067.8633988,167896,240.59738,18677052.2851362
2026-08-28 20:00:00,77580.03,77609.83,77310.24,77407.34,264.10726,20461720.3560632,119611,118.59606,9188001.1599275
2026-08-28 21:00:00,77407.34,77537.33,77255.69,77364.0,392.38715,30371849.8381204,98500,169.82544,13145027.8324877
2026-08-28 22:00:00,77364.0,77773.2,77342.0,77758.69,339.14252,26322577.5380041,96411,213.33791,16562424.2680279
2026-08-28 23:00:00,77758.69,77846.72,77640.74,77845.87,599.54517,46605143.0399638,63163,264.17857,20535646.6053762
2026-08-29 00:00:00,77845.88,77963.92,77722.0,77733.63,321.80979,25044555.3211872,83797,164.85814,12830962.7036592
2026-08-29 01:00:00,77733.63,77849.29,77631.28,77794.11,235.06968,18275809.9943395,70824,110.79332,8615791.643669
2026-08-29 02:00:00,77794.11,77829.72,77584.53,77671.18,367.62079,28549355.9981819,82768,169.09058,13130834.6499873
2026-08-29 03:00:00,77671.18,77731.43,77507.16,77507.17,238.89187,18548329.0497146,92320,103.55766,8041283.0217432
2026-08-29 04:00:00,77507.17,77678.67,77507.17,77648.91,229.90598,17844069.2769507,71140,104.75521,8130037.1737477
2026-08-29 05:00:00,77648.91,77716.12,77604.06,77632.53,195.32253,15170676.3341825,55572,107.49272,8349195.4852351
2026-08-29 06:00:00,77632.52,77632.53,77382.37,77466.82,305.02922,23629366.1681888,58379,137.154,10624122.5422508
2026-08-29 07:00:00,77466.83,77672.0,77438.01,77626.01,933.89852,72475362.6852092,95716,477.76825,37075780.0009667
2026-08-29 08:00:00,77626.01,77634.0,77487.73,77633.99,281.67849,21845925.0965108,56485,159.14473,12341644.5928448
2026-08-29 09:00:00,77634.0,77754.23,77566.01,77650.03,212.52791,16503770.4074124,45036,95.02491,7379302.5477298
2026-08-29 10:00:00,77650.02,77732.0,77526.0,77635.17,228.16206,17717885.8376737,48040,126.04868,9787566.3242298
2026-08-29 11:00:00,77635.17,77724.99,77573.32,77584.67,269.60514,20930580.7821991,42626,153.61847,11924501.9652346
2026-08-29 12:00:00,77584.66,77657.99,77506.63,77583.74,316.37633,24546251.4350871,46809,215.65037,16731797.4318536
2026-08-29 13:00:00,77583.74,77722.0,77559.45,77704.32,195.58499,15189189.7606076,46094,73.43337,5702638.6467998
2026-08-29 14:00:00,77704.32,78150.0,77663.83,78014.37,456.42164,35546019.5651539,101035,287.76562,22415388.084231
2026-08-29 15:00:00,78014.37,78014.37,77806.9,77865.36,314.87544,24531865.2277434,82597,169.03662,13168684.1795123
2026-08-29 16:00:00,77865.36,78130.43,77858.29,78027.17,330.48346,25775696.511505,90610,159.61053,12448656.6084475
2026-08-29 17:00:00,78027.17,78100.0,77896.0,78100.0,210.10626,16393221.3307777,64164,108.48902,8465319.544957
2026-08-29 18:00:00,78099.99,78250.0,78018.02,78158.01,252.93546,19762803.4166617,63302,142.19542,11109841.2122522
2026-08-29 19:00:00,78158.01,78330.0,78138.87,78182.0,231.34566,18101311.5653473,61519,115.78928,9059810.9930982
2026-08-29 20:00:00,78181.99,78298.0,78117.95,78129.92,132.29288,10344245.0568532,43422,63.60239,4973384.7158995
2026-08-29 21:00:00,78129.92,78198.0,78062.0,78161.63,132.03751,10315284.6881125,47059,66.003,5156425.2832085
2026-08-29 22:00:00,78161.62,78239.4,78086.0,78228.34,298.22816,23310723.845831,33251,119.45309,9336347.6808129
2026-08-29 23:00:00,78228.33,78283.7,78190.0,78230.0,326.0928,25515685.4931469,37321,164.56125,12876856.8393221
2026-08-30 00:00:00,78230.0,78330.0,78147.17,78179.86,185.20224,14486529.7152652,55627,89.18648,6976550.4422595
2026-08-30 01:00:00,78179.86,78190.0,77994.02,78081.5,257.05271,20066684.7905717,59042,116.30232,9078617.7660642
2026-08-30 02:00:00,78081.49,78178.02,78014.74,78106.01,119.64466,9343393.4165773,45798,58.39949,4560378.1104477
2026-08-30 03:00:00,78106.0,78233.7,78065.99,78144.68,254.40453,19878537.2482579,49034,165.11753,12902332.3327471
2026-08-30 04:00:00,78144.68,78220.0,77990.0,78109.75,215.53426,16832328.5540141,42000,104.12096,8131989.2856884
2026-08-30 05:00:00,78109.74,78214.0,78109.74,78127.71,161.29313,12605166.6661934,24796,81.30708,6354118.4917258
2026-08-30 06:00:00,78127.72,78310.71,78106.07,78280.34,208.68022,16321247.0738326,41446,140.4713,10986808.8962349
2026-08-30 07:00:00,78280.34,78291.27,78118.0,78118.0,137.5055,10751032.1586507,24639,61.45122,4804403.5419621
2026-08-30 08:00:00,78118.0,78207.22,78034.0,78074.01,143.67594,11224795.307815,41261,66.63939,5206052.8596403
2026-08-30 09:00:00,78074.01,78118.87,77986.0,78000.01,165.26795,12897144.5234652,43715,62.43516,4872563.0849905
2026-08-30 10:00:00,78000.01,78145.29,77962.49,78145.29,168.30514,13137638.4940704,40508,87.61223,6838866.3032194
2026-08-30 11:00:00,78145.29,78242.0,78117.11,78166.0,172.04094,13449042.9722711,45439,81.34751,6359040.1969565
2026-08-30 12:00:00,78165.99,78850.81,78165.99,78785.06,814.10982,63968836.7460474,168381,444.15199,34898161.3159802
2026-08-30 13:00:00,78785.06,78966.76,78590.14,78860.0,488.8202,38512958.5562107,122217,228.1681,17978009.5113304
2026-08-30 14:00:00,78860.01,78945.94,78722.0,78783.71,439.32977,34639082.708062,90956,196.72738,15510133.7154298
2026-08-30 15:00:00,78783.7,78912.94,78626.0,78823.63,553.82108,43625230.3141036,123696,252.6981,19905722.2531284
2026-08-30 16:00:00,78823.62,79400.0,78750.0,79337.93,667.56388,52807026.2975209,227923,364.53661,28835546.8378038
2026-08-30 17:00:00,79337.93,79337.93,78774.85,79021.02,460.72685,36409326.8676528,156639,192.00166,15171903.8075118
2026-08-30 18:00:00,79021.02,79181.99,78776.0,79036.69,293.7787,23199034.4512113,102898,148.62857,11736253.4624733
2026-08-30 19:00:00,79036.68,79041.96,78721.98,78856.39,232.19118,18323014.7523472,73674,93.88394,7408654.3188551
2026-08-30 20:00:00,78856.39,78931.49,78438.23,78597.33,294.2134,23159701.8692137,104648,128.52156,10120310.2948237
2026-08-30 21:00:00,78597.32,78733.77,78229.82,78653.0,461.41088,36219144.856615,143728,205.34082,16123380.6317228
2026-08-30 22:00:00,78653.0,78804.0,78280.0,78422.01,390.42367,30647854.0977401,180929,171.75436,13484326.9825536
2026-08-30 23:00:00,78422.01,78454.0,77000.0,77682.0,1800.4274,140001787.1267555,395928,773.53993,60188742.9029618
2026-08-31 00:00:00,77682.0,78185.89,77436.4,77937.04,711.43379,55360956.3400755,231415,364.76246,28391430.3666394
2026-08-31 01:00:00,77937.03,77993.03,77565.08,77640.94,567.26058,44099982.3646601,239052,255.01238,19826232.5668129
2026-08-31 02:00:00,77640.93,78000.0,77392.0,77473.99,573.39934,44571951.9356617,173143,345.41556,26857082.3274404
2026-08-31 03:00:00,77474.0,77872.0,77394.0,77756.71,278.92536,21668121.1728681,118748,152.93235,11880039.0456708
2026-08-31 04:00:00,77756.7,77769.11,77458.83,77622.28,550.02773,42657623.1153372,121607,310.6392,24088535.3246439
2026-08-31 05:00:00,77622.29,78156.78,77514.0,78016.0,511.92091,39886514.1354307,189845,304.7978,23747983.4424593
2026-08-31 06:00:00,78016.01,78156.77,77864.16,78093.87,968.0221,75553014.3465281,161967,459.01655,35826120.2806981
2026-08-31 07:00:00,78093.88,78322.56,78034.01,78196.01,716.03378,55972072.0159872,159758,329.23211,25736451.995413
2026-08-31 08:00:00,78196.01,78521.89,77982.0,78480.8,782.74546,61270278.002399,198166,492.12493,38536295.1205398
2026-08-31 09:00:00,78480.79,78802.0,78396.35,78511.03,624.76686,49126113.8183345,187043,307.37441,24167280.7757276
2026-08-31 10:00:00,78511.03,78732.0,78316.91,78710.01,576.71834,45275075.8061868,140563,356.70789,28004532.1894341
2026-08-31 11:00:00,78710.02,78710.02,78302.0,78315.43,482.35572,37865204.1414614,117644,192.88418,15142107.5654814
2026-08-31 12:00:00,78315.43,78543.86,77675.04,77930.39,816.61258,63787889.7336572,266690,320.42336,25029255.1644794
2026-08-31 13:00:00,77930.4,78282.0,77716.75,77867.39,1083.2716,84481767.1887306,401876,522.83505,40777748.4238262
2026-08-31 14:00:00,77867.39,78686.94,77746.6,78600.14,1368.66274,107089319.4381169,378195,806.57194,63132005.2937558
2026-08-31 15:00:00,78601.93,78777.9,78212.3,78580.42,1119.65651,87907139.5197274,269808,630.74683,49518667.0714091
2026-08-31 16:00:00,78580.43,78884.48,78524.0,78639.57,576.26452,45336123.1350797,187411,296.00316,23289460.8196621
2026-08-31 17:00:00,78639.57,79019.86,78494.0,78897.36,604.69852,47632868.2810797,180507,365.15982,28767017.5399701
2026-08-31 18:00:00,78897.35,79212.0,78779.24,79016.0,473.51591,37412001.4350109,155159,263.58814,20825128.9963528
2026-08-31 19:00:00,79016.01,79250.0,78851.93,78898.06,423.46335,33483864.9391392,151293,209.67417,16578899.432698
2026-08-31 20:00:00,78898.06,79172.0,78784.32,78864.72,366.68341,28941395.7698767,94763,194.44178,15345150.467925
2026-08-31 21:00:00,78864.73,79071.12,78732.22,78964.32,404.71113,31939620.9428443,83010,239.11198,18870141.5375122
2026-08-31 22:00:00,78964.33,79015.83,78579.3,78593.15,346.21313,27269635.3033247,77678,205.00686,16146570.8373611
2026-08-31 23:00:00,78593.15,78593.61,78405.01,78581.29,376.54265,29569649.3559022,69396,226.17219,17760714.7717094
2026-09-01 00:00:00,78581.3,78900.01,78562.0,78652.0,522.70913,41160252.3008972,90560,336.2322,26474473.1573222
2026-09-01 01:00:00,78652.0,78797.99,78375.83,78410.62,440.9443,34636356.7048832,93552,237.71264,18673587.6303512
2026-09-01 02:00:00,78410.62,78457.55,78189.93,78449.99,524.89493,41109592.5149151,105652,291.37786,22820156.1321054
2026-09-01 03:00:00,78449.99,78874.0,78400.18,78679.01,542.2064,42665617.9388869,113731,201.80206,15870508.7307811
2026-09-01 04:00:00,78679.01,78915.09,78653.96,78727.11,444.12648,34968841.6106663,81525,252.22083,19857725.9225891
2026-09-01 05:00:00,78727.11,79220.61,78727.11,79179.99,546.96321,43215526.7897346,139563,367.6978,29046715.2902302
2026-09-01 06:00:00,79179.99,79179.99,78745.38,78745.39,464.70536,36677350.3853849,107181,280.39984,22128814.3694351
2026-09-01 07:00:00,78745.39,78806.0,78500.0,78632.37,405.713,31916443.8690697,113433,163.92095,12898584.1137608
2026-09-01 08:00:00,78632.37,78658.01,77820.0,77883.28,939.11065,73318923.4874396,285101,467.29323,36480576.759625
2026-09-01 09:00:00,77883.28,78062.24,77786.18,77915.0,951.34245,74131405.2839348,164648,658.2051,51292391.5507013
2026-09-01 10:00:00,77915.0,78196.0,77758.69,78029.67,423.94155,33064705.8298815,146353,212.4853,16573825.3622897
2026-09-01 11:00:00,78029.67,78202.52,77890.0,78098.97,337.44732,26336537.1819046,123215,177.94101,13888379.6833721
2026-09-01 12:00:00,78098.96,78156.0,77742.01,78004.0,474.45626,36989970.3106316,144497,212.33553,16553889.0354266
2026-09-01 13:00:00,78004.01,78202.0,77510.0,78071.99,1285.21254,100019632.1912717,328526,640.88379,49873470.5210047
2026-09-01 14:00:00,78072.0,78424.0,78052.0,78167.99,800.55583,62663911.1621942,231720,405.27556,31722389.1386307
2026-09-01 15:00:00,78168.0,78169.69,77727.61,77919.06,560.10608,43631741.2667367,165388,256.17459,19954287.1133156
2026-09-01 16:00:00,77919.07,77976.0,77318.0,77596.01,692.23833,53703500.8855215,195360,289.8627,22488436.9177977
2026-09-01 17:00:00,77596.01,77721.26,77241.12,77265.79,484.76204,37569508.8719595,133839,206.28247,15992423.9769401
2026-09-01 18:00:00,77265.79,77319.64,76420.0,77153.9,1485.89835,114250942.36735,308625,563.76262,43348758.6150315
2026-09-01 19:00:00,77153.89,77466.55,77112.0,77312.0,445.04268,34392130.6255045,153845,242.69299,18756541.6441987
2026-09-01 20:00:00,77312.0,77471.9,77236.48,77448.45,266.37627,20611023.1088106,104602,138.08612,10684246.0267745
2026-09-01 21:00:00,77448.46,77516.3,76920.36,77211.32,414.9871,32019439.5431477,144966,186.03385,14350021.1868481
2026-09-01 22:00:00,77211.32,77364.01,77030.0,77274.02,335.29844,25882223.1704231,95770,151.00211,11657774.9917355
2026-09-01 23:00:00,77274.02,77638.18,77218.0,77439.0,341.60079,26451699.2501798,91153,188.46396,14593580.3590887
2026-09-02 00:00:00,77439.01,77512.0,77132.0,77213.25,352.51719,27259232.4424659,102604,168.09409,12996908.599999
2026-09-02 01:00:00,77213.24,77372.0,76718.48,77020.68,661.59711,50993069.6100868,159137,303.28153,23378770.5493077
2026-09-02 02:00:00,77020.67,77343.74,76948.97,77329.2,437.17945,33741152.0188612,148395,270.60642,20886282.5886011
2026-09-02 03:00:00,77329.2,77792.0,77314.51,77563.5,618.37453,47965092.3021841,179529,357.51722,27731284.9343684
2026-09-02 04:00:00,77563.5,77612.84,77294.56,77561.82,299.9271,23234243.1437474,93055,167.18115,12950828.992861
2026-09-02 05:00:00,77561.82,77761.93,77438.0,77651.07,341.8285,26540903.4197318,114750,172.26874,13374683.0509196
2026-09-02 06:00:00,77651.08,77724.0,77462.0,77611.54,397.05137,30813549.5636101,106101,194.84751,15120950.888552
2026-09-02 07:00:00,77611.53,77765.99,77473.84,77473.85,515.9071,40029235.0722052,105104,241.78819,18760005.7385798
2026-09-02 08:00:00,77473.86,77546.0,76746.81,76854.11,705.11459,54393253.1673044,157280,353.33066,27249460.1848348
2026-09-02 09:00:00,76854.11,77049.4,76484.64,76752.26,1036.05232,79490076.2081728,198501,564.33657,43299201.2329128
2026-09-02 10:00:00,76752.26,76753.83,76264.0,76680.88,924.89427,70777656.1678783,165139,436.27318,33391894.7593044
2026-09-02 11:00:00,76680.88,76848.73,76356.0,76828.76,641.75915,49175296.1193464,169221,373.60001,28629866.431039
2026-09-02 12:00:00,76828.75,77049.4,76611.67,76613.88,581.91449,44705399.4619913,133844,310.10599,23828836.6476299
2026-09-02 13:00:00,76613.87,77443.61,76613.87,77146.0,812.83227,62582744.2960834,256420,456.03474,35113253.6864261
2026-09-02 14:00:00,77146.0,77490.0,77010.24,77066.42,555.40079,42896658.6781076,201789,288.32914,22272844.1254628
2026-09-02 15:00:00,77066.42,77386.0,76748.01,77288.98,824.93813,63589769.5446424,220698,352.07808,27141953.7163947
2026-09-02 16:00:00,77288.97,77582.0,77171.5,77171.5,1179.92404,91376850.0615902,165560,572.1254,44301149.0424212
2026-09-02 17:00:00,77171.51,77406.0,76950.56,77381.66,465.02159,35888319.904288,129111,254.84207,19665572.6891685
2026-09-02 18:00:00,77381.65,77524.0,77296.52,77377.76,374.99513,29028999.8869148,96880,156.26,12094658.442738
2026-09-02 19:00:00,77377.76,77416.0,77124.0,77341.47,289.4138,22362121.1198652,87259,134.12701,10363403.0204124
2026-09-02 20:00:00,77341.48,77520.0,77207.47,77406.01,382.13526,29576149.282717,95684,226.50911,17530840.072999
2026-09-02 21:00:00,77406.0,77431.78,77242.0,77284.0,291.06451,22508523.1601918,90854,116.91879,9040709.3785996
2026-09-02 22:00:00,77284.01,77284.01,77023.11,77034.03,188.20028,14511772.7917841,76920,90.3961,6970020.822737
2026-09-02 23:00:00,77034.03,77372.62,77007.36,77340.01,192.93523,14893045.1637532,58657,86.53126,6679914.0975399
2026-09-03 00:00:00,77340.01,77394.0,76980.01,77068.01,327.32527,25246388.2933049,92205,164.9479,12723473.744274
2026-09-03 01:00:00,77068.0,77546.8,76968.0,77356.7,533.28645,41252307.5052946,138834,306.71624,23722240.6708569
2026-09-03 02:00:00,77356.69,77900.0,77238.89,77816.01,563.52004,43743957.9204206,140123,338.33307,26265735.1703228
2026-09-03 03:00:00,77816.02,77880.0,77642.09,77708.0,385.93335,30008657.7000276,72216,178.99132,13917179.4055603
2026-09-03 04:00:00,77708.01,77833.1,77547.16,77776.0,336.15526,26114310.8206329,70635,160.13536,12439414.9642492
2026-09-03 05:00:00,77775.99,77829.8,77101.01,77809.91,617.52986,47867468.5713828,160539,327.77946,25411298.4735342
2026-09-03 06:00:00,77809.91,77856.16,77698.75,77835.19,408.13131,31739177.7571001,80580,232.35987,18070723.206757
2026-09-03 07:00:00,77835.2,78183.91,77600.0,77663.15,696.21966,54266550.8457112,165170,392.92812,30625367.9766795
2026-09-03 08:00:00,77663.14,78066.0,77663.14,77843.34,363.22912,28295515.0033759,126495,182.17587,14191118.6846241
2026-09-03 09:00:00,77843.34,77975.46,77608.0,77615.24,341.00857,26518544.2481724,121647,183.2475,14251458.4713807
2026-09-03 10:00:00,77615.25,77773.26,77478.0,77735.88,406.3926,31537803.0368202,127753,220.50401,17111293.7892113
2026-09-03 11:00:00,77735.88,78004.94,77709.52,77948.39,396.769,30904556.6573276,138937,216.39992,16855218.9928086
2026-09-03 12:00:00,77948.39,78782.75,77896.07,78652.38,979.94222,76741938.5922532,237253,590.82503,46273313.5531067
2026-09-03 13:00:00,78652.37,79000.0,78450.25,78840.52,1052.74377,82875868.4486465,263867,511.29123,40257778.8000343
2026-09-03 14:00:00,78840.52,80561.0,78704.0,80549.97,2513.5082,200372259.4937502,489059,1560.4523,124390746.1492823
2026-09-03 15:00:00,80549.97,81370.33,80354.65,81348.0,3056.18534,246896380.12521407,470728,1741.69826,140704298.2616738
2026-09-03 16:00:00,81348.0,81360.0,80613.52,80969.37,1239.78575,100310005.7563306,286152,592.66244,47946282.3832374
2026-09-03 17:00:00,80969.37,81188.17,80886.0,81042.0,875.49534,70963938.6806197,175257,444.82291,36055644.701212
2026-09-03 18:00:00,81042.0,81333.33,80904.0,81254.32,595.62382,48315186.128556,140651,249.34767,20227113.6443804
2026-09-03 19:00:00,81254.31,81790.0,81171.98,81755.41,1102.96623,89904177.8060657,212360,569.09371,46389067.0267511
2026-09-03 20:00:00,81755.41,81780.0,81392.74,81473.0,601.53572,49030070.3409274,170081,292.62238,23851204.8744971
2026-09-03 21:00:00,81473.0,82300.0,81288.0,81590.0,1292.57121,105713630.4657992,271260,847.8079,69368680.2126796
2026-09-03 22:00:00,81590.0,81604.65,80905.05,81140.0,712.57205,57885175.627107,188149,336.19266,27311309.5042178
2026-09-03 23:00:00,81140.0,81338.0,81078.0,81270.37,407.99233,33135210.022325,120694,200.01954,16245042.8222678
2026-09-04 00:00:00,81270.37,81427.75,80960.0,80972.12,643.20132,52223184.0837529,142119,298.15775,24206039.2073631
2026-09-04 01:00:00,80972.11,81097.92,80759.52,80968.01,505.56595,40907970.7716056,131593,247.43832,20024464.3685579
2026-09-04 02:00:00,80968.01,80968.01,80669.45,80831.99,433.77504,35039220.5104657,80848,155.25388,12541780.7529999
2026-09-04 03:00:00,80832.0,81021.8,80806.0,80850.0,523.81704,42378467.8606538,79313,351.58007,28443763.7114469
2026-09-04 04:00:00,80850.01,81288.0,80820.0,81070.54,602.46481,48855186.954864,99403,361.13471,29280496.7103684
2026-09-04 05:00:00,81070.54,81143.3,80863.03,80996.15,593.73244,48092884.4106208,88487,345.03898,27947067.9074484
2026-09-04 06:00:00,80996.15,81090.0,80573.21,80797.39,435.61525,35210813.082539,90837,204.75934,16556123.6173704
2026-09-04 07:00:00,80797.4,80966.75,80641.65,80656.87,705.83482,57031148.8391697,122842,246.77533,19946356.750301
2026-09-04 08:00:00,80656.86,81237.0,80502.87,81147.16,754.04554,61064292.3849136,156567,400.77611,32455875.2706716
2026-09-04 09:00:00,81147.16,81310.0,80934.24,81056.63,968.87345,78600433.194725,165263,538.44361,43681138.1489978
2026-09-04 10:00:00,81056.63,81194.0,80831.14,81179.63,483.39639,39154493.2928287,112533,242.00295,19601989.2564501
2026-09-04 11:00:00,81179.64,81423.03,81080.01,81224.86,512.44736,41630838.1417084,114902,270.38074,21964899.3225543
2026-09-04 12:00:00,81224.86,81350.0,79177.77,79453.96,3691.19669,295282454.869799,497181,1497.15543,119781258.3781509
2026-09-04 13:00:00,79453.95,79704.0,79000.0,79378.67,1927.84184,152990738.384072,420756,890.55014,70672909.2652579
2026-09-04 14:00:00,79378.66,79572.0,78660.0,78915.71,1816.73349,143787875.4831352,368177,823.68013,65195877.378211
2026-09-04 15:00:00,78915.71,79555.32,78800.0,79429.33,942.77981,74749564.084494,153236,540.59499,42853642.393024
2026-09-04 16:00:00,79429.33,79877.07,79378.19,79745.73,1059.83504,84422369.70462,146157,542.34324,43193124.9712014
2026-09-04 17:00:00,79745.72,79752.92,79383.0,79472.22,392.51492,31238161.8602861,94348,164.99009,13130376.9835052
2026-09-04 18:00:00,79472.22,79655.86,79472.22,79618.15,263.34116,20957583.0169371,61975,115.79654,9215259.7387923
2026-09-04 19:00:00,79618.15,79819.99,79618.14,79793.34,391.97239,31252743.585146,67612,214.73828,17121242.5049712
2026-09-04 20:00:00,79793.35,79862.15,79667.99,79697.04,252.17194,20115253.2634717,56258,127.83459,10197307.9737376
2026-09-04 21:00:00,79697.03,79819.3,79512.0,79624.0,645.54178,51471300.6374238,80909,347.99386,27742969.2999445
2026-09-04 22:00:00,79624.0,79716.0,79604.0,79636.09,498.99738,39753854.8764415,49729,267.69523,21324869.4257172
2026-09-04 23:00:00,79636.09,79758.0,79600.89,79660.77,152.92964,12182459.1908721,36855,87.24518,6949944.1874932
2026-09-05 00:00:00,79660.77,79721.57,79562.0,79573.36,179.53978,14298523.9525756,49108,73.95008,5889471.4606614
2026-09-05 01:00:00,79573.37,79710.0,79533.34,79533.34,251.27651,20008220.7006594,57685,119.72812,9533295.880132
2026-09-05 02:00:00,79533.34,79622.0,79472.22,79569.09,226.54938,18022299.2277444,47171,126.10239,10031359.9267227
2026-09-05 03:00:00,79569.09,79630.74,79510.93,79582.0,222.17902,17683584.811017,39488,115.99001,9231953.9159517
2026-09-05 04:00:00,79581.99,79589.84,79500.0,79500.01,283.95874,22587408.8240581,31702,112.58614,8955180.603191
2026-09-05 05:00:00,79500.01,79600.01,79442.0,79577.53,486.56078,38693694.0067023,38996,223.57064,17779589.6087467
2026-09-05 06:00:00,79577.53,79715.72,79576.0,79644.01,255.76484,20369489.2117527,37438,154.10683,12273039.7094715
2026-09-05 07:00:00,79644.01,79763.41,79639.22,79709.96,273.27755,21782261.7218054,38976,169.19107,13485250.3059859
2026-09-05 08:00:00,79709.96,79727.95,79568.0,79650.0,377.92884,30097204.4913764,49058,168.13998,13390225.1067354
2026-09-05 09:00:00,79650.01,79735.97,79612.0,79631.28,391.22508,31173423.3495513,42403,136.65149,10888805.3499525
2026-09-05 10:00:00,79631.29,79664.0,79593.92,79618.01,324.09358,25806378.6722506,48678,127.55993,10156836.0617422
2026-09-05 11:00:00,79618.0,79674.33,79608.0,79609.28,224.00252,17839676.2642961,37745,113.95351,9075218.3983789
2026-09-05 12:00:00,79609.29,79774.0,79609.28,79704.14,350.25887,27916538.7122925,48453,197.59434,15748941.3599124
2026-09-05 13:00:00,79704.13,79762.0,79545.96,79613.67,488.89817,38953067.3771972,64938,234.6678,18698462.1657218
2026-09-05 14:00:00,79613.67,79756.32,79613.67,79719.76,292.28201,23299226.7410057,47013,175.13017,13960057.7875855
2026-09-05 15:00:00,79719.75,79816.0,79678.62,79806.01,383.76927,30602148.2421271,41440,211.57504,16872139.3465638
2026-09-05 16:00:00,79806.0,80200.0,79754.0,80042.0,716.52557,57276507.6030958,95798,371.98143,29736908.9291856
2026-09-05 17:00:00,80041.99,80162.29,79973.85,80058.6,894.70031,71625567.1937666,134524,309.87664,24809051.3402394
2026-09-05 18:00:00,80058.6,80078.0,79930.0,79999.98,332.81067,26628394.3650158,60189,120.76731,9661300.4551671
2026-09-05 19:00:00,79999.99,79999.99,79712.86,79754.0,243.22911,19422533.0441348,59828,114.73568,9162602.6103266
2026-09-05 20:00:00,79753.99,79840.25,79694.0,79737.83,651.64016,51973748.1068499,70284,265.87148,21203930.1180165
2026-09-05 21:00:00,79737.83,79938.0,79724.87,79906.02,164.28133,13116656.8596278,44415,85.76395,6847517.6746314
2026-09-05 22:00:00,79906.02,79947.99,79749.41,79783.99,517.56847,41300931.2679058,45570,282.75987,22562881.4953612
2026-09-05 23:00:00,79783.99,79912.83,79706.04,79831.75,584.91964,46684615.420303,45150,243.02835,19394456.0970369
2026-09-06 00:00:00,79831.75,79940.68,79829.98,79868.0,147.80921,11809529.5929971,39506,73.45342,5868394.112137
2026-09-06 01:00:00,79868.01,80067.45,79868.01,79951.39,305.00919,24390800.4460475,66627,172.30719,13778563.0507455
2026-09-06 02:00:00,79951.38,80019.11,79876.0,79907.28,258.24501,20646581.3489607,46157,102.16378,8166553.4430692
2026-09-06 03:00:00,79907.28,80107.99,79893.86,80030.67,218.70434,17490241.8663763,69309,130.95836,10474253.3193764
