open_time,open,high,low,close,volume,quote_volume,trades,taker_buy_base,taker_buy_quote
2026-07-26 12:00:00,1885.87,1893.89,1885.68,1886.57,5314.2072,10039952.952593,57480,2781.9158,5255918.559093
2026-07-26 13:00:00,1886.57,1888.86,1881.61,1886.62,5619.0793,10596465.866934,47445,2365.7751,4461345.907905
2026-07-26 14:00:00,1886.62,1900.31,1886.61,1898.59,8707.353,16504968.896199,109570,4920.9088,9327204.031848
2026-07-26 15:00:00,1898.58,1917.82,1898.06,1914.63,14677.3578,28023922.006253,159880,8005.9769,15287102.02552
2026-07-26 16:00:00,1914.63,1928.08,1908.75,1916.2,15888.944,30495035.327422,151783,7771.2487,14919420.688456
2026-07-26 17:00:00,1916.19,1917.77,1910.8,1911.23,4119.5811,7885652.085688,64168,1678.5544,3213388.174498
2026-07-26 18:00:00,1911.23,1916.53,1911.05,1914.49,3715.1635,7108892.969888,40558,2102.5624,4023335.812369
2026-07-26 19:00:00,1914.49,1915.86,1912.09,1914.2,4682.416,8959367.761191,38745,2306.7466,4413607.773412
2026-07-26 20:00:00,1914.21,1914.56,1911.14,1913.8,2328.0884,4453700.671799,29098,1359.0243,2599868.479772
2026-07-26 21:00:00,1913.79,1930.0,1913.79,1925.91,8394.0362,16141500.165775,103198,4787.7314,9202769.869546
2026-07-26 22:00:00,1925.91,1953.03,1925.91,1949.81,23344.9293,45337022.814074,219536,13102.6613,25452499.298529
2026-07-26 23:00:00,1949.81,1967.36,1945.99,1954.72,25239.8549,49370721.238888,179614,13182.9366,25798401.415616
2026-07-27 00:00:00,1954.72,1955.42,1939.67,1942.54,10815.7364,21044288.8173,126215,4869.0314,9475233.30508
2026-07-27 01:00:00,1942.54,1948.46,1936.51,1948.2,8651.072,16815607.162238,124558,4119.7062,8009446.976289
2026-07-27 02:00:00,1948.2,1949.15,1941.48,1943.1,8333.0669,16216426.37265,69839,4468.8428,8696141.483713
2026-07-27 03:00:00,1943.09,1950.78,1942.42,1949.64,6458.3303,12568929.189071,41745,4065.7334,7912533.419574
2026-07-27 04:00:00,1949.65,1962.77,1948.54,1953.43,13061.709,25533890.212588,106815,8219.3948,16067610.314437
2026-07-27 05:00:00,1953.43,1970.43,1952.63,1965.65,15079.6006,29586446.794334,80096,8542.8677,16764254.32028
2026-07-27 06:00:00,1965.65,1981.24,1963.64,1968.45,25003.724,49307890.482437,183111,15002.4285,29591387.319561
2026-07-27 07:00:00,1968.45,1971.7,1960.86,1964.36,16580.0434,32615947.028064,107087,5887.2743,11583190.460639
2026-07-27 08:00:00,1964.37,1968.75,1961.81,1964.25,8606.9437,16920939.301746,92869,4246.2338,8347954.952154
2026-07-27 09:00:00,1964.25,1968.29,1956.87,1965.19,10222.2378,20057639.657099,85764,4862.9313,9544027.710703
2026-07-27 10:00:00,1965.19,1972.0,1963.8,1967.43,6133.2776,12067326.001721,56175,3539.0491,6963014.242735
2026-07-27 11:00:00,1967.42,1967.43,1958.11,1959.67,7353.3544,14431515.821154,73904,3553.7207,6975461.669222
2026-07-27 12:00:00,1959.67,1964.6,1943.0,1957.59,14137.4186,27609582.90478,117926,6969.9344,13615796.024339
2026-07-27 13:00:00,1957.6,1977.99,1950.95,1961.16,31081.0997,61050513.184173,323458,14226.6107,27959879.906522
2026-07-27 14:00:00,1961.18,1966.99,1919.09,1932.3,38196.3783,74081743.460564,384625,16445.9709,31890056.323567
2026-07-27 15:00:00,1932.3,1937.87,1924.83,1927.75,16079.6453,31039973.018949,224473,6260.4324,12088112.311749
2026-07-27 16:00:00,1927.74,1946.9,1922.65,1940.57,11388.9731,22049385.520953,127614,5820.8858,11272708.613947
2026-07-27 17:00:00,1940.57,1946.06,1935.1,1943.71,8370.8405,16256585.7934,110093,4520.7108,8781308.994122
2026-07-27 18:00:00,1943.72,1944.66,1929.2,1939.2,6892.7477,13345558.961171,80766,3299.1906,6386605.942767
2026-07-27 19:00:00,1939.21,1955.41,1937.75,1948.31,10768.3753,20982256.490968,113281,5775.8487,11253338.458859
2026-07-27 20:00:00,1948.32,1950.54,1943.69,1946.87,4740.1733,9227292.688373,65563,2180.904,4245471.915204
2026-07-27 21:00:00,1946.88,1950.1,1940.58,1941.9,13531.1577,26322906.157773,82385,6274.2304,12201093.818996
2026-07-27 22:00:00,1941.89,1941.9,1892.33,1893.6,26543.049,50829206.520007,193870,7874.7547,15084256.232382
2026-07-27 23:00:00,1893.61,1896.19,1882.49,1892.53,24422.5254,46150785.597242,223511,11376.4318,21502984.221091
2026-07-28 00:00:00,1892.53,1894.45,1877.02,1878.86,20791.773,39169303.943226,139585,10320.2799,19440522.041296
2026-07-28 01:00:00,1878.86,1882.77,1866.31,1875.9,14824.195,27791823.37232,149192,6754.0009,12666448.937782
2026-07-28 02:00:00,1875.9,1880.46,1872.35,1876.0,5895.0583,11062881.229049,62062,3326.7356,6244234.342201
2026-07-28 03:00:00,1876.01,1883.26,1873.11,1881.38,8483.7449,15943364.30382,72515,4273.2842,8030631.393112
2026-07-28 04:00:00,1881.37,1882.84,1876.48,1879.18,6743.7128,12678210.013438,72235,2892.2452,5437763.807336
2026-07-28 05:00:00,1879.18,1889.66,1878.46,1883.16,8292.3695,15634292.530133,65412,3860.1869,7277619.08468
2026-07-28 06:00:00,1883.16,1888.82,1878.54,1888.62,10515.695,19809593.187312,65480,4179.9091,7877520.434675
2026-07-28 07:00:00,1888.62,1888.97,1880.92,1883.83,7707.2078,14526943.320953,55513,3875.2456,7303699.158184
2026-07-28 08:00:00,1883.84,1885.85,1880.4,1884.5,8547.8818,16094049.589582,69948,5267.0267,9915813.017685
2026-07-28 09:00:00,1884.5,1885.12,1874.81,1876.44,6605.9978,12430062.474167,63415,2525.5678,4751968.688344
2026-07-28 10:00:00,1876.43,1881.0,1873.75,1878.79,5710.996,10723421.097808,74149,2856.5249,5363230.829808
2026-07-28 11:00:00,1878.8,1882.02,1872.0,1876.68,9475.713,17776230.833089,88794,3496.4735,6560335.053904
2026-07-28 12:00:00,1876.69,1893.34,1874.63,1892.48,12503.8753,23558506.248929,108569,6824.6751,12862199.761658
2026-07-28 13:00:00,1892.48,1896.28,1856.88,1874.08,26917.9509,50455254.629233,224916,10581.1009,19839750.294455
2026-07-28 14:00:00,1874.08,1893.46,1867.74,1888.95,20017.6662,37652560.185102,219144,11677.3118,21975806.741252
2026-07-28 15:00:00,1888.96,1924.41,1884.56,1920.02,35311.4667,67403053.218657,249160,19831.6543,37883500.313285
2026-07-28 16:00:00,1920.02,1928.95,1914.52,1925.92,15042.0152,28892741.284288,137613,8498.6865,16329913.705588
2026-07-28 17:00:00,1925.92,1925.92,1892.71,1901.89,19307.1025,36801914.6946,160229,7928.5647,15108983.406667
2026-07-28 18:00:00,1901.9,1914.93,1901.6,1911.22,8918.5887,17033053.362392,95769,5244.3615,10015739.532878
2026-07-28 19:00:00,1911.22,1922.23,1911.22,1922.23,8496.5277,16292147.903165,68288,4322.6997,8290349.544457
2026-07-28 20:00:00,1922.24,1923.84,1916.16,1918.57,6013.7521,11544241.087725,48405,2794.9945,5365465.447891
2026-07-28 21:00:00,1918.57,1929.67,1918.47,1923.95,6371.0141,12253119.656856,50564,3411.2451,6561811.519451
2026-07-28 22:00:00,1923.96,1927.1,1910.1,1911.9,7483.9135,14351236.272286,84029,3087.0759,5921398.746125
2026-07-28 23:00:00,1911.9,1923.1,1904.06,1922.23,9246.9451,17690642.92447,80210,4274.9658,8183048.679057
2026-07-29 00:00:00,1922.22,1928.51,1916.34,1917.27,9538.2144,18337297.579275,103013,5196.1337,9990658.109517
2026-07-29 01:00:00,1917.27,1918.16,1905.0,1905.7,7132.1448,13632341.260444,142461,2888.2331,5522385.364535
2026-07-29 02:00:00,1905.69,1919.67,1901.17,1911.1,7118.7992,13598655.627231,107146,3808.0476,7276095.158356
2026-07-29 03:00:00,1911.11,1913.04,1891.17,1892.7,9925.2036,18872811.851696,111184,4472.2938,8506094.979919
2026-07-29 04:00:00,1892.7,1906.43,1884.51,1905.52,14039.2885,26601494.773085,135133,7344.7681,13921832.228856
2026-07-29 05:00:00,1905.52,1914.99,1903.53,1912.54,6767.1437,12922205.238658,71126,3419.7641,6529046.522891
2026-07-29 06:00:00,1912.53,1921.71,1908.89,1920.18,8086.8635,15501102.469109,77598,4738.9081,9084286.929962
2026-07-29 07:00:00,1920.19,1925.68,1914.1,1924.71,10093.038,19372042.390717,54121,5465.3252,10493118.340531
2026-07-29 08:00:00,1924.71,1925.35,1912.11,1915.08,6863.44,13156890.49362,57185,2813.0918,5392223.086158
2026-07-29 09:00:00,1915.08,1924.73,1914.94,1922.31,8027.9976,15417326.622272,78741,3787.309,7274671.695046
2026-07-29 10:00:00,1922.31,1922.58,1910.0,1912.16,9505.431,18237099.121142,60801,3727.5035,7152656.033433
2026-07-29 11:00:00,1912.16,1917.07,1910.35,1915.26,5128.9107,9815041.68959,45298,1951.8008,3735392.883043
2026-07-29 12:00:00,1915.26,1915.27,1902.3,1905.23,10435.5074,19905563.123854,105042,4326.9971,8253108.097712
2026-07-29 13:00:00,1905.23,1911.67,1895.59,1909.24,16853.3485,32099227.163634,207559,8392.1448,15987907.534778
2026-07-29 14:00:00,1909.24,1911.46,1891.39,1895.23,19095.0094,36263401.59613,200218,9718.6369,18459045.298486
2026-07-29 15:00:00,1895.23,1898.84,1887.31,1892.11,16820.4155,31861509.118099,154252,7225.2391,13691147.340403
2026-07-29 16:00:00,1892.11,1899.5,1887.75,1895.4,10335.0027,19565073.049037,104138,4218.0327,7985529.046573
2026-07-29 17:00:00,1895.4,1917.29,1894.51,1916.16,12310.8742,23433171.016178,126515,7088.4699,13496700.056969
2026-07-29 18:00:00,1916.15,1935.68,1894.22,1920.55,37572.3934,72089831.763347,424000,21326.7493,40930515.086722
2026-07-29 19:00:00,1920.56,1922.74,1883.7,1888.56,24739.4293,47036963.76844,237009,10973.3759,20867178.880532
2026-07-29 20:00:00,1888.57,1891.99,1878.14,1884.15,16727.9089,31535961.03857,150690,7151.1461,13488031.417993
2026-07-29 21:00:00,1884.16,1898.39,1872.0,1898.38,13782.3896,25996838.617107,118699,6273.5909,11838582.754239
2026-07-29 22:00:00,1898.39,1911.61,1898.28,1907.18,9723.7496,18537850.910172,107196,5528.7119,10538898.666092
2026-07-29 23:00:00,1907.18,1913.17,1902.68,1910.72,7939.8405,15143309.409161,71744,4863.1911,9274751.719711
2026-07-30 00:00:00,1910.72,1914.81,1893.99,1898.22,7739.5737,14746633.176022,120608,3290.0281,6270325.837068
2026-07-30 01:00:00,1898.22,1921.92,1897.49,1916.77,12720.6506,24320004.383212,109996,8346.4375,15959966.031031
2026-07-30 02:00:00,1916.77,1920.0,1910.29,1911.11,7594.283,14548547.446383,79048,3712.5126,7114129.107649
2026-07-30 03:00:00,1911.12,1915.3,1907.65,1909.99,4747.0982,9073439.091213,57179,2074.9687,3966255.330374
2026-07-30 04:00:00,1910.0,1910.93,1901.87,1901.99,9789.7456,18659338.496993,66337,4412.9907,8410774.13612
2026-07-30 05:00:00,1902.0,1909.67,1900.18,1906.34,6499.9185,12375684.100819,90322,3364.5035,6405831.60423
2026-07-30 06:00:00,1906.34,1906.95,1899.59,1901.32,4978.1487,9474977.266213,63521,2238.7971,4261487.725599
2026-07-30 07:00:00,1901.33,1908.12,1900.43,1903.25,7853.252,14956800.724371,78245,4997.3579,9517859.100114
2026-07-30 08:00:00,1903.26,1917.95,1900.51,1914.99,9068.4709,17333009.274882,121064,4722.8118,9025555.204799
2026-07-30 09:00:00,1914.99,1924.25,1914.06,1918.16,9956.9197,19104451.431981,109123,4701.6271,9022017.183506
2026-07-30 10:00:00,1918.15,1921.9,1916.7,1918.26,4999.1833,9595052.197814,51674,2526.8836,4849598.513081
2026-07-30 11:00:00,1918.27,1926.44,1916.7,1923.22,4846.6566,9313007.201152,50589,2506.567,4817745.694826
2026-07-30 12:00:00,1923.25,1928.0,1919.79,1925.23,6901.9258,13278942.073259,72232,3877.5696,7461721.505885
2026-07-30 13:00:00,1925.24,1936.99,1917.15,1929.86,12236.7304,23592746.987261,184514,6603.6598,12734516.632452
2026-07-30 14:00:00,1929.86,1930.2,1913.49,1917.4,15517.4134,29805024.252865,134414,6169.3691,11849115.035247
2026-07-30 15:00:00,1917.41,1924.16,1914.67,1918.9,7141.6716,13698811.68535,88935,3308.8105,6347173.594974
2026-07-30 16:00:00,1918.9,1925.98,1915.97,1919.38,5548.8542,10661829.152944,63200,2765.9304,5315172.908065
2026-07-30 17:00:00,1919.37,1925.4,1916.28,1920.88,6281.4698,12069317.827928,75459,3255.6512,6255988.450198
2026-07-30 18:00:00,1920.88,1922.73,1914.81,1916.29,3955.1823,7589742.747491,39296,1772.8505,3402312.568969
2026-07-30 19:00:00,1916.3,1929.34,1916.0,1923.68,6300.4553,12124348.854505,49810,3215.9066,6187188.458296
2026-07-30 20:00:00,1923.69,1927.4,1920.0,1921.68,4077.9852,7844138.75582,45350,2213.0707,4256852.241837
2026-07-30 21:00:00,1921.69,1924.56,1917.23,1918.67,2954.9779,5677242.651396,28712,1439.779,2765899.170904
2026-07-30 22:00:00,1918.66,1933.41,1916.0,1925.63,6105.4228,11766568.86345,77471,3082.1552,5940351.474625
2026-07-30 23:00:00,1925.62,1936.79,1918.07,1918.31,8715.6923,16790103.055625,80050,4029.5156,7764587.941524
2026-07-31 00:00:00,1918.32,1922.09,1915.02,1917.15,7565.3209,14508549.887891,68331,3856.5744,7394889.029337
2026-07-31 01:00:00,1917.15,1936.15,1906.79,1910.36,16082.1879,30912369.73119,171721,7578.5699,14574478.350313
2026-07-31 02:00:00,1910.35,1912.0,1901.6,1904.15,6723.6932,12813303.883624,79228,2972.9661,5665345.303676
2026-07-31 03:00:00,1904.15,1911.6,1899.09,1908.9,8585.8826,16365613.255988,57406,4969.1035,9475439.033933
2026-07-31 04:00:00,1908.9,1909.49,1903.24,1905.96,3562.0432,6789362.996865,39351,1569.853,2992260.063791
2026-07-31 05:00:00,1905.97,1909.1,1901.49,1906.13,3830.9634,7299793.111792,50562,1572.6342,2996805.671481
2026-07-31 06:00:00,1906.14,1911.16,1900.3,1902.61,4344.4345,8278700.488067,49503,2453.5811,4676116.36033
2026-07-31 07:00:00,1902.6,1902.78,1884.53,1890.2,16831.5114,31816771.416171,139076,7484.8263,14147175.899905
2026-07-31 08:00:00,1890.2,1893.33,1888.22,1890.45,9163.7608,17326642.982685,53315,4772.561,9023782.469948
2026-07-31 09:00:00,1890.45,1891.26,1881.42,1883.74,10359.2477,19545228.096832,62076,2844.1214,5364198.114481
2026-07-31 10:00:00,1883.73,1890.16,1877.93,1887.12,6960.1299,13116171.444524,65469,2941.3493,5544569.47634
2026-07-31 11:00:00,1887.12,1889.83,1882.49,1884.26,9120.4136,17197054.852857,44737,2688.1624,5068963.921781
2026-07-31 12:00:00,1884.27,1884.82,1873.61,1882.92,11994.9695,22528773.406215,69189,3992.8634,7499375.369913
2026-07-31 13:00:00,1882.93,1890.61,1865.0,1867.12,17383.3001,32632005.114258,192842,7916.0416,14870691.93332
2026-07-31 14:00:00,1867.13,1870.29,1848.7,1860.19,45592.3977,84848374.197734,389594,21990.3284,40940112.310969
2026-07-31 15:00:00,1860.2,1866.53,1854.77,1862.94,15413.4463,28670177.948782,195655,6391.2525,11889828.275264
2026-07-31 16:00:00,1862.93,1867.32,1860.83,1864.57,10901.0391,20315614.600972,117641,3945.317,7353299.169287
2026-07-31 17:00:00,1864.57,1878.14,1863.26,1875.01,9319.6414,17428855.278429,75708,3875.5197,7253942.104856
2026-07-31 18:00:00,1875.01,1876.74,1864.95,1871.83,4001.6627,7489220.381481,50113,1972.0983,3691519.091487
2026-07-31 19:00:00,1871.82,1874.04,1865.38,1868.19,6567.6097,12268368.916554,55592,2376.2506,4439602.792396
2026-07-31 20:00:00,1868.19,1870.73,1861.6,1862.25,5039.9544,9406467.256068,55696,2026.4509,3781836.682863
2026-07-31 21:00:00,1862.25,1864.83,1859.64,1861.81,4404.1647,8202146.298251,51314,1849.4513,3444304.797059
2026-07-31 22:00:00,1861.81,1865.56,1858.8,1861.49,6218.8952,11586555.149395,42199,1799.9085,3352581.099817
2026-07-31 23:00:00,1861.49,1864.77,1860.95,1862.6,2938.1166,5474178.938713,32816,1312.3608,2445011.804642
2026-08-01 00:00:00,1862.6,1867.64,1862.38,1864.7,4320.5922,8059269.741732,40804,1900.9354,3546490.610125
2026-08-01 01:00:00,1864.69,1867.51,1864.69,1867.03,2874.5758,5365511.490275,19955,1649.3051,3078524.198487
2026-08-01 02:00:00,1867.03,1870.0,1866.74,1868.25,1629.9406,3045208.335202,14738,801.7194,1497879.951533
2026-08-01 03:00:00,1868.25,1869.89,1866.47,1869.88,1797.9406,3359289.892994,12318,873.667,1632421.520427
2026-08-01 04:00:00,1869.88,1870.53,1867.13,1869.76,1890.5488,3534049.528858,11214,807.7574,1510277.208941
2026-08-01 05:00:00,1869.76,1871.05,1865.34,1867.59,2681.1896,5009353.54819,12917,1045.2101,1952628.654733
2026-08-01 06:00:00,1867.58,1871.21,1866.46,1870.5,2375.604,4441374.319449,13680,1261.9183,2359480.526877
2026-08-01 07:00:00,1870.5,1871.98,1868.49,1869.8,2112.7899,3951129.629557,16997,1159.7115,2168885.881724
2026-08-01 08:00:00,1869.81,1870.28,1867.6,1869.49,1883.948,3520874.411905,14130,943.1845,1762597.311165
2026-08-01 09:00:00,1869.5,1870.74,1867.59,1867.93,2411.8289,4508881.655102,21277,1295.8964,2422592.335719
2026-08-01 10:00:00,1867.94,1869.11,1863.1,1867.35,7323.6147,13662298.894569,40201,3594.9364,6706965.970602
2026-08-01 11:00:00,1867.36,1867.77,1865.79,1866.9,5035.6351,9400277.178222,16827,2070.424,3864851.45846
2026-08-01 12:00:00,1866.9,1870.0,1866.89,1869.06,2013.3782,3761668.962401,23710,1076.6331,2011477.237549
2026-08-01 13:00:00,1869.07,1869.6,1867.54,1869.28,1883.4812,3519802.232823,15475,974.5501,1821244.50042
2026-08-01 14:00:00,1869.29,1875.33,1869.25,1875.18,4139.1814,7748617.68161,27739,2248.3124,4208806.251552
2026-08-01 15:00:00,1875.18,1875.45,1870.07,1870.09,3029.8805,5672702.719025,27255,1089.968,2040961.538109
2026-08-01 16:00:00,1870.1,1873.6,1866.47,1868.79,2510.6059,4694699.298877,27068,1224.0606,2289216.617011
2026-08-01 17:00:00,1868.79,1870.25,1857.41,1862.07,4950.8385,9225159.485253,58716,1989.447,3705411.119777
2026-08-01 18:00:00,1862.06,1863.03,1822.06,1836.81,30668.7809,56429784.717161,237814,12835.7484,23602065.491802
2026-08-01 19:00:00,1836.8,1840.58,1834.2,1837.3,6052.4254,11122633.768686,75925,2216.2844,4072657.230125
2026-08-01 20:00:00,1837.29,1840.48,1833.07,1838.41,5521.2918,10139236.766866,42655,2065.9946,3795178.522865
2026-08-01 21:00:00,1838.41,1845.96,1836.61,1845.78,5894.9077,10855868.264065,51331,2663.8979,4906897.5991
2026-08-01 22:00:00,1845.79,1849.26,1844.76,1847.28,2856.1786,5276663.078876,35025,1157.2958,2137896.083805
2026-08-01 23:00:00,1847.28,1849.1,1843.39,1844.94,3027.8295,5588158.202896,22829,1061.0536,1958334.814776
2026-08-02 00:00:00,1844.95,1849.7,1843.67,1846.69,4031.2087,7443219.268348,24804,1496.769,2763990.334038
2026-08-02 01:00:00,1846.69,1859.41,1846.69,1857.09,7392.1031,13711494.197584,34232,3701.2092,6862988.079477
2026-08-02 02:00:00,1857.09,1884.69,1856.51,1876.9,17693.7596,33177039.742719,142791,9967.0572,18686645.33978
2026-08-02 03:00:00,1876.9,1880.54,1874.32,1877.43,4976.3428,9341728.551492,53311,2128.0171,3994337.994185
2026-08-02 04:00:00,1877.44,1882.67,1877.44,1881.22,4678.1317,8794508.024089,31205,2404.0458,4519164.774691
2026-08-02 05:00:00,1881.21,1882.68,1875.26,1876.33,4198.7677,7884506.843521,24181,1912.3505,3591660.791293
2026-08-02 06:00:00,1876.32,1879.33,1875.0,1877.54,3148.4584,5909571.725663,16846,1488.9188,2794434.895248
2026-08-02 07:00:00,1877.54,1878.78,1875.67,1876.1,2714.3967,5096705.881604,12139,1134.7055,2130419.088281
2026-08-02 08:00:00,1876.1,1879.0,1867.04,1868.2,5044.7312,9445851.320497,33580,2119.9432,3969436.308116
2026-08-02 09:00:00,1868.19,1872.97,1862.3,1870.95,3014.6538,5634738.238101,32715,1423.5108,2661092.455977
2026-08-02 10:00:00,1870.94,1871.13,1865.63,1868.75,1753.0272,3275889.624606,17883,852.3773,1592815.04441
2026-08-02 11:00:00,1868.76,1869.74,1849.5,1852.58,8195.8641,15222310.463163,62165,3340.91,6205923.10792
2026-08-02 12:00:00,1852.65,1860.58,1852.46,1857.06,3764.4164,6990021.575253,41411,2209.0999,4101413.772737
2026-08-02 13:00:00,1857.07,1858.05,1852.41,1854.89,2230.6675,4139517.478061,39924,1187.4862,2203483.819138
2026-08-02 14:00:00,1854.88,1859.27,1852.42,1854.94,2752.8167,5109485.637417,36033,1418.3046,2632590.230702
2026-08-02 15:00:00,1854.95,1863.05,1853.81,1858.82,2831.0497,5262406.313131,32802,1747.0064,3247362.397817
2026-08-02 16:00:00,1858.82,1865.7,1856.03,1863.13,2850.251,5306724.012343,49536,1829.6709,3406616.520271
2026-08-02 17:00:00,1863.13,1870.57,1862.4,1868.65,3299.4741,6158395.434942,30512,1970.2222,3677029.634877
2026-08-02 18:00:00,1868.64,1887.2,1868.49,1875.86,10697.2543,20100411.977528,76810,6323.51,11882476.988913
2026-08-02 19:00:00,1875.86,1883.93,1874.8,1882.2,4040.8119,7591529.375296,47909,2274.9557,4273404.937179
2026-08-02 20:00:00,1882.2,1885.71,1879.61,1883.78,3060.4289,5761266.429208,34467,1573.7063,2962846.994318
2026-08-02 21:00:00,1883.79,1898.5,1882.15,1890.43,8410.4818,15897955.202961,94374,4776.1993,9030362.442758
2026-08-02 22:00:00,1890.44,1897.8,1880.5,1882.11,9510.3373,17980332.361054,108668,5280.9889,9987024.241111
2026-08-02 23:00:00,1882.1,1885.68,1876.39,1885.36,3365.6286,6333698.682749,51529,1942.1633,3655127.184145
2026-08-03 00:00:00,1885.36,1885.95,1871.68,1873.87,4671.4907,8772784.038346,59704,1703.7955,3198468.282222
2026-08-03 01:00:00,1873.86,1875.52,1866.0,1867.19,4120.4684,7707184.074556,69028,1965.6205,3676952.952689
2026-08-03 02:00:00,1867.19,1872.0,1862.9,1864.51,4058.0605,7575898.260432,57684,1635.0186,3052414.886186
2026-08-03 03:00:00,1864.51,1865.71,1851.05,1857.22,5297.8404,9850586.124113,46798,2078.0296,3864035.904332
2026-08-03 04:00:00,1857.21,1863.14,1854.81,1854.97,3716.6199,6911352.459845,52380,1378.662,2563734.467575
2026-08-03 05:00:00,1854.97,1860.91,1853.55,1859.88,4111.3952,7637450.966424,48238,2189.7487,4068689.740398
2026-08-03 06:00:00,1859.88,1861.11,1846.38,1849.28,7050.062,13061681.735259,63777,3196.2382,5921834.226987
2026-08-03 07:00:00,1849.29,1849.94,1840.0,1843.97,12612.232,23264423.067242,81307,6055.3227,11169408.738757
2026-08-03 08:00:00,1843.96,1845.57,1828.62,1840.32,15329.1092,28143284.554197,136761,6660.8937,12227283.916372
2026-08-03 09:00:00,1840.32,1853.91,1839.35,1852.63,8512.8596,15699192.27187,63792,4507.6702,8314034.753666
2026-08-03 10:00:00,1852.62,1854.46,1841.55,1846.24,7708.7926,14251046.171473,61847,3415.9547,6316666.094771
2026-08-03 11:00:00,1846.24,1847.88,1838.48,1839.89,4323.4095,7969220.753626,52813,1847.3374,3405715.075959
2026-08-03 12:00:00,1839.88,1845.38,1836.75,1843.7,5012.5495,9232034.204849,61524,2711.7145,4994547.320068
2026-08-03 13:00:00,1843.69,1860.24,1838.42,1859.18,13330.2037,24653223.346538,197151,7793.9066,14419876.148469
2026-08-03 14:00:00,1859.18,1874.35,1851.34,1873.79,21006.5246,39135942.21057,204118,12524.9858,23338322.070362
2026-08-03 15:00:00,1873.79,1874.08,1860.43,1863.34,10839.8182,20226172.757947,110763,5412.0705,10099743.371657
2026-08-03 16:00:00,1863.34,1872.22,1861.68,1866.22,6771.2457,12644998.67588,79304,3814.7094,7123282.938524
2026-08-03 17:00:00,1866.22,1874.93,1863.64,1868.84,5795.3562,10834197.082093,54816,2844.2162,5317084.949809
2026-08-03 18:00:00,1868.85,1874.0,1866.72,1868.96,4466.282,8353605.98151,72167,1713.759,3205703.687162
2026-08-03 19:00:00,1868.96,1876.5,1868.2,1870.2,5831.2405,10915762.097201,54923,2288.5887,4284489.969933
2026-08-03 20:00:00,1870.2,1875.99,1866.61,1868.97,7347.3691,13743860.541295,36104,3497.5539,6542139.140975
2026-08-03 21:00:00,1868.97,1869.15,1863.57,1863.6,4725.1651,8818866.096121,28551,1619.8425,3022853.16588
2026-08-03 22:00:00,1863.6,1866.12,1852.45,1860.4,6401.3077,11901661.527125,55872,2760.1954,5131531.668154
2026-08-03 23:00:00,1860.39,1860.5,1856.22,1860.5,2567.6076,4772045.969287,25941,1159.2337,2154323.741523
2026-08-04 00:00:00,1860.5,1863.12,1848.38,1851.3,10087.437,18698022.546011,73285,5341.3597,9897569.436723
2026-08-04 01:00:00,1851.3,1869.72,1849.12,1867.64,9043.6029,16829027.21436,93586,5272.7306,9808277.471185
2026-08-04 02:00:00,1867.64,1872.5,1862.09,1866.17,5344.8134,9974975.021953,49563,2530.7067,4723915.774909
2026-08-04 03:00:00,1866.17,1866.96,1858.38,1864.19,4382.4669,8163565.796082,40392,2158.1984,4020507.488866
2026-08-04 04:00:00,1864.2,1874.71,1862.09,1868.01,6131.0573,11456377.144546,46484,3131.0178,5850758.382827
2026-08-04 05:00:00,1868.0,1870.54,1864.28,1864.42,3298.8071,6155928.924986,29335,1099.0598,2050551.464525
2026-08-04 06:00:00,1864.42,1882.44,1854.65,1856.96,15678.0058,29241255.092406,76093,10511.5769,19621762.471626
2026-08-04 07:00:00,1856.96,1864.98,1853.54,1863.87,7711.0201,14338819.970049,67782,3729.152,6932847.780902
2026-08-04 08:00:00,1863.88,1865.88,1856.96,1857.89,4180.9094,7779854.917685,49285,2155.035,4009617.963158
2026-08-04 09:00:00,1857.88,1858.83,1853.48,1858.71,5488.8272,10189980.025545,57579,2605.5576,4836841.145385
2026-08-04 10:00:00,1858.71,1873.03,1854.11,1866.94,8858.6566,16503223.080042,114033,4476.9763,8338189.973561
2026-08-04 11:00:00,1866.95,1874.78,1866.18,1872.89,6980.9397,13054042.976027,93561,3264.2142,6105936.160475
2026-08-04 12:00:00,1872.88,1882.0,1868.09,1875.11,8155.32,15294308.308912,95289,4497.8276,8435900.063791
2026-08-04 13:00:00,1875.11,1877.63,1860.01,1862.06,14674.1047,27451654.552214,184059,8031.4954,15026107.333816
2026-08-04 14:00:00,1862.06,1875.71,1858.72,1873.03,12625.0454,23574315.008848,121913,6996.8285,13067680.214489
2026-08-04 15:00:00,1873.02,1877.85,1862.05,1873.07,9729.2962,18198685.428204,104222,4365.9818,8168010.546717
2026-08-04 16:00:00,1873.08,1874.09,1865.65,1869.68,7985.3408,14939398.799801,70322,3591.7429,6718870.950147
2026-08-04 17:00:00,1869.69,1877.88,1867.01,1869.53,12012.494,22498875.286756,91708,5037.4464,9437536.984846
2026-08-04 18:00:00,1869.54,1880.94,1869.3,1875.29,7528.9302,14129310.750484,83758,3270.1064,6136916.442864
2026-08-04 19:00:00,1875.29,1881.81,1873.86,1875.26,8184.4653,15363520.460159,56678,3850.4487,7228552.860127
2026-08-04 20:00:00,1875.26,1879.84,1866.17,1876.65,5884.9577,11025161.013037,77798,2732.8042,5120558.33095
2026-08-04 21:00:00,1876.65,1876.65,1871.85,1872.32,2412.3242,4519904.727045,41772,1017.407,1905976.509427
2026-08-04 22:00:00,1872.32,1876.92,1868.48,1875.64,3303.5295,6186773.526214,44048,1614.8046,3024585.431068
2026-08-04 23:00:00,1875.64,1881.28,1869.07,1869.75,5572.1938,10441930.061819,47261,2683.7376,5029798.417969
2026-08-05 00:00:00,1869.74,1873.87,1863.33,1863.93,7040.3828,13147816.494275,91190,3220.1346,6013778.076029
2026-08-05 01:00:00,1863.94,1874.4,1861.34,1873.37,3984.1549,7442977.821386,74667,2007.6956,3751320.56398
2026-08-05 02:00:00,1873.37,1878.0,1872.5,1874.49,5850.9223,10970992.670768,69510,2542.9064,4768495.458963
2026-08-05 03:00:00,1874.49,1876.23,1863.91,1867.75,7838.784,14646928.277903,74654,4035.8801,7539757.761767
2026-08-05 04:00:00,1867.75,1869.79,1865.0,1867.5,3487.1721,6511230.489411,35321,1714.9808,3201527.366516
2026-08-05 05:00:00,1867.5,1877.69,1867.21,1873.46,4816.0039,9020610.920929,53040,1754.7116,3286520.041855
2026-08-05 06:00:00,1873.46,1873.69,1868.26,1869.88,9338.5186,17464061.143929,32604,3671.1544,6865520.817463
2026-08-05 07:00:00,1869.88,1872.2,1863.53,1872.2,13188.6525,24628722.980041,60843,7557.6683,14114329.021396
2026-08-05 08:00:00,1872.2,1874.48,1868.0,1869.99,10385.8454,19440462.304351,49569,6660.8367,12468838.790476
2026-08-05 09:00:00,1869.99,1874.66,1868.89,1871.94,4866.2003,9113943.894017,43859,2135.2807,3998903.604389
2026-08-05 10:00:00,1871.94,1876.06,1866.16,1868.33,5390.3805,10085657.367631,67104,2713.596,5077751.968936
2026-08-05 11:00:00,1868.32,1871.15,1867.27,1868.92,4882.5202,9125409.793923,62080,3002.2729,5610793.382735
2026-08-05 12:00:00,1868.92,1885.29,1867.47,1876.25,13717.3662,25774310.562492,122743,6800.1089,12777596.603523
2026-08-05 13:00:00,1876.26,1879.51,1855.5,1878.53,21971.7299,41028269.183414,228559,11232.2861,20973458.146397
2026-08-05 14:00:00,1878.52,1882.84,1869.24,1875.89,15946.0181,29909048.044651,165412,7982.854,14976301.127193
2026-08-05 15:00:00,1875.89,1882.76,1872.95,1873.91,8156.1461,15316716.839459,109975,4231.1864,7947878.057064
2026-08-05 16:00:00,1873.91,1897.32,1873.4,1895.56,20344.7361,38444323.539133,172665,12213.2669,23077976.813559
2026-08-05 17:00:00,1895.55,1917.72,1891.07,1916.75,24840.2338,47333695.941967,188278,15417.0283,29383546.054296
2026-08-05 18:00:00,1916.75,1928.0,1913.9,1918.06,19879.6167,38158204.491889,189196,10498.6245,20152908.125105
2026-08-05 19:00:00,1918.05,1921.0,1915.6,1917.03,9433.0891,18098681.076856,91149,4267.1306,8186532.492542
2026-08-05 20:00:00,1917.02,1924.56,1916.71,1917.1,6965.0406,13370336.8778,84098,3397.4066,6521815.189729
2026-08-05 21:00:00,1917.1,1917.47,1907.07,1908.75,8180.0017,15627994.960533,100082,3777.8437,7217060.876118
2026-08-05 22:00:00,1908.75,1913.43,1906.59,1906.86,4213.4409,8048762.171275,62780,1994.3056,3809459.432848
2026-08-05 23:00:00,1906.85,1912.31,1904.34,1908.9,3613.3702,6897115.203923,41227,1594.0965,3042538.733572
2026-08-06 00:00:00,1908.91,1914.02,1907.29,1910.4,4876.5925,9315859.31872,55186,2455.5814,4690906.902218
2026-08-06 01:00:00,1910.4,1911.21,1903.36,1906.75,5637.5795,10755874.013466,56371,2607.3388,4974714.365552
2026-08-06 02:00:00,1906.74,1910.82,1895.1,1899.21,9631.1508,18306615.038967,87404,3678.518,6990376.504763
2026-08-06 03:00:00,1899.21,1899.7,1895.37,1899.03,4875.4429,9251804.042077,63628,1939.0135,3679557.691011
2026-08-06 04:00:00,1899.04,1908.05,1895.73,1907.7,6770.1779,12883846.556492,70851,3496.2019,6653617.627803
2026-08-06 05:00:00,1907.7,1918.7,1907.29,1914.34,8409.6151,16094926.472379,99299,4473.7301,8562053.312825
2026-08-06 06:00:00,1914.35,1914.77,1909.6,1913.66,3374.4198,6453275.99835,57746,1604.0165,3067584.521088
2026-08-06 07:00:00,1913.67,1915.33,1907.65,1909.33,6344.0321,12124334.846056,49807,2003.9308,3830756.045534
2026-08-06 08:00:00,1909.33,1920.51,1908.41,1916.26,9089.5239,17393166.155732,66792,4526.5928,8662677.14969
2026-08-06 09:00:00,1916.26,1917.03,1904.83,1907.67,9792.3411,18703910.206519,66440,3955.5815,7554325.826009
2026-08-06 10:00:00,1907.67,1907.67,1901.62,1902.58,5165.4282,9836777.441938,44648,2221.0556,4229701.028886
2026-08-06 11:00:00,1902.59,1909.2,1897.0,1907.77,5920.4388,11271325.765733,51107,2897.8772,5518393.946252
2026-08-06 12:00:00,1907.77,1908.02,1899.02,1899.09,5851.2106,11136701.010815,51318,2366.6116,4504445.793292
2026-08-06 13:00:00,1899.1,1911.11,1892.38,1907.43,16539.6529,31431615.012854,184768,8636.8696,16416731.23439
2026-08-06 14:00:00,1907.44,1918.72,1892.04,1915.01,18795.1192,35893426.122357,222724,8033.6953,15348596.074006
2026-08-06 15:00:00,1915.01,1919.68,1910.38,1910.69,11802.6746,22609572.28353,127397,6091.8624,11669987.401597
2026-08-06 16:00:00,1910.7,1916.8,1908.46,1915.77,7760.9905,14840413.585512,95829,3698.7804,7072890.009224
2026-08-06 17:00:00,1915.78,1918.47,1910.38,1914.08,5696.3354,10907834.601462,54484,2716.337,5201724.293241
2026-08-06 18:00:00,1914.08,1914.1,1903.08,1905.95,7958.3294,15176783.806284,74600,2147.8801,4097791.7081
2026-08-06 19:00:00,1905.95,1911.29,1905.95,1910.06,10004.7765,19093208.026594,60360,6119.2278,11678036.015171
2026-08-06 20:00:00,1910.07,1910.85,1906.0,1907.14,2869.7578,5476228.021645,36015,1059.9626,2022321.866102
2026-08-06 21:00:00,1907.15,1909.45,1905.88,1906.28,3309.8235,6313639.158616,38931,1335.1358,2546579.403403
2026-08-06 22:00:00,1906.28,1907.44,1902.27,1905.25,3479.9443,6629052.673873,34225,1546.9664,2946594.724858
2026-08-06 23:00:00,1905.24,1905.79,1898.94,1904.1,3574.3562,6798096.066113,32441,1547.368,2943001.930926
2026-08-07 00:00:00,1904.1,1905.47,1899.84,1903.88,3516.2153,6689094.058856,46951,1641.8205,3122921.546586
2026-08-07 01:00:00,1903.89,1907.55,1899.04,1903.36,4823.4698,9180620.210709,57946,2310.23,4397473.016328
2026-08-07 02:00:00,1903.36,1908.61,1897.52,1902.73,5702.729,10849601.734459,86144,2816.9334,5360387.028894
2026-08-07 03:00:00,1902.72,1903.95,1896.16,1897.43,4269.3759,8113434.751228,54617,2029.2344,3856295.964699
2026-08-07 04:00:00,1897.43,1900.76,1894.35,1897.44,6754.204,12823303.902118,57098,3523.0713,6689687.832275
2026-08-07 05:00:00,1897.44,1902.4,1895.41,1901.58,4024.0554,7640403.767555,36281,1916.5079,3638308.542142
2026-08-07 06:00:00,1901.59,1907.58,1900.0,1904.53,4864.3205,9261976.673906,34537,2436.1585,4638326.483302
2026-08-07 07:00:00,1904.54,1907.44,1902.35,1902.36,5166.215,9840644.847999,35542,2111.211,4022347.638781
2026-08-07 08:00:00,1902.35,1914.9,1901.91,1910.7,10662.3713,20355810.309254,53781,5105.3595,9748473.863182
2026-08-07 09:00:00,1910.7,1917.67,1910.3,1913.04,28602.9542,54730225.108899,77669,6679.5487,12781318.810404
2026-08-07 10:00:00,1913.04,1916.0,1912.64,1912.85,4509.058,8631033.722571,27556,1816.1753,3476362.359083
2026-08-07 11:00:00,1912.85,1921.0,1912.62,1916.33,8756.7564,16784169.640345,43714,4478.1489,8584324.078922
2026-08-07 12:00:00,1916.33,1943.02,1916.33,1932.13,31004.2283,59856763.379356,186042,17612.0521,34000178.161745
2026-08-07 13:00:00,1932.14,1935.05,1921.53,1923.5,15610.4582,30115511.789421,134220,8785.1954,16951373.759708
2026-08-07 14:00:00,1923.5,1926.5,1910.53,1913.57,18780.5279,36015055.98635,169804,9551.6939,18318728.10829
2026-08-07 15:00:00,1913.57,1921.0,1913.02,1917.88,6340.5718,12156823.835667,75368,3051.7766,5850496.314324
2026-08-07 16:00:00,1917.87,1925.0,1909.34,1909.51,7968.6101,15274189.731332,90170,3133.2414,6007006.073547
2026-08-07 17:00:00,1909.5,1912.99,1905.4,1912.45,9390.7888,17925914.887708,85573,3827.3023,7306702.603196
2026-08-07 18:00:00,1912.45,1915.29,1906.28,1909.86,4337.392,8293507.705056,40688,2400.1717,4589899.089512
2026-08-07 19:00:00,1909.87,1920.24,1909.87,1918.85,10178.4996,19504668.293403,69719,3284.2692,6293900.193452
2026-08-07 20:00:00,1918.84,1920.36,1914.38,1914.81,3750.1199,7187569.93742,32067,1520.2338,2914048.415992
2026-08-07 21:00:00,1914.82,1922.81,1912.72,1916.55,6300.7153,12078295.07714,50629,3282.8562,6294256.680037
2026-08-07 22:00:00,1916.55,1916.56,1913.92,1914.84,3447.6054,6603114.354786,23185,1082.9456,2073944.786309
2026-08-07 23:00:00,1914.84,1916.41,1913.92,1914.18,1515.2869,2902006.302046,10635,632.9725,1212313.957311
2026-08-08 00:00:00,1914.19,1915.1,1912.5,1914.35,2385.6366,4566326.040864,14474,911.4907,1744756.433124
2026-08-08 01:00:00,1914.36,1916.62,1914.04,1914.65,3177.8497,6085172.745899,17993,789.2054,1511166.596973
2026-08-08 02:00:00,1914.66,1914.66,1912.27,1913.18,1370.5073,2622198.884956,7600,644.9327,1233908.359865
2026-08-08 03:00:00,1913.18,1919.02,1913.17,1918.08,2097.6249,4019907.530782,13774,1275.1898,2443365.052547
2026-08-08 04:00:00,1918.09,1919.58,1916.4,1917.0,2245.9862,4307093.656625,13654,1266.934,2429675.857093
2026-08-08 05:00:00,1917.0,1918.78,1915.81,1917.56,1176.4942,2255513.211156,10721,666.1769,1277119.342684
2026-08-08 06:00:00,1917.55,1917.89,1916.17,1916.44,1409.709,2702286.771193,10481,581.8936,1115338.790177
2026-08-08 07:00:00,1916.45,1916.75,1914.0,1915.11,1799.6535,3446896.702568,10104,866.4831,1659395.348675
2026-08-08 08:00:00,1915.11,1917.73,1914.58,1916.85,1481.4706,2838689.540197,10778,491.9162,942515.367806
2026-08-08 09:00:00,1916.85,1923.22,1916.25,1918.95,3514.2564,6744309.20919,28579,1629.6207,3126976.975677
2026-08-08 10:00:00,1918.94,1922.72,1918.94,1921.17,2167.1079,4162881.802564,20846,875.8338,1682313.07139
2026-08-08 11:00:00,1921.18,1923.57,1919.53,1920.99,2555.556,4909230.261221,18309,1314.8472,2525973.288787
2026-08-08 12:00:00,1920.99,1922.47,1918.7,1919.19,2376.3197,4563450.608619,21137,1020.0287,1958911.280416
2026-08-08 13:00:00,1919.2,1920.55,1918.61,1920.0,1981.2186,3802760.842286,16190,870.7158,1671260.256379
2026-08-08 14:00:00,1920.0,1926.72,1919.99,1923.77,5059.4611,9729778.657568,44814,2816.6404,5416553.200545
2026-08-08 15:00:00,1923.78,1924.56,1921.35,1922.62,2945.8968,5664431.490196,22528,1677.0994,3224787.168864
2026-08-08 16:00:00,1922.63,1925.0,1921.65,1922.46,2239.3085,4305673.93587,21937,1317.9089,2533902.495352
2026-08-08 17:00:00,1922.45,1926.45,1922.25,1923.85,3927.5413,7556157.315032,26351,2420.907,4657472.494794
2026-08-08 18:00:00,1923.84,1923.84,1919.77,1921.1,2781.192,5344085.330926,20719,1314.3602,2525469.619696
2026-08-08 19:00:00,1921.1,1921.54,1919.67,1920.41,1779.511,3417749.210526,15903,834.768,1603239.897413
2026-08-08 20:00:00,1920.41,1921.21,1919.95,1920.39,1344.3956,2581901.906899,9992,702.6572,1349464.126492
2026-08-08 21:00:00,1920.39,1922.73,1920.27,1920.82,1842.5995,3540187.550242,19300,959.6154,1843645.687927
2026-08-08 22:00:00,1920.82,1921.59,1916.66,1916.75,2433.2468,4670954.739074,19499,1194.8369,2293804.600869
2026-08-08 23:00:00,1916.74,1919.0,1914.69,1916.74,2779.8499,5329500.349992,18272,1108.5384,2125271.903388
2026-08-09 00:00:00,1916.75,1918.66,1916.34,1918.09,2792.4612,5353808.043445,17426,974.332,1868167.081705
2026-08-09 01:00:00,1918.08,1920.21,1913.37,1916.14,2176.0306,4171006.754216,21438,886.3063,1698535.921899
2026-08-09 02:00:00,1916.15,1916.71,1913.64,1914.8,1341.9749,2570487.77608,14559,520.0159,996064.30578
2026-08-09 03:00:00,1914.79,1914.79,1912.36,1914.04,2034.9863,3894194.266327,13832,975.1361,1866020.247543
2026-08-09 04:00:00,1914.04,1915.63,1912.99,1913.16,1394.2198,2668513.100991,13444,688.5663,1317838.305313
2026-08-09 05:00:00,1913.17,1915.04,1913.11,1914.46,1455.4914,2785947.048297,10945,624.699,1195697.430475
2026-08-09 06:00:00,1914.45,1919.51,1912.83,1919.33,4314.9898,8267254.588151,16396,1504.8917,2884442.461179
2026-08-09 07:00:00,1919.34,1919.79,1917.14,1918.97,4950.8116,9497103.454445,21755,2894.2943,5551772.377209
2026-08-09 08:00:00,1918.97,1925.0,1914.0,1915.94,4019.2402,7715216.977649,37617,1825.3253,3504382.357769
2026-08-09 09:00:00,1915.94,1921.45,1913.39,1921.45,4402.5705,8435395.291362,31737,2956.8843,5665851.428255
2026-08-09 10:00:00,1921.45,1922.96,1919.64,1920.1,3788.5932,7278639.476928,28442,1293.2265,2484327.170308
2026-08-09 11:00:00,1920.09,1921.51,1918.37,1919.23,1585.7868,3045322.492854,13969,818.6219,1572098.186781
2026-08-09 12:00:00,1919.23,1919.23,1916.51,1917.5,2317.0555,4443329.914706,16883,1312.0636,2515991.765144
2026-08-09 13:00:00,1917.5,1926.31,1917.5,1923.36,6087.6127,11710128.086606,43268,3122.4071,6005571.752795
2026-08-09 14:00:00,1923.36,1926.58,1922.61,1925.07,3783.0976,7280662.465884,27583,1953.7089,3760062.584897
2026-08-09 15:00:00,1925.08,1927.36,1924.16,1926.56,3293.3403,6344147.159865,20294,1783.6215,3435983.89799
2026-08-09 16:00:00,1926.57,1926.95,1921.6,1924.11,2527.6686,4864689.95989,20625,1111.3149,2138831.560287
2026-08-09 17:00:00,1924.1,1924.84,1923.11,1923.11,2161.8139,4159542.820521,11611,949.2423,1826452.322438
2026-08-09 18:00:00,1923.1,1923.8,1920.15,1921.52,1893.9677,3639945.083936,14763,959.7572,1844416.971366
2026-08-09 19:00:00,1921.51,1922.47,1921.35,1922.04,1346.5922,2588180.663205,12389,714.7326,1373692.137828
2026-08-09 20:00:00,1922.04,1922.27,1918.0,1920.73,3716.9996,7138306.156014,32610,1501.6386,2883592.602234
2026-08-09 21:00:00,1920.72,1926.91,1919.84,1924.73,3133.0872,6028056.056133,31486,1427.4242,2745908.84736
2026-08-09 22:00:00,1924.73,1938.22,1915.0,1919.55,12501.372,24097286.00883,99681,6515.817,12562661.175976
2026-08-09 23:00:00,1919.54,1920.61,1907.56,1910.65,10835.5617,20731330.773424,108438,5404.9478,10342173.612107
2026-08-10 00:00:00,1910.65,1928.28,1906.17,1912.78,10209.7156,19550991.14709,143879,5265.4047,10084270.634631
2026-08-10 01:00:00,1912.79,1931.57,1908.01,1925.23,8100.9108,15551463.758317,95443,4441.5913,8525392.32377
2026-08-10 02:00:00,1925.23,1926.72,1912.86,1923.52,6858.7003,13171977.896366,85397,3044.4848,5845217.608152
2026-08-10 03:00:00,1923.51,1924.66,1913.66,1917.44,6345.0528,12178588.448821,70387,2351.1533,4511698.876589
2026-08-10 04:00:00,1917.44,1921.01,1912.6,1915.79,7866.7888,15086133.640217,66745,3663.3378,7024512.3469
2026-08-10 05:00:00,1915.79,1925.02,1915.33,1923.17,4320.4089,8295141.381985,56022,2385.0658,4578279.326702
2026-08-10 06:00:00,1923.18,1929.43,1923.01,1928.03,7905.0173,15230178.104156,78197,3721.4493,7170181.886544
2026-08-10 07:00:00,1928.03,1930.84,1924.8,1925.26,5929.0261,11433956.754048,42307,2508.2541,4837251.311223
2026-08-10 08:00:00,1925.26,1929.74,1923.21,1926.8,4421.812,8518717.476642,45320,1977.5232,3809466.541048
2026-08-10 09:00:00,1926.8,1927.09,1916.21,1916.39,6913.4753,13273651.029172,65793,3813.8975,7322473.727939
2026-08-10 10:00:00,1916.38,1920.7,1916.12,1917.75,4895.296,9392693.610746,39696,2951.3715,5662569.06332
2026-08-10 11:00:00,1917.75,1921.11,1914.68,1920.42,4343.5736,8331980.174156,36487,2084.551,3999065.716989
2026-08-10 12:00:00,1920.42,1923.34,1905.0,1906.0,13063.3565,24995621.106691,70375,5001.7656,9574940.210747
2026-08-10 13:00:00,1905.99,1910.46,1894.56,1897.6,20184.687,38396572.107811,138693,8868.5242,16873397.192616
2026-08-10 14:00:00,1897.61,1902.84,1891.6,1893.59,10048.2437,19073414.071659,87883,5245.4094,9958709.419134
2026-08-10 15:00:00,1893.58,1893.58,1871.37,1877.0,29430.8117,55339549.513541,224835,11199.978,21056021.834372
2026-08-10 16:00:00,1876.99,1878.71,1867.96,1872.36,17767.9519,33304707.629069,128775,6738.1141,12631147.322654
2026-08-10 17:00:00,1872.38,1877.39,1868.71,1873.7,8222.6701,15409542.889473,69814,3807.0085,7134425.536688
2026-08-10 18:00:00,1873.7,1875.24,1868.0,1872.95,8602.6495,16105657.146038,65263,3591.9649,6725629.454819
2026-08-10 19:00:00,1872.95,1880.47,1871.86,1878.51,6928.2103,13002098.429022,64294,3290.9388,6177855.052058
2026-08-10 20:00:00,1878.52,1881.31,1877.74,1879.73,3650.5749,6859986.44394,42502,1641.4229,3084444.497106
2026-08-10 21:00:00,1879.72,1879.72,1873.54,1874.45,4144.1711,7774882.056775,56620,1612.9117,3026116.212252
2026-08-10 22:00:00,1874.45,1878.13,1872.13,1876.14,4964.4198,9308015.367185,54821,1861.0883,3489256.143776
2026-08-10 23:00:00,1876.15,1876.15,1870.12,1873.16,4691.4981,8789098.620179,37039,1800.8222,3373061.970299
2026-08-11 00:00:00,1873.16,1876.04,1871.0,1875.32,5360.8121,10042400.644927,41402,2211.2203,4142033.731285
2026-08-11 01:00:00,1875.31,1878.6,1873.49,1878.14,4604.8217,8641130.583067,51159,2341.5823,4394166.170568
2026-08-11 02:00:00,1878.13,1881.78,1877.36,1878.6,5445.0466,10230190.024624,24182,3411.6143,6410476.395778
2026-08-11 03:00:00,1878.61,1881.78,1878.6,1881.03,3766.3888,7082644.731817,19079,1945.1015,3657704.233436
2026-08-11 04:00:00,1881.02,1882.18,1876.22,1876.25,3740.0049,7028080.204422,14711,1392.2145,2616004.739028
2026-08-11 05:00:00,1876.25,1876.81,1872.19,1874.03,5181.4013,9715431.407727,23652,1718.9058,3223293.585988
2026-08-11 06:00:00,1874.03,1875.02,1870.86,1874.24,9415.5466,17634100.927938,49195,3327.4079,6231872.303049
2026-08-11 07:00:00,1874.25,1879.34,1870.29,1877.95,10253.5598,19235015.796812,56073,5211.2966,9776963.806951
2026-08-11 08:00:00,1877.95,1880.39,1875.75,1879.21,8442.7399,15853015.790701,34335,2990.8549,5615407.720156
2026-08-11 09:00:00,1879.2,1885.41,1877.32,1885.41,8242.4218,15495374.352182,43078,3687.8678,6934930.150866
2026-08-11 10:00:00,1885.41,1889.0,1882.66,1886.16,7409.168,13974141.489771,62714,3926.1226,7405006.540956
2026-08-11 11:00:00,1886.17,1895.6,1886.17,1892.97,9187.1645,17383756.007084,61501,5230.8166,9895216.30164
2026-08-11 12:00:00,1892.96,1897.8,1887.34,1888.0,10397.1725,19673979.925859,69253,5454.5553,10322825.097876
2026-08-11 13:00:00,1888.0,1892.69,1883.63,1890.03,9070.3061,17129362.552469,101714,4424.5009,8356248.300414
2026-08-11 14:00:00,1890.02,1891.61,1870.33,1873.69,14477.2528,27191075.366672,137628,5618.3674,10552147.281021
2026-08-11 15:00:00,1873.68,1877.71,1853.62,1862.74,22054.1842,41144004.522793,186351,8706.6539,16246848.839854
2026-08-11 16:00:00,1862.75,1867.06,1859.78,1864.82,8942.3877,16669520.629959,101306,3777.6194,7042552.255836
2026-08-11 17:00:00,1864.83,1867.95,1862.88,1864.69,6492.2921,12105797.062548,45362,2492.1702,4647087.653229
2026-08-11 18:00:00,1864.69,1867.09,1860.0,1866.03,7345.3446,13690820.474868,63147,3149.6378,5871152.530593
2026-08-11 19:00:00,1866.03,1884.83,1862.9,1881.9,9965.2898,18672022.631781,72580,5707.6842,10695202.739019
2026-08-11 20:00:00,1881.9,1885.38,1879.09,1882.22,7300.6273,13737497.575531,61230,4150.569,7809914.304957
2026-08-11 21:00:00,1882.22,1885.32,1880.43,1884.68,6936.3919,13056859.837464,52615,3722.3222,7006098.012523
2026-08-11 22:00:00,1884.68,1887.64,1879.61,1882.16,5904.5462,11124123.180582,40233,3290.7407,6200457.705145
2026-08-11 23:00:00,1882.17,1884.41,1878.92,1882.59,3365.6454,6333158.216291,28639,1544.3854,2906095.530689
2026-08-12 00:00:00,1882.58,1883.72,1880.65,1882.35,4050.8679,7624098.995517,38019,2047.9259,3854445.119908
2026-08-12 01:00:00,1882.36,1886.53,1881.11,1884.77,4162.0973,7841706.238441,32440,2174.4779,4096542.584804
2026-08-12 02:00:00,1884.77,1887.91,1883.59,1884.47,3454.6953,6513812.487595,37085,1533.1626,2890771.858845
2026-08-12 03:00:00,1884.48,1887.33,1882.66,1886.62,2942.8508,5547353.282036,25843,1340.5839,2527203.617151
2026-08-12 04:00:00,1886.63,1893.37,1885.47,1889.42,6246.9058,11806913.901648,40360,3846.3813,7271579.105933
2026-08-12 05:00:00,1889.41,1892.44,1886.77,1891.71,3205.7091,6060523.359575,28935,1635.7886,3092715.145778
2026-08-12 06:00:00,1891.7,1891.71,1885.38,1887.73,4888.4475,9227573.315281,32755,1597.6062,3015232.022265
2026-08-12 07:00:00,1887.74,1891.82,1886.34,1891.69,4124.2743,7792725.161044,31865,1949.6039,3683994.912512
2026-08-12 08:00:00,1891.7,1896.11,1890.63,1890.95,4725.3454,8945390.437433,48291,2654.5589,5025254.208934
2026-08-12 09:00:00,1890.94,1909.63,1890.0,1905.84,13427.1549,25540201.998253,96406,7273.0275,13831434.227371
2026-08-12 10:00:00,1905.84,1915.54,1905.84,1909.17,12974.7164,24799778.256499,98374,6014.5442,11496501.408596
2026-08-12 11:00:00,1909.18,1915.99,1907.41,1915.57,6783.1487,12973558.034472,45482,3430.1717,6560313.340286
2026-08-12 12:00:00,1915.58,1925.0,1905.52,1911.32,22567.2084,43201483.005277,165700,10712.0809,20516241.994002
2026-08-12 13:00:00,1911.31,1912.6,1900.04,1901.32,11484.4335,21889394.77209,133209,5912.655,11269273.297896
2026-08-12 14:00:00,1901.31,1903.71,1885.0,1887.79,15718.622,29752434.597678,200574,6884.6096,13031161.000829
2026-08-12 15:00:00,1887.78,1896.29,1884.54,1892.75,7679.7558,14536243.369984,106018,3944.3861,7465474.930433
2026-08-12 16:00:00,1892.75,1895.77,1889.24,1890.7,5223.5671,9887093.201056,60032,2613.3097,4945959.597295
2026-08-12 17:00:00,1890.7,1891.89,1885.12,1888.14,6045.2496,11415795.090063,48863,2774.4169,5239403.149524
2026-08-12 18:00:00,1888.13,1891.33,1885.5,1885.55,3671.5472,6931202.742307,41772,1890.552,3568985.854983
2026-08-12 19:00:00,1885.54,1886.8,1877.98,1879.38,6667.3674,12548250.339266,70109,2711.6286,5104017.885864
2026-08-12 20:00:00,1879.37,1887.68,1877.81,1886.6,4232.1513,7969891.582676,30246,2792.9328,5260247.990191
2026-08-12 21:00:00,1886.6,1889.47,1873.29,1877.95,7857.9549,14784294.460252,72634,3579.1869,6735569.000375
2026-08-12 22:00:00,1877.94,1881.37,1875.63,1878.45,5234.3873,9834197.764755,47197,2649.414,4977745.289632
2026-08-12 23:00:00,1878.46,1880.11,1874.81,1879.81,3887.5396,7298807.1479,32335,2126.6307,3992843.684852
2026-08-13 00:00:00,1879.8,1885.55,1877.26,1880.29,6876.0925,12935742.765706,63185,3616.4805,6803680.916303
2026-08-13 01:00:00,1880.28,1882.83,1875.01,1878.09,6179.0307,11607857.336059,43123,2927.9517,5500296.605964
2026-08-13 02:00:00,1878.09,1883.28,1873.17,1881.93,5675.9832,10656298.640719,47544,3120.9458,5860530.608396
2026-08-13 03:00:00,1881.94,1888.89,1881.68,1887.52,6304.2606,11881752.139276,43224,3893.8218,7338689.115849
2026-08-13 04:00:00,1887.52,1894.99,1885.46,1892.37,4484.4365,8475227.788058,46796,2694.6441,5093074.713728
2026-08-13 05:00:00,1892.37,1900.0,1891.77,1895.81,7618.3359,14454297.765318,68798,4356.0906,8265012.80661
2026-08-13 06:00:00,1895.8,1898.62,1892.17,1898.62,3461.1079,6557908.489586,41673,1718.1686,3255935.931362
2026-08-13 07:00:00,1898.62,1898.93,1895.31,1895.57,4212.4745,7990989.853942,24991,2228.5821,4227537.17355
2026-08-13 08:00:00,1895.57,1897.0,1888.38,1890.05,7584.8891,14349150.279722,39318,4062.5627,7684748.766188
2026-08-13 09:00:00,1890.05,1890.59,1881.39,1889.78,5856.4852,11051519.568087,54141,3104.7581,5858848.525348
2026-08-13 10:00:00,1889.78,1890.24,1882.08,1883.17,8965.8576,16901614.562883,71400,4718.0116,8894645.926859
2026-08-13 11:00:00,1883.18,1883.72,1875.49,1880.39,7000.7025,13154267.419077,74561,3664.9608,6885728.849343
2026-08-13 12:00:00,1880.4,1890.18,1879.17,1889.04,6735.8049,12703819.134096,69552,3425.3776,6458682.754246
2026-08-13 13:00:00,1889.04,1895.71,1887.06,1890.39,11615.9175,21974831.328789,99830,6286.7762,11893064.396739
2026-08-13 14:00:00,1890.39,1897.36,1888.64,1893.43,7248.0518,13724452.484597,82960,3819.4312,7232882.037026
2026-08-13 15:00:00,1893.44,1896.04,1880.0,1880.01,7332.7645,13849415.404439,85990,3115.6843,5884498.908101
2026-08-13 16:00:00,1880.01,1884.94,1863.67,1874.85,20788.5995,38955625.024567,173037,9804.7728,18376603.754289
2026-08-13 17:00:00,1874.86,1881.01,1873.73,1876.98,5292.3609,9936133.659769,90989,2812.456,5279608.065687
2026-08-13 18:00:00,1876.98,1887.3,1876.63,1885.52,3857.1663,7256493.916143,82423,2152.5652,4049796.621557
2026-08-13 19:00:00,1885.52,1892.73,1885.16,1887.41,6746.6604,12739657.156902,92271,3015.3345,5693438.771177
2026-08-13 20:00:00,1887.41,1889.56,1885.32,1886.43,2575.2489,4860454.992182,26996,1087.1968,2052079.467549
2026-08-13 21:00:00,1886.43,1889.47,1886.01,1888.76,1906.7376,3600116.150713,24656,981.5694,1853177.696128
2026-08-13 22:00:00,1888.77,1893.03,1888.6,1889.4,2636.376,4984921.404759,31627,1353.4578,2559190.504155
2026-08-13 23:00:00,1889.41,1889.41,1884.6,1886.15,3185.2863,6008747.407883,35772,1382.0236,2606948.328615
2026-08-14 00:00:00,1886.16,1889.49,1883.53,1889.4,3116.909,5881080.945926,41572,1499.4508,2829200.383044
2026-08-14 01:00:00,1889.4,1890.23,1884.85,1889.41,3101.1848,5853655.401361,41612,1362.8066,2572484.364107
2026-08-14 02:00:00,1889.41,1891.3,1886.05,1886.62,2797.742,5283579.852626,29486,910.0098,1718813.688865
2026-08-14 03:00:00,1886.63,1889.07,1882.44,1883.0,2946.7122,5554379.119564,31200,1339.9656,2525728.796905
2026-08-14 04:00:00,1883.0,1887.87,1882.16,1884.77,2282.5247,4303339.908542,21477,1311.6022,2472602.022891
2026-08-14 05:00:00,1884.78,1885.54,1880.55,1884.07,2570.6038,4840805.400611,26231,910.8417,1715057.816915
2026-08-14 06:00:00,1884.07,1884.08,1872.83,1872.85,6617.5957,12424336.373445,61080,2595.4725,4872265.421314
2026-08-14 07:00:00,1872.86,1878.29,1872.28,1873.4,5655.4467,10606939.685698,44206,3153.6221,5914724.288657
2026-08-14 08:00:00,1873.4,1878.71,1869.32,1878.71,7520.2378,14086531.009534,75475,4148.2186,7770343.382888
2026-08-14 09:00:00,1878.72,1878.91,1871.34,1873.22,3960.7296,7424711.256921,51616,1752.0689,3284197.354335
2026-08-14 10:00:00,1873.21,1878.43,1872.51,1876.19,5023.663,9427187.319996,52911,3503.7348,6575251.918901
2026-08-14 11:00:00,1876.18,1881.19,1875.07,1878.2,3998.0616,7508532.678696,39652,1742.6425,3272487.724836
2026-08-14 12:00:00,1878.2,1879.59,1873.0,1873.51,5265.5062,9880101.016955,56089,2777.5083,5211223.737005
2026-08-14 13:00:00,1873.51,1873.94,1866.43,1869.97,9113.7904,17040005.056236,124928,4147.8788,7754747.949596
2026-08-14 14:00:00,1869.98,1873.54,1864.28,1866.93,7118.7642,13299671.218698,117451,3053.7332,5705972.324081
2026-08-14 15:00:00,1866.94,1884.71,1866.28,1881.56,9527.9298,17892917.189374,113842,5652.7771,10612004.557661
2026-08-14 16:00:00,1881.56,1888.42,1879.32,1885.41,6301.7991,11871656.859096,65445,3262.8002,6146143.176691
2026-08-14 17:00:00,1885.41,1887.66,1876.71,1878.57,4644.5413,8745748.309929,56812,1954.8902,3680999.697956
2026-08-14 18:00:00,1878.57,1879.0,1873.7,1875.76,4800.9552,9010964.900768,56596,2917.0373,5474946.229209
2026-08-14 19:00:00,1875.75,1881.96,1873.86,1880.89,3705.052,6956698.289149,50641,2143.5474,4024532.573588
2026-08-14 20:00:00,1880.89,1881.9,1878.95,1880.42,1812.2798,3407435.367121,28299,870.7129,1637125.035954
2026-08-14 21:00:00,1880.42,1881.25,1877.35,1879.44,2133.2925,4008539.672356,60105,963.2988,1810001.366697
2026-08-14 22:00:00,1879.43,1881.16,1876.1,1879.77,2175.3415,4086470.922542,41398,911.9887,1713150.824605
2026-08-14 23:00:00,1879.77,1882.67,1878.74,1882.2,1933.1105,3635399.708815,31104,913.0082,1716960.789995
2026-08-15 00:00:00,1882.2,1883.48,1881.71,1882.41,1606.541,3024374.146565,19087,774.025,1457049.582622
2026-08-15 01:00:00,1882.41,1884.69,1881.12,1884.0,1837.3712,3459886.686613,16732,871.8427,1641769.666509
2026-08-15 02:00:00,1884.0,1885.82,1883.99,1884.94,1694.9788,3194881.871945,15039,808.1048,1523148.698078
2026-08-15 03:00:00,1884.94,1886.59,1882.68,1882.68,2004.6713,3778648.315025,13256,927.8769,1749144.827411
2026-08-15 04:00:00,1882.69,1885.69,1882.69,1884.37,1352.4549,2548607.772788,16018,645.6762,1216703.037748
2026-08-15 05:00:00,1884.38,1885.36,1880.0,1880.66,1880.8764,3540688.263855,22812,939.0265,1767516.190299
2026-08-15 06:00:00,1880.67,1883.61,1880.02,1882.16,2440.6445,4590961.794911,23661,1307.6604,2459623.168272
2026-08-15 07:00:00,1882.17,1882.59,1880.19,1880.4,1371.528,2580395.399969,14865,735.0928,1383002.037043
2026-08-15 08:00:00,1880.4,1881.69,1876.53,1877.05,3447.5778,6480815.834134,26194,1905.4489,3582170.274626
2026-08-15 09:00:00,1877.04,1881.32,1876.01,1880.44,2238.4774,4204402.21577,20169,1301.2839,2443836.440728
2026-08-15 10:00:00,1880.45,1881.39,1878.42,1881.01,1442.5592,2711632.162438,10102,799.9228,1503650.60007
2026-08-15 11:00:00,1881.0,1881.3,1879.24,1879.49,980.5767,1843613.465404,8205,404.802,761048.682801
2026-08-15 12:00:00,1879.49,1883.97,1878.19,1883.86,2231.1153,4194589.145951,14095,1332.2681,2505152.547974
2026-08-15 13:00:00,1883.86,1884.93,1882.33,1883.86,3670.7843,6914476.063803,34355,1286.4322,2423108.086258
2026-08-15 14:00:00,1883.85,1884.61,1881.47,1883.56,2116.7417,3985779.675044,18237,827.6607,1558417.257131
2026-08-15 15:00:00,1883.55,1885.83,1883.11,1884.91,2355.0637,4438525.147895,22560,853.2831,1608012.89674
2026-08-15 16:00:00,1884.92,1885.7,1883.92,1884.98,2801.7212,5280361.615955,17307,1272.273,2397758.843586
2026-08-15 17:00:00,1884.98,1886.58,1883.03,1884.49,3077.7651,5800016.751164,19078,1653.8991,3116558.756808
2026-08-15 18:00:00,1884.49,1885.8,1882.59,1882.82,1235.8078,2328016.506325,10512,576.3304,1085836.284251
2026-08-15 19:00:00,1882.82,1884.97,1882.82,1884.55,1114.2486,2099187.577102,10135,473.5373,892119.723182
2026-08-15 20:00:00,1884.55,1884.56,1882.8,1883.42,847.5523,1596368.661743,6983,438.2983,825503.750273
2026-08-15 21:00:00,1883.41,1885.6,1883.41,1885.17,2194.4682,4136130.566956,13622,1240.4564,2337887.359568
2026-08-15 22:00:00,1885.16,1885.8,1884.46,1884.84,1889.8622,3562487.323497,16280,789.8424,1488847.362095
2026-08-15 23:00:00,1884.84,1884.85,1881.98,1882.64,2363.7033,4451396.256967,20326,848.436,1597749.772437
2026-08-16 00:00:00,1882.64,1883.33,1881.67,1882.57,1935.0343,3643019.027205,15327,948.5553,1785835.465149
2026-08-16 01:00:00,1882.57,1882.57,1877.01,1880.54,2701.766,5079751.319263,31157,1442.441,2711783.261439
2026-08-16 02:00:00,1880.54,1885.0,1879.09,1883.71,2554.0022,4809184.689416,27559,1366.2275,2572123.403065
2026-08-16 03:00:00,1883.71,1884.28,1883.03,1883.3,1706.061,3213921.240387,13711,566.9794,1068009.558155
2026-08-16 04:00:00,1883.31,1884.56,1880.6,1881.7,1293.6813,2435789.066821,10829,576.7739,1085923.72504
2026-08-16 05:00:00,1881.7,1881.92,1879.16,1879.81,2045.0583,3846070.385336,19943,1208.1882,2272091.685628
2026-08-16 06:00:00,1879.82,1881.59,1879.0,1880.58,1889.9123,3553181.172586,16171,1171.7293,2202918.859447
2026-08-16 07:00:00,1880.58,1881.65,1879.91,1881.54,1099.7008,2068406.954066,8983,516.6657,971724.562608
2026-08-16 08:00:00,1881.54,1881.56,1880.48,1880.94,1229.3845,2312351.546692,9110,565.5218,1063676.931903
2026-08-16 09:00:00,1880.94,1882.52,1879.27,1880.43,3170.625,5965166.448431,16651,1775.8177,3341174.175151
2026-08-16 10:00:00,1880.42,1881.17,1879.62,1880.79,2045.3728,3845846.215645,15766,1058.5145,1990187.802095
2026-08-16 11:00:00,1880.8,1881.08,1880.16,1880.94,1272.2043,2392495.19014,8859,642.8918,1208990.689118
2026-08-16 12:00:00,1880.94,1880.95,1879.32,1879.83,1107.625,2082508.379413,8389,415.4272,781037.138274
2026-08-16 13:00:00,1879.82,1881.97,1879.82,1881.96,1623.8462,3054910.281063,11405,588.1605,1106418.5693
2026-08-16 14:00:00,1881.96,1884.49,1881.96,1883.5,2932.8428,5523015.758228,19193,910.8477,1714989.409233
2026-08-16 15:00:00,1883.51,1885.0,1882.33,1884.06,3467.9127,6533609.394805,17752,768.9716,1448410.731794
2026-08-16 16:00:00,1884.06,1892.31,1884.06,1889.58,7235.1296,13665068.491352,48312,4231.2793,7990571.382918
2026-08-16 17:00:00,1889.59,1891.03,1883.81,1885.17,2517.0516,4749498.237992,32086,1076.4427,2030920.814288
2026-08-16 18:00:00,1885.18,1886.41,1882.63,1885.49,2646.9734,4989995.588541,25521,1424.9671,2686222.378086
2026-08-16 19:00:00,1885.49,1888.75,1884.48,1885.83,2513.2318,4741622.188281,17466,1128.8867,2129580.711618
2026-08-16 20:00:00,1885.83,1887.58,1881.59,1882.0,2666.995,5026717.440459,24657,1524.4154,2873030.373889
2026-08-16 21:00:00,1881.99,1882.92,1869.17,1875.56,8003.7077,15022385.672295,77990,4204.0691,7892004.976689
2026-08-16 22:00:00,1875.55,1878.26,1869.26,1876.05,7937.8392,14874989.776815,71071,4502.5403,8437870.237803
2026-08-16 23:00:00,1876.05,1877.48,1873.54,1876.0,2978.4653,5586357.465771,25584,1490.8904,2796272.069054
2026-08-17 00:00:00,1876.01,1880.19,1872.46,1878.93,4630.5428,8684655.364786,53617,2982.5437,5593724.411325
2026-08-17 01:00:00,1878.92,1897.29,1878.21,1891.65,16219.9416,30692336.290686,165125,8114.9604,15353541.645085
2026-08-17 02:00:00,1891.66,1908.62,1888.72,1902.36,13096.9551,24865925.213901,84723,7060.6908,13411348.2229
2026-08-17 03:00:00,1902.35,1905.0,1898.06,1900.92,8249.9272,15688491.031646,44225,4957.9521,9428210.43915
2026-08-17 04:00:00,1900.93,1904.73,1900.93,1903.34,4623.4904,8799176.345987,31151,1998.5562,3803063.208644
2026-08-17 05:00:00,1903.33,1904.0,1898.25,1899.65,4151.2619,7891005.157119,23469,1600.7381,3042900.32398
2026-08-17 06:00:00,1899.66,1912.6,1897.13,1907.05,12834.5966,24452565.112865,55801,7690.0386,14657688.237064
2026-08-17 07:00:00,1907.06,1907.93,1900.77,1900.93,8547.8379,16273245.182964,48985,3107.9504,5917788.104988
2026-08-17 08:00:00,1900.93,1901.72,1891.57,1894.43,8015.9606,15192856.742796,68904,3462.6017,6562464.126436
2026-08-17 09:00:00,1894.44,1897.4,1893.15,1894.02,3286.3375,6228498.543165,30774,1336.9509,2533534.562337
2026-08-17 10:00:00,1894.02,1909.49,1892.16,1907.16,7049.5237,13408415.123068,82525,3765.4814,7163922.240032
2026-08-17 11:00:00,1907.15,1908.55,1904.09,1904.46,4836.4582,9219732.95243,44873,2514.4672,4793195.572799
2026-08-17 12:00:00,1904.46,1906.71,1896.46,1899.22,6347.6216,12066540.910824,50820,2493.0682,4738745.220184
2026-08-17 13:00:00,1899.22,1909.11,1896.28,1904.92,10174.4195,19364982.457782,108919,4687.4205,8922899.294326
2026-08-17 14:00:00,1904.92,1911.51,1898.37,1909.61,7986.3391,15204564.233661,67893,4018.0517,7652581.799751
2026-08-17 15:00:00,1909.61,1915.5,1904.54,1913.22,15263.4571,29158177.521393,104566,8201.2708,15665235.595663
2026-08-17 16:00:00,1913.22,1913.85,1905.37,1907.22,5506.4539,10513140.961338,62263,2387.9071,4558712.233652
2026-08-17 17:00:00,1907.21,1914.19,1904.59,1908.91,8926.7678,17035160.018032,88464,5434.2561,10369983.751527
2026-08-17 18:00:00,1908.9,1912.91,1907.33,1910.01,5594.8243,10686552.114499,50451,3133.7335,5985653.784271
2026-08-17 19:00:00,1910.0,1910.92,1906.69,1907.25,3725.4807,7110114.149494,40234,1784.0331,3404674.827219
2026-08-17 20:00:00,1907.24,1910.77,1905.0,1906.73,4484.5194,8553569.13524,35134,2469.0657,4709205.997183
2026-08-17 21:00:00,1906.73,1908.82,1905.91,1906.35,2958.0005,5641525.414062,30229,1251.3265,2386287.884869
2026-08-17 22:00:00,1906.35,1908.03,1903.59,1904.55,2080.0292,3962758.133377,22308,964.2666,1836994.646392
2026-08-17 23:00:00,1904.56,1918.71,1904.01,1913.6,7136.5405,13653875.922257,46032,3443.4104,6588286.391407
2026-08-18 00:00:00,1913.59,1914.38,1908.62,1910.11,3608.7213,6896005.278944,49104,1516.0299,2896872.0352
2026-08-18 01:00:00,1910.12,1910.33,1899.78,1901.54,5386.4683,10256314.016133,42880,2393.7182,4556389.334107
2026-08-18 02:00:00,1901.53,1903.6,1889.28,1893.19,9341.1567,17709708.198435,82322,3649.0988,6918799.349202
2026-08-18 03:00:00,1893.19,1895.49,1885.78,1894.69,9433.1464,17844743.664176,86921,4271.4777,8081312.116635
2026-08-18 04:00:00,1894.68,1897.7,1891.53,1896.66,4012.2189,7604546.591927,32038,1619.8055,3070198.040767
2026-08-18 05:00:00,1896.66,1898.95,1892.75,1895.63,4550.5462,8628485.98249,36460,1778.3151,3371710.176192
2026-08-18 06:00:00,1895.62,1906.94,1893.64,1902.83,5111.9241,9714058.468873,35246,2481.3444,4716458.60243
2026-08-18 07:00:00,1902.84,1903.27,1897.07,1898.84,5879.0561,11170421.033882,37048,3198.4646,6075746.317325
2026-08-18 08:00:00,1898.83,1901.83,1893.8,1900.3,5695.0774,10810815.917241,58468,3011.7217,5717030.966268
2026-08-18 09:00:00,1900.31,1900.31,1895.58,1896.93,5741.5425,10892169.116743,42764,2811.8378,5334030.445084
2026-08-18 10:00:00,1896.93,1899.56,1895.21,1898.02,3128.3749,5935706.354344,32358,1479.3782,2807072.111713
2026-08-18 11:00:00,1898.01,1905.65,1897.65,1903.11,4314.4873,8210675.454459,45154,2350.556,4472668.528753
2026-08-18 12:00:00,1903.12,1904.07,1899.11,1899.48,2694.0778,5121695.39063,34602,1163.3743,2211637.844076
2026-08-18 13:00:00,1899.48,1900.0,1894.0,1897.84,6293.1075,11936879.221668,62821,2366.22,4488217.12577
2026-08-18 14:00:00,1897.84,1923.27,1897.31,1911.02,20033.8048,38325896.694437,156892,11522.4593,22046746.081896
2026-08-18 15:00:00,1911.03,1919.93,1908.44,1917.7,13621.8722,26091082.113926,94584,6387.4629,12234042.722821
2026-08-18 16:00:00,1917.71,1922.3,1912.78,1918.47,8057.2402,15445136.932291,69121,3827.513,7338429.915131
2026-08-18 17:00:00,1918.47,1918.62,1911.34,1911.38,5681.2003,10878998.514274,52555,2324.0543,4450502.441858
2026-08-18 18:00:00,1911.38,1917.54,1910.81,1916.6,3514.3837,6731720.732153,36324,1560.4204,2988831.062997
2026-08-18 19:00:00,1916.6,1917.58,1913.14,1913.28,3384.347,6482386.426538,31159,1168.8613,2238580.650294
2026-08-18 20:00:00,1913.28,1915.71,1911.81,1913.02,3700.2419,7080218.213927,26808,1678.1432,3210644.558221
2026-08-18 21:00:00,1913.01,1915.01,1910.87,1912.22,2957.6132,5657501.487346,21885,1023.9163,1958464.764225
2026-08-18 22:00:00,1912.21,1915.35,1911.81,1913.42,4692.0608,8980060.565974,32347,2625.0722,5024060.171576
2026-08-18 23:00:00,1913.42,1920.1,1912.97,1917.85,3604.2389,6913044.759979,29417,1712.6316,3284483.598845
2026-08-19 00:00:00,1917.85,1919.15,1912.14,1913.62,5165.0239,9893378.548933,51220,2264.2508,4337085.2305
2026-08-19 01:00:00,1913.62,1918.08,1912.28,1913.68,5909.3462,11315886.368828,47969,3199.9513,6127533.407458
2026-08-19 02:00:00,1913.68,1913.88,1907.43,1907.7,5680.322,10850506.093479,58273,2683.3184,5125281.463149
2026-08-19 03:00:00,1907.71,1915.57,1906.19,1912.15,5541.7325,10589126.706283,52473,2689.3653,5139271.473809
2026-08-19 04:00:00,1912.15,1914.56,1910.17,1910.85,4283.9768,8190060.863218,25489,1439.015,2750984.663731
2026-08-19 05:00:00,1910.84,1914.14,1909.97,1910.27,4086.5257,7814411.541395,25815,2249.594,4301735.895605
2026-08-19 06:00:00,1910.28,1917.64,1906.0,1917.63,7204.8531,13771945.249655,45178,4201.0208,8032148.397452
2026-08-19 07:00:00,1917.64,1921.32,1915.4,1916.01,9094.6623,17450377.496774,52068,5058.0055,9704971.241663
2026-08-19 08:00:00,1916.01,1929.94,1915.32,1921.52,10356.4357,19918672.618198,71462,6123.5226,11778269.778108
2026-08-19 09:00:00,1921.52,1923.85,1918.2,1919.3,4615.0676,8865378.246754,48835,2261.9559,4344788.613003
2026-08-19 10:00:00,1919.3,1920.24,1917.31,1920.22,3402.4216,6528462.015541,29948,1338.3345,2567650.994079
2026-08-19 11:00:00,1920.23,1926.43,1919.92,1923.06,5476.6675,10532540.945096,39239,2285.1094,4394646.725938
2026-08-19 12:00:00,1923.06,1943.21,1922.05,1937.21,21644.7332,41832571.564962,127481,12781.5588,24708911.544889
2026-08-19 13:00:00,1937.21,1941.65,1928.1,1932.9,25567.2983,49489752.981451,193401,11536.5446,22328266.164551
2026-08-19 14:00:00,1932.91,1980.0,1932.79,1970.6,58501.4613,114446085.433975,273025,29493.0026,57669992.021497
2026-08-19 15:00:00,1970.61,2115.0,1967.4,2085.83,195088.9753,399443798.45338,1019002,107243.332,219399126.600365
2026-08-19 16:00:00,2085.83,2108.0,2082.24,2089.55,63550.9869,133134879.615807,407922,31801.4721,66639190.505432
2026-08-19 17:00:00,2089.55,2093.11,2067.43,2091.02,34540.4651,71873457.665089,224324,15921.6432,33136716.858081
2026-08-19 18:00:00,2091.03,2092.6,2079.04,2091.93,17971.8691,37522687.109963,167674,9612.6244,20070586.959231
2026-08-19 19:00:00,2091.92,2105.4,2088.92,2102.02,25325.6006,53124427.279217,220015,12953.606,27171245.425486
2026-08-19 20:00:00,2102.02,2241.56,2102.02,2218.12,78138.944,169570247.502733,528975,44760.705,97003977.428404
2026-08-19 21:00:00,2218.13,2333.65,2215.88,2286.0,138575.5398,315402229.903462,1031830,74438.0911,169479977.371865
2026-08-19 22:00:00,2286.0,2290.0,2241.27,2249.99,49292.8432,111625916.356848,391197,21004.1899,47576490.314687
2026-08-19 23:00:00,2250.0,2261.7,2243.36,2252.8,20537.593,46226931.313262,146863,9715.7303,21867136.806643
2026-08-20 00:00:00,2252.81,2274.25,2251.93,2262.24,33553.5396,75932750.012909,271112,14278.718,32316295.789024
2026-08-20 01:00:00,2262.24,2270.94,2250.0,2266.66,22246.9746,50281392.990752,192545,12453.2168,28149925.018571
2026-08-20 02:00:00,2266.66,2270.68,2250.0,2251.89,13211.38,29872263.234299,137880,5354.3109,12107477.814011
2026-08-20 03:00:00,2251.88,2257.58,2221.54,2251.21,39137.1272,87515924.775832,295928,21829.5294,48775105.610747
2026-08-20 04:00:00,2251.21,2258.39,2248.46,2250.28,13799.7223,31100309.045154,88422,6920.7818,15596591.772463
2026-08-20 05:00:00,2250.27,2256.99,2243.86,2248.36,13843.9273,31174360.107353,85424,6137.3931,13819297.511004
2026-08-20 06:00:00,2248.36,2267.3,2238.97,2262.76,25308.2298,57005061.030262,217945,16153.4567,36385539.294063
2026-08-20 07:00:00,2262.77,2264.77,2244.1,2251.81,21215.33,47779208.518024,174103,9014.0705,20312241.825976
2026-08-20 08:00:00,2251.81,2287.26,2249.19,2282.25,39913.3403,90780242.956472,370818,22046.9316,50133110.02914
2026-08-20 09:00:00,2282.26,2298.39,2275.23,2278.56,33799.6848,77329722.917965,329961,18313.6754,41911046.731611
2026-08-20 10:00:00,2278.56,2295.87,2275.54,2287.0,28676.9797,65510615.634845,183607,13173.09,30100291.739494
2026-08-20 11:00:00,2286.99,2320.0,2282.31,2296.58,46096.0654,106221495.312552,405821,28253.9686,65110246.888213
2026-08-20 12:00:00,2296.59,2300.97,2268.0,2290.23,30637.9729,69942194.564449,271259,15004.5986,34254101.362561
2026-08-20 13:00:00,2290.23,2298.19,2255.68,2276.91,30967.0693,70582588.536604,350824,15422.1913,35162181.691354
2026-08-20 14:00:00,2276.92,2289.33,2271.48,2281.24,20629.5566,47024512.411184,283045,10902.9979,24857457.005398
2026-08-20 15:00:00,2281.24,2337.89,2281.24,2326.41,57003.4211,131650259.844476,527166,33878.205,78244147.242695
2026-08-20 16:00:00,2326.4,2360.0,2314.44,2344.48,53188.0747,124162662.786163,379106,29419.4607,68706529.067236
2026-08-20 17:00:00,2344.48,2351.28,2332.44,2344.26,26437.3155,61924892.564598,241409,12411.8416,29079189.381002
2026-08-20 18:00:00,2344.25,2348.11,2310.44,2316.38,32689.169,75997077.884573,197801,14373.2267,33403658.316068
2026-08-20 19:00:00,2316.37,2332.6,2312.14,2323.77,27281.6566,63430687.776538,204600,13632.7343,31698714.627991
2026-08-20 20:00:00,2323.78,2331.5,2313.81,2318.58,8625.8899,20039847.218407,108662,3911.6148,9087748.94629
2026-08-20 21:00:00,2318.58,2325.6,2313.32,2318.81,9548.3999,22142086.134632,84351,4632.6223,10743117.821953
2026-08-20 22:00:00,2318.81,2319.45,2306.67,2314.42,10626.9634,24589580.403852,89733,4999.398,11569096.943404
2026-08-20 23:00:00,2314.42,2340.0,2313.1,2326.82,10182.9329,23699380.359542,149605,5534.5075,12881374.995129
2026-08-21 00:00:00,2326.83,2351.15,2324.99,2340.82,18927.206,44286398.643106,291879,10548.9475,24684041.618105
2026-08-21 01:00:00,2340.82,2380.82,2338.0,2359.37,39451.2176,93106342.326789,458978,21940.6232,51796816.231288
2026-08-21 02:00:00,2359.37,2365.0,2340.0,2345.75,22518.6061,52985423.227709,246640,9984.691,23502332.670575
2026-08-21 03:00:00,2345.75,2354.5,2337.23,2341.04,14892.49,34955367.429526,132442,8554.4659,20085643.41555
2026-08-21 04:00:00,2341.05,2356.0,2341.05,2354.42,9675.3592,22724400.372704,130255,5399.4599,12682211.800106
2026-08-21 05:00:00,2354.43,2368.76,2349.67,2368.42,12323.7356,29056352.346161,161192,6940.2889,16368018.773259
2026-08-21 06:00:00,2368.42,2384.17,2355.15,2372.47,22273.2734,52787402.941208,261845,12209.1181,28938420.786441
2026-08-21 07:00:00,2372.48,2398.71,2362.66,2371.66,47035.8081,111963455.672711,361691,20050.9023,47750815.356913
2026-08-21 08:00:00,2371.67,2447.98,2370.24,2444.2,66934.0221,161505204.543172,501218,34382.6032,82921144.403843
2026-08-21 09:00:00,2444.2,2446.23,2376.32,2404.0,53795.2561,129292430.585371,669195,29020.5504,69764159.561444
2026-08-21 10:00:00,2404.0,2411.84,2390.64,2395.33,18901.7003,45357359.309838,237460,9954.9715,23892221.20426
2026-08-21 11:00:00,2395.32,2399.18,2357.18,2370.47,34215.0426,81309099.358224,348332,16345.4456,38843260.702548
2026-08-21 12:00:00,2370.48,2397.5,2365.44,2388.62,28507.693,67931960.668933,207862,16147.5676,38456292.168166
2026-08-21 13:00:00,2388.62,2406.41,2368.08,2387.65,32241.944,76983682.04591,339576,17660.8843,42174494.338313
2026-08-21 14:00:00,2387.65,2397.45,2369.41,2393.67,26809.8804,63909292.823675,320968,13517.1801,32227644.944105
2026-08-21 15:00:00,2393.67,2408.55,2389.02,2393.65,30899.6074,74159367.967026,286394,18523.4281,44465770.577832
2026-08-21 16:00:00,2393.64,2413.14,2384.0,2405.97,28678.8616,68779642.01116,261348,18438.9446,44217870.734265
2026-08-21 17:00:00,2405.97,2428.0,2402.1,2423.61,33958.3607,82063386.823548,221852,19079.8058,46097616.929232
2026-08-21 18:00:00,2423.61,2432.35,2395.89,2420.71,23152.9566,55961585.749,205178,12235.7015,29575181.797052
2026-08-21 19:00:00,2420.72,2420.92,2407.56,2413.55,13795.6133,33321676.848759,162094,6542.5786,15803973.859529
2026-08-21 20:00:00,2413.54,2447.85,2408.86,2441.05,20040.8536,48787447.848805,224766,10080.5467,24543797.029861
2026-08-21 21:00:00,2441.05,2520.86,2434.71,2513.27,59703.6427,148263644.848707,461308,37151.8897,92310771.908472
2026-08-21 22:00:00,2513.26,2546.78,2506.88,2521.89,52973.0082,133987416.523244,481275,30744.8512,77761536.209232
2026-08-21 23:00:00,2521.89,2546.42,2510.0,2516.3,28956.776,73106535.372513,268950,16613.4926,41951300.257279
2026-08-22 00:00:00,2516.31,2522.99,2491.11,2522.44,29540.6853,74130471.991095,234645,15754.596,39546120.235635
2026-08-22 01:00:00,2522.44,2528.58,2506.97,2506.99,22310.0778,56218415.059705,212290,12841.7013,32362995.852231
2026-08-22 02:00:00,2506.99,2523.24,2495.65,2516.02,18116.772,45474699.16625,214266,8990.6264,22572275.31022
2026-08-22 03:00:00,2516.02,2526.68,2512.64,2515.06,16403.6638,41323005.454493,184461,8764.9738,22080642.001727
2026-08-22 04:00:00,2515.06,2529.99,2506.05,2514.43,25451.858,64108192.204832,240546,13875.0344,34946193.894138
2026-08-22 05:00:00,2514.43,2518.31,2385.0,2439.95,108215.8466,263880506.587327,679564,48673.6085,118608174.359887
2026-08-22 06:00:00,2439.95,2443.68,2412.18,2437.78,30636.7189,74448464.001741,262617,15712.0223,38186061.038579
2026-08-22 07:00:00,2437.79,2447.6,2426.8,2433.31,17298.4565,42165584.515594,232211,8307.1051,20250433.022153
2026-08-22 08:00:00,2433.32,2441.1,2412.16,2425.74,22459.0625,54455086.926736,232595,10052.959,24376894.944115
2026-08-22 09:00:00,2425.74,2429.41,2412.84,2421.93,16266.7493,39389173.036136,208000,8192.6406,19842241.977451
2026-08-22 10:00:00,2421.93,2423.11,2389.45,2412.73,30317.9714,72964273.913656,327687,14019.1233,33732817.785884
2026-08-22 11:00:00,2412.73,2426.73,2405.4,2423.93,11672.8817,28215774.750649,125180,6911.0354,16710767.849636
2026-08-22 12:00:00,2423.92,2437.76,2419.1,2428.12,17244.5059,41919460.677821,154068,10895.3767,26483633.180288
2026-08-22 13:00:00,2428.11,2433.25,2421.71,2430.09,11143.2098,27045007.319405,118782,6263.8599,15203917.461723
2026-08-22 14:00:00,2430.09,2431.48,2409.36,2413.94,13780.1865,33316894.92139,141955,5878.3582,14212472.027122
2026-08-22 15:00:00,2413.93,2416.71,2405.62,2410.9,10807.762,26054260.67903,103928,4728.0506,11398714.828769
2026-08-22 16:00:00,2410.89,2429.94,2409.0,2422.63,10604.9177,25676936.385673,109997,6273.5679,15192009.241136
2026-08-22 17:00:00,2422.64,2431.55,2417.27,2426.32,7313.1612,17734445.282101,79466,3766.4288,9134917.492618
2026-08-22 18:00:00,2426.33,2434.49,2421.76,2427.13,7729.1319,18771618.179885,80778,4028.4667,9784797.614516
2026-08-22 19:00:00,2427.13,2444.71,2423.98,2439.41,12157.2231,29591811.953676,105943,9142.4478,22255646.552129
2026-08-22 20:00:00,2439.41,2443.72,2429.38,2431.84,8411.9987,20512411.451538,72099,4881.0007,11906669.285785
2026-08-22 21:00:00,2431.83,2431.95,2403.47,2407.54,16541.7909,39958925.854679,161697,5845.0965,14117965.503294
2026-08-22 22:00:00,2407.54,2425.14,2404.35,2414.16,12624.8863,30500242.396837,117113,5920.9175,14305438.497809
2026-08-22 23:00:00,2414.17,2427.9,2410.82,2422.6,8115.3723,19640909.023222,81890,4500.428,10896730.089392
2026-08-23 00:00:00,2422.6,2435.53,2419.67,2430.96,11123.6302,27006699.923649,121766,6771.5585,16439939.875702
2026-08-23 01:00:00,2430.96,2433.34,2420.35,2423.25,9677.4155,23485516.087445,95692,4864.364,11806287.76846
2026-08-23 02:00:00,2423.26,2424.49,2408.0,2416.95,7146.1295,17275005.200104,86749,2938.3968,7104918.304742
2026-08-23 03:00:00,2416.96,2419.05,2408.4,2413.98,6317.9261,15248154.199316,82511,2622.089,6327417.234879
2026-08-23 04:00:00,2413.98,2417.02,2372.17,2378.66,25712.0791,61560987.133506,247850,10506.4717,25148017.159926
2026-08-23 05:00:00,2378.67,2387.0,2355.71,2372.99,23835.6749,56594044.823581,323725,11556.3321,27449420.345625
2026-08-23 06:00:00,2372.99,2396.67,2369.29,2389.99,17180.9368,40978076.453197,182300,10983.7767,26205347.7424
2026-08-23 07:00:00,2389.99,2397.2,2386.84,2389.02,10125.9847,24215206.900755,94000,6771.8996,16194093.530525
2026-08-23 08:00:00,2389.01,2426.03,2386.96,2412.46,20707.6452,49883354.04272,150436,13646.142,32860149.404651
2026-08-23 09:00:00,2412.45,2416.17,2404.51,2411.2,9335.204,22509565.459314,82349,5126.0587,12361016.826546
2026-08-23 10:00:00,2411.2,2420.89,2410.84,2415.15,7057.3777,17047932.056388,70544,4260.4763,10291175.519311
2026-08-23 11:00:00,2415.15,2438.31,2414.82,2433.68,15055.74,36578258.541049,140285,9818.3688,23851955.254922
2026-08-23 12:00:00,2433.67,2433.68,2419.15,2427.05,8695.2427,21082710.356909,84756,4050.8123,9823398.209796
2026-08-23 13:00:00,2427.05,2484.06,2427.0,2459.75,39983.2596,98262940.683643,295876,24620.6496,60488435.418391
2026-08-23 14:00:00,2459.75,2469.3,2389.85,2438.95,41707.3803,101598817.659899,326821,21309.5752,51941625.919902
2026-08-23 15:00:00,2438.95,2452.86,2421.87,2438.62,17475.7349,42597968.919916,232576,9188.2474,22401006.492887
2026-08-23 16:00:00,2438.61,2459.22,2438.61,2450.56,9809.6928,24021322.480862,146646,5514.02,13500739.542869
2026-08-23 17:00:00,2450.56,2454.3,2432.81,2440.12,13407.0069,32752639.066866,140408,5498.5525,13433961.057727
2026-08-23 18:00:00,2440.11,2449.27,2434.83,2448.68,7986.6951,19523168.271354,103241,4293.6681,10496748.500186
2026-08-23 19:00:00,2448.68,2454.16,2437.44,2444.96,7346.7878,17969205.811167,84109,3658.1058,8947996.907878
2026-08-23 20:00:00,2444.95,2450.72,2436.41,2450.48,7723.0749,18886174.065916,91615,4091.4994,10007183.646802
2026-08-23 21:00:00,2450.48,2484.62,2450.47,2469.97,28824.6969,71164686.732655,283437,16449.3552,40604627.419907
2026-08-23 22:00:00,2469.96,2474.53,2451.89,2455.05,15176.641,37340963.21257,165216,7511.1318,18481135.605241
2026-08-23 23:00:00,2455.04,2471.02,2441.78,2463.41,17435.2456,42811437.567746,177794,8687.6517,21341974.374525
2026-08-24 00:00:00,2463.42,2465.9,2442.35,2465.11,13925.7145,34179098.890268,163457,7171.284,17598675.540241
2026-08-24 01:00:00,2465.11,2466.98,2427.27,2429.4,17203.9894,42046274.275858,173621,6654.7945,16270823.880073
2026-08-24 02:00:00,2429.4,2451.77,2424.73,2443.78,12332.7591,30097738.578236,133855,5845.0954,14267858.010576
2026-08-24 03:00:00,2443.78,2445.62,2426.49,2430.64,10842.0748,26407532.690554,126262,5634.8651,13724908.662659
2026-08-24 04:00:00,2430.65,2446.42,2428.11,2438.08,14103.8472,34399567.804303,102319,5376.5873,13111239.271852
2026-08-24 05:00:00,2438.07,2459.82,2433.98,2448.92,17209.1607,42132024.943958,148227,8673.3674,21238160.77298
2026-08-24 06:00:00,2448.92,2463.74,2444.22,2456.5,11124.9086,27292259.048534,111825,6160.8011,15114908.002216
2026-08-24 07:00:00,2456.5,2474.09,2452.28,2454.64,17306.7407,42571379.262578,146286,9607.7574,23637405.695877
2026-08-24 08:00:00,2454.67,2459.33,2436.41,2454.84,20193.2494,49442627.488997,158928,11101.1065,27184331.229866
2026-08-24 09:00:00,2454.84,2465.1,2453.75,2463.08,13094.3532,32217657.339082,112747,8479.7034,20864317.098817
2026-08-24 10:00:00,2463.07,2490.89,2461.73,2465.2,22322.7876,55248268.438055,178284,11950.1711,29583056.905648
2026-08-24 11:00:00,2465.2,2509.0,2454.4,2494.18,29409.1072,73147686.590465,286908,15922.0949,39611378.827137
2026-08-24 12:00:00,2494.18,2518.54,2474.5,2512.54,32212.2265,80474527.592739,240791,19216.2471,48021315.244308
2026-08-24 13:00:00,2512.54,2519.88,2476.31,2493.83,37059.5454,92623172.594718,346949,18796.4705,46992651.82253
2026-08-24 14:00:00,2493.83,2532.12,2491.61,2516.16,45278.8299,113890201.514488,418324,23556.1025,59270728.565634
2026-08-24 15:00:00,2516.16,2532.95,2479.38,2487.99,38855.3412,97434375.153494,327007,17090.8857,42878860.561614
2026-08-24 16:00:00,2487.99,2506.0,2469.02,2478.43,28194.0355,70244046.133387,265822,14008.1973,34915516.005601
2026-08-24 17:00:00,2478.43,2484.29,2455.0,2468.97,26300.4336,64889540.9017,310055,12095.5846,29844763.520375
2026-08-24 18:00:00,2468.97,2483.78,2467.19,2473.84,16616.8982,41157071.222386,138878,9325.9828,23096872.736614
2026-08-24 19:00:00,2473.85,2477.69,2461.87,2471.4,16010.6571,39551079.016134,131913,7538.305,18622533.175417
2026-08-24 20:00:00,2471.48,2479.21,2465.46,2475.16,6569.184,16238910.539222,70800,3300.1976,8158938.814673
2026-08-24 21:00:00,2475.16,2489.67,2475.16,2483.56,6943.7893,17233665.992156,56253,4034.9623,10013429.044031
2026-08-24 22:00:00,2483.56,2485.38,2472.5,2474.26,6995.5242,17347413.962634,65061,3495.8094,8669617.400554
2026-08-24 23:00:00,2474.27,2487.24,2470.7,2482.31,7330.0295,18184505.413406,99789,3974.9436,9861800.79253
2026-08-25 00:00:00,2482.31,2504.74,2472.18,2493.61,15833.5968,39394076.737903,191250,8278.1478,20591425.244568
2026-08-25 01:00:00,2493.61,2504.62,2484.88,2495.99,14009.329,34955917.990317,126296,7539.7312,18812127.275737
2026-08-25 02:00:00,2495.99,2532.5,2492.31,2507.69,32395.6703,81505508.658841,352556,17671.7849,44472276.540932
2026-08-25 03:00:00,2507.7,2514.55,2488.99,2499.29,14206.6754,35564401.411719,143490,6288.4851,15745571.475927
2026-08-25 04:00:00,2499.3,2504.09,2488.96,2494.99,11684.8604,29154478.249675,113105,5318.0969,13267858.401418
2026-08-25 05:00:00,2494.99,2511.82,2493.77,2508.73,10311.6664,25831540.119071,138027,5388.9455,13498436.286696
2026-08-25 06:00:00,2508.73,2515.43,2496.04,2500.88,7866.6959,19711575.602957,94687,2940.3922,7369304.348316
2026-08-25 07:00:00,2500.89,2513.0,2464.41,2478.94,21618.6395,53802251.085799,122634,8621.2244,21459390.47825
2026-08-25 08:00:00,2478.94,2498.0,2475.0,2484.82,13617.6337,33854608.683474,134144,6725.8927,16721330.00509
2026-08-25 09:00:00,2484.82,2492.0,2462.81,2474.67,14565.1871,36115178.134692,171431,6512.5372,16153748.102074
2026-08-25 10:00:00,2474.67,2485.83,2469.87,2481.82,8631.7367,21394468.499342,90646,4250.0688,10534048.788901
2026-08-25 11:00:00,2481.82,2486.16,2474.76,2477.91,7247.1887,17969755.218755,111206,3778.3708,9368192.207841
2026-08-25 12:00:00,2477.9,2481.37,2458.01,2473.5,16993.8847,41974904.062257,156966,7055.8755,17426141.155625
2026-08-25 13:00:00,2473.51,2477.08,2440.0,2460.73,27594.5647,67921246.577592,268239,11750.9436,28928795.387922
2026-08-25 14:00:00,2460.73,2484.0,2454.33,2476.91,19279.4426,47658540.322566,268872,10148.4935,25086263.48381
2026-08-25 15:00:00,2476.92,2483.85,2466.14,2482.88,13271.3533,32850892.887908,131611,4702.4735,11641289.400575
2026-08-25 16:00:00,2482.89,2485.6,2467.1,2470.68,9753.9446,24146377.430923,132224,3713.958,9191538.246287
2026-08-25 17:00:00,2470.68,2471.47,2455.93,2471.03,13080.7242,32236955.130303,103225,5149.2768,12689382.51139
2026-08-25 18:00:00,2471.04,2474.8,2464.23,2467.44,8754.387,21629067.614746,63718,3326.2105,8217775.041671
2026-08-25 19:00:00,2467.44,2470.13,2455.54,2463.42,11226.2254,27654075.945351,67662,5363.4243,13214539.461238
2026-08-25 20:00:00,2463.42,2464.24,2433.62,2436.44,16335.3831,39969209.410015,160858,6567.3734,16074507.057094
2026-08-25 21:00:00,2436.44,2443.9,2414.64,2441.79,20143.916,48948191.007359,167709,8745.483,21263343.809699
2026-08-25 22:00:00,2441.8,2455.78,2441.8,2453.84,6387.4583,15641366.52121,90408,3464.226,8482336.293294
2026-08-25 23:00:00,2453.85,2456.51,2437.07,2442.64,6578.7972,16110963.811045,91264,2878.5337,7050215.275883
2026-08-26 00:00:00,2442.65,2450.51,2435.81,2446.24,8066.5223,19700010.286291,115139,3344.8517,8170249.76244
2026-08-26 01:00:00,2446.24,2462.32,2445.0,2455.99,6541.8205,16069315.032875,101994,4260.6178,10466458.73309
2026-08-26 02:00:00,2455.98,2469.82,2454.05,2465.21,4986.1029,12282745.363489,64928,3034.2788,7473561.597724
2026-08-26 03:00:00,2465.21,2468.0,2458.66,2465.57,4758.0286,11723068.208881,53873,2528.6829,6230550.340476
2026-08-26 04:00:00,2465.56,2472.86,2455.68,2456.9,7464.6422,18396690.682302,75012,3125.9654,7706088.248955
2026-08-26 05:00:00,2456.89,2468.0,2451.49,2464.92,5957.0733,14655136.461531,77074,2657.0139,6537304.114726
2026-08-26 06:00:00,2464.91,2467.47,2453.59,2460.13,6025.7466,14824208.492679,58158,2345.8694,5769813.42758
2026-08-26 07:00:00,2460.14,2468.66,2457.22,2461.78,9351.9319,23045643.416732,56986,4530.9964,11165165.228552
2026-08-26 08:00:00,2461.78,2470.0,2453.66,2456.29,11249.8754,27709924.238842,103887,5643.4042,13900716.040143
2026-08-26 09:00:00,2456.29,2461.0,2442.76,2447.87,9405.8872,23051926.901688,106151,5049.9077,12377284.305462
2026-08-26 10:00:00,2447.86,2475.61,2444.69,2468.96,11974.6254,29475051.44629,104609,7084.2771,17436176.149901
2026-08-26 11:00:00,2468.97,2473.25,2456.32,2463.09,6721.3461,16573483.7508,102263,2933.4908,7233374.648508
2026-08-26 12:00:00,2463.09,2472.05,2443.76,2455.01,12480.7434,30689048.023424,176472,5465.6568,13442918.804304
2026-08-26 13:00:00,2455.01,2462.76,2437.11,2457.3,17671.007,43289872.503811,244896,9205.7051,22561714.768135
2026-08-26 14:00:00,2457.3,2462.14,2438.41,2439.38,12836.8844,31468163.758734,149991,5776.3976,14160303.132207
2026-08-26 15:00:00,2439.38,2455.38,2432.32,2449.85,16157.0715,39492806.255495,157167,8320.3976,20337134.502024
2026-08-26 16:00:00,2449.85,2455.36,2438.1,2444.64,8549.4407,20927862.497254,81812,3546.6238,8680542.18043
2026-08-26 17:00:00,2444.65,2467.03,2443.8,2460.84,10313.2664,25356132.505876,119762,4993.4285,12274032.383479
2026-08-26 18:00:00,2460.84,2474.34,2458.85,2472.69,8857.6172,21853784.790892,91544,4918.632,12135447.906468
2026-08-26 19:00:00,2472.69,2483.52,2468.0,2470.79,13772.9042,34076962.271134,120281,7449.0883,18431363.676093
2026-08-26 20:00:00,2470.79,2474.49,2460.29,2472.27,10682.7156,26371651.03858,86523,5000.4963,12344263.570049
2026-08-26 21:00:00,2472.27,2505.0,2470.56,2496.82,20590.6791,51323814.150134,166653,12185.7785,30370297.321723
2026-08-26 22:00:00,2496.82,2515.38,2489.49,2493.73,13587.5517,34014314.101677,157522,7732.3735,19363248.153454
2026-08-26 23:00:00,2493.72,2512.69,2488.33,2506.78,12579.7871,31465562.807818,114962,7087.4357,17729583.503328
2026-08-27 00:00:00,2506.78,2510.64,2492.0,2492.01,10038.4023,25105921.418238,118549,5053.6409,12637409.708323
2026-08-27 01:00:00,2492.0,2506.15,2487.03,2497.87,10271.3186,25662013.218629,151808,5434.6014,13579517.799703
2026-08-27 02:00:00,2497.87,2504.95,2493.12,2494.73,4827.1326,12060648.143008,65137,2336.5527,5838216.251649
2026-08-27 03:00:00,2494.73,2499.03,2489.2,2492.89,7708.3983,19221640.995652,78890,3081.5016,7685976.412553
2026-08-27 04:00:00,2492.89,2495.75,2484.24,2487.38,6271.1001,15612786.447958,67050,2161.2583,5380316.298128
2026-08-27 05:00:00,2487.39,2497.94,2481.74,2496.63,6463.0769,16093596.005461,77022,3161.2756,7872511.720342
2026-08-27 06:00:00,2496.63,2496.63,2484.2,2493.11,4673.3062,11627833.401134,61023,1786.1855,4443997.321703
2026-08-27 07:00:00,2493.11,2499.0,2488.86,2497.16,6268.2625,15626367.399564,72178,2455.7045,6122547.484478
2026-08-27 08:00:00,2497.17,2546.84,2497.05,2531.05,40310.6579,101802501.99403,307890,23765.8842,60017690.706362
2026-08-27 09:00:00,2531.05,2566.53,2525.45,2534.94,31437.4402,80030217.294927,295594,17283.5685,43987287.587906
2026-08-27 10:00:00,2534.94,2539.98,2486.97,2503.6,29729.6134,74672257.156393,285548,14578.3287,36605601.601488
2026-08-27 11:00:00,2503.6,2510.18,2492.56,2501.73,11345.0037,28400780.72844,129514,4191.4559,10494399.154872
2026-08-27 12:00:00,2501.74,2507.55,2492.28,2494.9,11338.2583,28359287.043331,108527,4234.7926,10594895.549341
2026-08-27 13:00:00,2494.9,2506.86,2482.54,2496.68,16255.4612,40540934.060458,262462,7780.0363,19409990.168922
2026-08-27 14:00:00,2496.69,2523.46,2489.04,2517.44,24755.0865,62103865.027605,264428,12749.8657,32006302.256838
2026-08-27 15:00:00,2517.44,2531.84,2513.62,2521.68,21621.0344,54541520.171681,254196,12411.2691,31307460.515914
2026-08-27 16:00:00,2521.68,2533.24,2516.32,2522.31,13299.2104,33576580.152706,124181,5692.6514,14375410.129019
2026-08-27 17:00:00,2522.31,2533.78,2515.36,2518.07,14916.3393,37667678.828689,161451,6087.8834,15377922.42011
2026-08-27 18:00:00,2518.07,2518.21,2488.74,2506.69,24003.7481,59960011.482298,155630,8796.1841,21977179.061368
2026-08-27 19:00:00,2506.69,2514.34,2497.51,2498.21,15462.8443,38784014.6277,107040,7513.6806,18845936.91195
2026-08-27 20:00:00,2498.22,2507.91,2495.06,2507.83,5372.936,13441937.389413,73725,2527.3327,6323396.537427
2026-08-27 21:00:00,2507.84,2508.79,2499.22,2504.12,5887.8717,14741176.161963,52711,2328.6226,5829449.796722
2026-08-27 22:00:00,2504.12,2516.98,2504.12,2515.15,9923.0584,24937034.674126,88624,6348.1895,15954832.048511
2026-08-27 23:00:00,2515.16,2516.81,2509.05,2510.94,4734.4987,11900238.638062,63351,2075.8567,5217420.711197
2026-08-28 00:00:00,2510.94,2519.91,2506.02,2515.61,6319.2257,15883091.907621,103143,3127.6083,7861932.740329
2026-08-28 01:00:00,2515.61,2535.05,2507.83,2512.44,14664.416,36998503.500199,139258,7919.9591,19987535.785299
2026-08-28 02:00:00,2512.44,2512.44,2486.09,2492.26,14721.0814,36767940.58305,162891,6027.3306,15050137.075402
2026-08-28 03:00:00,2492.26,2495.6,2486.24,2489.92,5660.3707,14100368.451676,86599,2397.4112,5972224.458306
2026-08-28 04:00:00,2489.91,2496.17,2477.49,2486.18,8312.1118,20667380.029671,106750,3172.4269,7889360.949005
2026-08-28 05:00:00,2486.18,2497.44,2482.23,2493.32,6358.9477,15841016.187468,75205,3184.8837,7934550.578703
2026-08-28 06:00:00,2493.32,2505.37,2493.31,2503.0,7173.6332,17945905.017333,66578,4109.1113,10279106.454403
2026-08-28 07:00:00,2503.01,2503.42,2494.1,2496.48,9300.5858,23219642.641841,67304,4083.2326,10193489.547457
2026-08-28 08:00:00,2496.47,2503.66,2486.52,2488.05,10339.3477,25815302.397472,84921,4192.5255,10469057.22475
2026-08-28 09:00:00,2488.05,2493.24,2483.4,2489.58,8732.645,21726642.516822,71773,3075.0931,7656350.861016
2026-08-28 10:00:00,2489.57,2509.08,2482.17,2506.56,8473.1451,21135559.392021,83955,5580.5922,13929199.888603
2026-08-28 11:00:00,2506.57,2511.51,2502.43,2505.1,7415.1881,18593361.867828,89572,3077.6082,7717979.192149
2026-08-28 12:00:00,2505.1,2508.41,2495.29,2499.11,4979.1026,12452913.580052,59393,2616.7052,6544816.226558
2026-08-28 13:00:00,2499.1,2518.26,2495.22,2509.17,18227.1282,45675810.486309,148080,12780.7117,32035541.377478
2026-08-28 14:00:00,2509.17,2526.64,2468.0,2513.0,49210.4249,122900333.290155,558263,23637.355,59105386.477703
2026-08-28 15:00:00,2513.0,2519.25,2470.0,2471.89,33015.8405,82329665.607698,283252,11460.4035,28628914.627061
2026-08-28 16:00:00,2471.89,2473.95,2405.97,2442.29,77040.49,187961834.608988,624880,34019.677,82955260.132413
2026-08-28 17:00:00,2442.3,2448.22,2437.43,2443.79,13245.1975,32346336.074521,174030,6084.331,14857891.170572
2026-08-28 18:00:00,2443.79,2445.02,2418.08,2428.68,20796.9807,50524852.100925,145747,9708.6231,23581879.235993
2026-08-28 19:00:00,2428.67,2443.1,2428.62,2435.69,11643.3318,28359361.10037,108858,4839.2265,11787578.132883
2026-08-28 20:00:00,2435.68,2436.12,2424.03,2427.61,5722.7458,13908631.282987,52881,2354.4915,5722972.879529
2026-08-28 21:00:00,2427.61,2432.14,2422.36,2424.9,4722.7755,11462597.870699,51138,1807.6521,4386566.531017
2026-08-28 22:00:00,2424.91,2445.0,2422.68,2442.01,9336.5578,22745290.749475,61128,4672.0381,11382748.868197
2026-08-28 23:00:00,2442.01,2442.83,2436.47,2442.8,5671.1937,13835909.322766,44244,3202.5382,7812936.919412
2026-08-29 00:00:00,2442.79,2448.05,2441.02,2442.47,5333.4464,13038900.66763,45662,3348.4028,8187138.416665
2026-08-29 01:00:00,2442.47,2445.92,2439.18,2443.78,3843.4627,9387533.89716,32183,1398.353,3416158.554125
2026-08-29 02:00:00,2443.77,2444.95,2435.59,2438.73,3903.7061,9523629.219569,38494,1872.9794,4569150.550154
2026-08-29 03:00:00,2438.72,2441.62,2434.56,2435.23,3828.7446,9336710.998197,35004,1868.2847,4556268.827
2026-08-29 04:00:00,2435.24,2441.13,2434.65,2440.45,3175.398,7743250.950283,29244,1735.8547,4232958.139665
2026-08-29 05:00:00,2440.45,2442.03,2437.98,2438.62,3972.5746,9693802.061098,30816,2072.4308,5056892.463255
2026-08-29 06:00:00,2438.62,2439.05,2430.45,2435.16,3603.2884,8769664.245673,38090,1376.0073,3349182.62873
2026-08-29 07:00:00,2435.17,2438.0,2434.16,2436.41,3357.706,8180060.984527,29965,1838.8499,4479478.440043
2026-08-29 08:00:00,2436.4,2436.4,2431.2,2434.15,3803.1816,9254120.628208,27449,2176.3984,5295530.340327
2026-08-29 09:00:00,2434.14,2437.29,2433.65,2435.44,3585.173,8731864.931634,21327,1829.7554,4456458.410306
2026-08-29 10:00:00,2435.43,2438.41,2431.43,2434.72,2840.5679,6917917.03382,23788,1569.0896,3820963.170673
2026-08-29 11:00:00,2434.71,2438.5,2433.63,2435.87,2291.7896,5583717.071074,21176,1200.7115,2925251.668495
2026-08-29 12:00:00,2435.88,2438.96,2433.14,2434.33,2306.1732,5617247.211689,20157,1216.6689,2963850.138373
2026-08-29 13:00:00,2434.33,2436.51,2432.42,2435.63,5762.1485,14025573.09618,31449,1598.4095,3891304.112498
2026-08-29 14:00:00,2435.63,2452.64,2435.05,2448.58,7417.4232,18128714.915427,62811,4816.7298,11772743.403685
2026-08-29 15:00:00,2448.59,2449.35,2441.03,2444.76,4594.7812,11232197.975768,41250,2387.4668,5836317.712782
2026-08-29 16:00:00,2444.75,2457.77,2444.52,2450.98,8805.9659,21579671.042153,56676,5180.2508,12694987.760859
2026-08-29 17:00:00,2450.99,2455.44,2445.57,2450.74,8009.9475,19635474.176053,43490,3605.2698,8837209.834382
2026-08-29 18:00:00,2450.74,2455.83,2445.6,2452.45,8539.113,20943123.941494,41544,4505.2387,11046487.251567
2026-08-29 19:00:00,2452.45,2458.9,2451.7,2453.51,3897.5449,9571616.232659,42426,2486.258,6105518.445366
2026-08-29 20:00:00,2453.51,2458.24,2451.7,2452.82,2521.0013,6187780.371412,28707,1288.3825,3162644.36222
2026-08-29 21:00:00,2452.82,2454.09,2449.08,2451.47,2265.0166,5552845.306892,27799,1116.475,2737510.045999
2026-08-29 22:00:00,2451.47,2453.25,2449.37,2452.64,1863.8534,4569155.155185,21896,1332.0882,3265529.816878
2026-08-29 23:00:00,2452.63,2459.76,2452.63,2457.67,4001.9179,9826639.554161,36986,2327.1548,5714496.214843
2026-08-30 00:00:00,2457.67,2467.93,2454.53,2458.95,5489.2364,13515359.587284,67387,3130.6983,7707750.863055
2026-08-30 01:00:00,2458.94,2460.62,2453.08,2456.37,4329.9676,10637013.019411,46094,2270.1679,5577505.010131
2026-08-30 02:00:00,2456.37,2458.99,2453.6,2454.97,3370.9771,8280826.641223,36437,1729.5401,4248155.119523
2026-08-30 03:00:00,2454.97,2460.72,2454.17,2457.15,3413.0578,8388108.444088,34187,2072.231,5092545.996454
2026-08-30 04:00:00,2457.14,2458.75,2451.55,2455.87,6970.6771,17112473.024221,36485,2668.6958,6551879.469522
2026-08-30 05:00:00,2455.86,2460.0,2455.11,2456.36,3102.5747,7622857.88068,22341,1369.8596,3365517.793703
2026-08-30 06:00:00,2456.35,2461.52,2455.01,2461.07,3315.4443,8150607.458194,25702,1732.999,4260248.03311
2026-08-30 07:00:00,2461.07,2461.29,2455.0,2455.28,3413.3024,8388862.485961,22175,1531.0336,3762621.474989
2026-08-30 08:00:00,2455.28,2459.9,2454.72,2456.86,2614.3275,6424074.945108,29075,1249.1003,3069275.17949
2026-08-30 09:00:00,2456.87,2458.24,2451.79,2453.54,3814.7488,9365271.904321,30302,1529.2457,3754028.332097
2026-08-30 10:00:00,2453.54,2459.8,2452.5,2459.68,3869.6043,9505766.20201,32147,2353.9765,5782984.151706
2026-08-30 11:00:00,2459.68,2461.81,2456.51,2460.41,4487.7731,11037528.156533,40562,2227.0473,5476801.607221
2026-08-30 12:00:00,2460.42,2473.3,2458.73,2469.47,13608.0752,33562720.400258,111949,7034.509,17351815.30837
2026-08-30 13:00:00,2469.47,2478.44,2460.87,2475.59,9825.3635,24279557.704356,115169,4841.1528,11966918.42645
2026-08-30 14:00:00,2475.58,2479.71,2470.91,2477.12,11082.9787,27445075.982035,87815,5421.7138,13425830.488598
2026-08-30 15:00:00,2477.13,2484.0,2471.86,2481.11,9469.9076,23464353.704987,67302,4044.2451,10022018.987324
2026-08-30 16:00:00,2481.11,2534.98,2479.28,2529.28,40675.3274,102350124.205142,284683,26027.3337,65503394.821078
2026-08-30 17:00:00,2529.27,2529.27,2494.36,2505.73,17579.3243,44108259.23092,203965,6934.2534,17394785.889412
2026-08-30 18:00:00,2505.73,2517.54,2496.59,2510.64,8012.3212,20098464.937881,85761,4223.1415,10596803.77654
2026-08-30 19:00:00,2510.64,2513.33,2496.25,2503.83,5231.1648,13102905.874188,74748,2442.6675,6118465.306881
2026-08-30 20:00:00,2503.82,2508.6,2485.28,2490.81,9747.1558,24339265.650218,107363,3493.9258,8730885.518672
2026-08-30 21:00:00,2490.82,2490.82,2460.18,2481.56,17580.4918,43512724.772478,198629,7976.1277,19738988.43802
2026-08-30 22:00:00,2481.57,2488.77,2460.4,2470.63,11884.6268,29376343.634687,137129,5973.6054,14764625.245764
2026-08-30 23:00:00,2470.62,2470.62,2387.28,2416.88,65409.5221,158581291.939947,498738,24095.4312,58419133.162796
2026-08-31 00:00:00,2416.89,2441.9,2406.53,2428.25,21801.4593,52882741.400546,189019,11177.4936,27134913.429496
2026-08-31 01:00:00,2428.24,2430.75,2409.49,2412.95,17449.6471,42210605.118898,161515,8724.8922,21104525.844183
2026-08-31 02:00:00,2412.95,2425.31,2401.35,2407.9,9595.3566,23156184.707027,132497,3930.9348,9490714.28484
2026-08-31 03:00:00,2407.91,2424.24,2405.03,2420.94,6133.5769,14825046.38555,96928,3351.9994,8100898.393636
2026-08-31 04:00:00,2420.94,2421.29,2411.34,2417.68,8318.9572,20085343.340718,102211,3091.8294,7464887.177914
2026-08-31 05:00:00,2417.67,2441.93,2414.1,2435.99,12360.5113,30053780.50041,134899,6367.0859,15479861.621364
2026-08-31 06:00:00,2436.0,2444.83,2431.32,2438.66,9080.2755,22153295.583612,89942,4882.1948,11912200.650181
2026-08-31 07:00:00,2438.66,2446.6,2436.17,2440.38,7598.4676,18549354.76476,84677,3662.5787,8940579.671126
2026-08-31 08:00:00,2440.38,2449.69,2433.56,2446.14,10074.9945,24586121.35643,105680,4623.8998,11286980.47557
2026-08-31 09:00:00,2446.15,2456.7,2443.03,2446.7,9353.1135,22908905.047732,120273,4260.896,10438061.36043
2026-08-31 10:00:00,2446.71,2456.9,2440.82,2455.63,12876.5817,31550344.917701,114196,4628.5026,11342123.878473
2026-08-31 11:00:00,2455.64,2458.02,2444.02,2446.35,7395.4931,18137279.31124,86144,3456.0289,8477773.647271
2026-08-31 12:00:00,2446.36,2464.27,2444.59,2451.55,13907.0494,34121100.306793,187303,6432.4231,15785493.685623
2026-08-31 13:00:00,2451.55,2459.03,2437.05,2440.28,13172.5615,32251928.688361,176224,6242.5086,15287061.725569
2026-08-31 14:00:00,2440.29,2475.0,2437.75,2467.56,24090.3456,59193590.288348,328340,14106.0077,34663948.10172
2026-08-31 15:00:00,2467.57,2478.09,2458.28,2467.68,15473.6501,38195350.038795,181759,8603.6748,21241679.557724
2026-08-31 16:00:00,2467.68,2477.24,2462.05,2469.2,11750.932,29003839.594449,103640,6786.229,16751484.786689
2026-08-31 17:00:00,2469.19,2477.37,2461.26,2475.42,9600.1435,23712653.417612,96922,5116.8479,12640554.897886
2026-08-31 18:00:00,2475.41,2489.89,2468.98,2477.8,12840.7312,31822893.418924,113680,6283.7788,15573454.259556
2026-08-31 19:00:00,2477.81,2489.95,2477.4,2481.84,12500.2288,31042977.820478,74776,7077.6262,17577986.813672
2026-08-31 20:00:00,2481.84,2487.0,2470.06,2472.62,5780.9663,14317953.314519,53537,2559.0438,6339261.743679
2026-08-31 21:00:00,2472.63,2483.51,2467.64,2478.27,6285.542,15566829.222167,57348,3152.2295,7805956.435529
2026-08-31 22:00:00,2478.27,2480.91,2467.72,2469.45,3865.5252,9555790.047048,57277,1614.5568,3991479.018597
2026-08-31 23:00:00,2469.45,2469.45,2462.0,2467.65,3915.7446,9654930.539856,55326,1869.7794,4610776.754633
2026-09-01 00:00:00,2467.64,2477.55,2465.42,2471.61,6555.7578,16210644.086428,78436,3522.0212,8707481.235869
2026-09-01 01:00:00,2471.62,2476.22,2458.18,2462.86,7182.2715,17711032.135504,99345,3293.5657,8121977.084606
2026-09-01 02:00:00,2462.85,2465.34,2454.66,2465.08,7215.5597,17748899.205122,69201,3250.12,7995414.513486
2026-09-01 03:00:00,2465.09,2482.8,2463.3,2472.21,8543.4613,21138635.150583,89017,4214.2359,10426800.833061
2026-09-01 04:00:00,2472.21,2478.2,2468.72,2470.02,5922.7902,14645305.861313,53292,2937.2378,7262637.94149
2026-09-01 05:00:00,2470.02,2485.5,2468.73,2484.54,8773.2436,21751024.926698,58600,5373.7552,13323480.399421
2026-09-01 06:00:00,2484.54,2484.55,2471.61,2471.61,6115.1352,15148706.067492,52323,2740.003,6786807.086284
2026-09-01 07:00:00,2471.61,2477.22,2466.57,2472.72,6434.0688,15907416.786951,75260,3437.092,8496969.512408
2026-09-01 08:00:00,2472.72,2473.62,2444.92,2448.17,21078.0254,51730213.393585,186335,9827.8943,24118234.744896
2026-09-01 09:00:00,2448.18,2455.0,2443.44,2452.44,8281.8056,20286678.737909,106287,4374.8521,10715912.743544
2026-09-01 10:00:00,2452.44,2463.55,2448.35,2456.97,9715.0517,23856118.001753,86455,6063.6503,14886389.367532
2026-09-01 11:00:00,2456.97,2464.73,2452.77,2459.18,6384.3509,15694856.881093,56491,3285.7656,8078426.14044
2026-09-01 12:00:00,2459.18,2459.32,2438.43,2446.61,12105.9852,29640701.740144,126084,4503.881,11028298.634067
2026-09-01 13:00:00,2446.62,2450.0,2426.58,2444.41,20969.2723,51162955.810721,189634,8340.682,20354159.067184
2026-09-01 14:00:00,2444.42,2457.64,2442.05,2449.29,16110.3873,39496684.661553,146475,8402.5162,20599224.786726
2026-09-01 15:00:00,2449.3,2454.68,2435.0,2448.97,11376.7945,27790117.012469,88563,5693.3254,13906846.685726
2026-09-01 16:00:00,2448.97,2449.6,2420.01,2432.83,15662.7999,38109181.85014,156863,7602.7192,18496188.942458
2026-09-01 17:00:00,2432.83,2439.53,2416.85,2418.18,12086.2016,29338318.813585,101812,4523.6658,10983380.85437
2026-09-01 18:00:00,2418.18,2421.98,2383.34,2412.83,36005.5501,86564519.879598,251635,16692.0404,40139751.933196
2026-09-01 19:00:00,2412.83,2424.89,2412.24,2419.18,11583.273,28004092.852962,99509,6950.6118,16805955.320467
2026-09-01 20:00:00,2419.19,2423.12,2413.07,2421.32,6994.2204,16916907.00217,76998,3919.5327,9479298.089245
2026-09-01 21:00:00,2421.33,2423.39,2400.42,2415.46,11459.8559,27636326.298756,110451,6444.627,15539202.241646
2026-09-01 22:00:00,2415.46,2418.7,2405.85,2413.18,12277.7378,29599361.38133,61331,4262.2422,10277086.817681
2026-09-01 23:00:00,2413.17,2427.15,2411.0,2418.57,7754.0827,18762046.175656,53894,4731.8795,11447367.705406
2026-09-02 00:00:00,2418.58,2422.32,2405.87,2408.85,7274.2694,17556271.131089,89469,3541.3632,8548241.393452
2026-09-02 01:00:00,2408.84,2415.0,2386.74,2399.32,14811.6916,35560628.124598,150129,6805.7998,16343148.788647
2026-09-02 02:00:00,2399.32,2411.01,2395.0,2409.92,9401.4828,22613282.312716,105268,4959.9526,11930615.459417
2026-09-02 03:00:00,2409.93,2424.3,2408.64,2414.42,12151.7278,29358750.17346,106894,6406.0328,15476883.384755
2026-09-02 04:00:00,2414.42,2416.49,2405.44,2415.23,7359.4966,17756612.802465,70050,4098.6954,9889616.414208
2026-09-02 05:00:00,2415.23,2425.0,2409.45,2422.53,6893.6865,16674478.852952,84496,3748.9477,9068857.555094
2026-09-02 06:00:00,2422.53,2425.5,2414.98,2420.73,8489.7809,20546399.18238,67955,3830.9602,9270992.360864
2026-09-02 07:00:00,2420.73,2429.0,2417.6,2417.9,6328.5646,15337413.488972,73226,3496.6042,8475692.234363
2026-09-02 08:00:00,2417.9,2420.64,2390.09,2393.16,16675.4326,40085321.72797,133336,7861.8515,18885978.518029
2026-09-02 09:00:00,2393.15,2400.0,2366.9,2376.61,28573.6103,68021086.908595,169115,13657.389,32510283.495682
2026-09-02 10:00:00,2376.62,2376.89,2356.41,2372.76,18785.4313,44467760.53601,110207,8183.1735,19374735.367554
2026-09-02 11:00:00,2372.73,2382.28,2367.52,2381.88,16350.494,38834938.874883,109916,10610.6912,25202695.584203
2026-09-02 12:00:00,2381.87,2390.0,2377.21,2377.65,13001.5802,30986303.762023,92234,7614.3608,18147222.888363
2026-09-02 13:00:00,2377.65,2419.72,2377.64,2402.99,26280.6169,63060672.93109,157351,15865.1083,38079745.755703
2026-09-02 14:00:00,2403.0,2410.9,2393.15,2394.45,13599.7026,32656849.337507,106866,6736.4061,16180497.710824
2026-09-02 15:00:00,2394.46,2399.09,2379.01,2390.98,17063.4731,40764171.285309,157963,8172.2174,19527112.325234
2026-09-02 16:00:00,2390.98,2404.8,2384.81,2386.2,12579.0998,30112687.272391,90874,6312.9769,15113779.454825
2026-09-02 17:00:00,2386.21,2394.3,2372.55,2393.77,11843.1228,28213022.404056,91453,5851.3249,13939760.196667
2026-09-02 18:00:00,2393.77,2399.91,2390.39,2394.93,7984.9934,19119897.824458,82430,3556.3059,8516077.483214
2026-09-02 19:00:00,2394.92,2396.67,2383.14,2392.99,6876.8741,16432693.574626,64280,3750.9675,8962206.376827
2026-09-02 20:00:00,2393.0,2399.74,2386.08,2393.56,7723.3638,18482979.241544,54504,3849.9933,9212316.784275
2026-09-02 21:00:00,2393.56,2395.09,2389.38,2390.15,4092.8953,9790102.454405,41471,1878.2895,4492447.048859
2026-09-02 22:00:00,2390.14,2390.15,2378.64,2379.81,6113.3481,14569754.131936,73675,2727.1172,6498451.49296
2026-09-02 23:00:00,2379.81,2393.63,2377.77,2391.92,5354.9078,12775968.681625,55957,3433.2547,8192557.44703
2026-09-03 00:00:00,2391.91,2395.41,2379.26,2379.84,6844.055,16323545.90607,76431,3136.5414,7482744.180799
2026-09-03 01:00:00,2379.82,2394.61,2370.14,2386.81,10881.7295,25958345.839416,151932,6101.3124,14559657.012267
2026-09-03 02:00:00,2386.8,2409.73,2382.53,2406.08,10233.8414,24552843.098252,88592,6199.3677,14877920.013816
2026-09-03 03:00:00,2406.09,2410.94,2399.78,2403.3,7732.3578,18598611.192639,52143,4730.9873,11379750.363065
2026-09-03 04:00:00,2403.29,2408.31,2396.94,2408.31,6243.5054,15001155.345801,49246,3101.8598,7454332.829733
2026-09-03 05:00:00,2408.3,2410.0,2379.41,2404.81,11195.7719,26822240.559229,101360,6058.4203,14517805.517097
2026-09-03 06:00:00,2404.82,2410.24,2400.37,2408.6,9065.6667,21814127.548237,83989,6475.9146,15584985.853795
2026-09-03 07:00:00,2408.6,2419.33,2395.85,2398.68,14022.8773,33773972.701221,117278,8514.0228,20509708.304025
2026-09-03 08:00:00,2398.68,2413.04,2398.67,2403.69,10453.2385,25145263.764564,101096,6646.6045,15987230.139355
2026-09-03 09:00:00,2403.69,2407.64,2393.57,2393.58,8785.3227,21082217.745837,62838,5432.9408,13038601.578774
2026-09-03 10:00:00,2393.57,2398.86,2390.0,2396.83,8074.5748,19334068.263627,63845,5360.3653,12834943.034324
2026-09-03 11:00:00,2396.83,2411.35,2395.71,2407.2,9413.2046,22629139.86811,83531,5346.6319,12853376.146643
2026-09-03 12:00:00,2407.2,2427.0,2405.09,2423.27,18391.3684,44437871.084626,136647,11051.1239,26703473.465802
2026-09-03 13:00:00,2423.27,2436.21,2415.87,2430.17,21659.4411,52560975.575293,159431,13936.3528,33820904.578502
2026-09-03 14:00:00,2430.17,2489.9,2425.71,2489.46,47006.2579,115607903.880133,366780,28276.114,69518526.097279
2026-09-03 15:00:00,2489.46,2517.17,2479.2,2516.58,42850.9652,106983721.756177,389736,24180.241,60398666.45149
2026-09-03 16:00:00,2516.58,2519.0,2488.38,2494.09,22057.2758,55126977.67109,227904,10583.7704,26453444.568822
2026-09-03 17:00:00,2494.1,2506.0,2492.08,2500.49,10361.0627,25905475.322124,97193,5282.135,13204560.268968
2026-09-03 18:00:00,2500.49,2514.45,2498.37,2512.8,11556.1404,28947813.513157,100009,6977.4598,17479573.362555
2026-09-03 19:00:00,2512.8,2529.84,2507.19,2518.18,22665.2886,57023201.146409,189663,14302.9337,35990736.7094
2026-09-03 20:00:00,2518.18,2518.3,2502.37,2505.13,10814.7169,27139884.060319,109806,5598.2651,14051135.642684
2026-09-03 21:00:00,2505.13,2526.19,2500.62,2511.19,14072.202,35357014.93989,134141,6852.9925,17223237.641915
2026-09-03 22:00:00,2511.19,2512.57,2490.13,2496.54,9755.5402,24385501.785538,98483,4264.3019,10659254.039475
2026-09-03 23:00:00,2496.54,2509.16,2495.5,2507.51,7010.8961,17543131.674686,56729,3781.918,9464070.6012
2026-09-04 00:00:00,2507.5,2515.76,2500.86,2501.48,10804.5221,27091269.155846,107599,5026.4384,12605475.243501
2026-09-04 01:00:00,2501.48,2509.91,2497.26,2506.79,7309.6194,18300052.493701,85777,3870.0778,9689582.756875
2026-09-04 02:00:00,2506.79,2507.74,2497.05,2507.74,7193.0964,17991110.92592,54710,3387.8236,8476478.494242
2026-09-04 03:00:00,2507.74,2517.2,2505.13,2505.14,10488.2307,26333524.066557,65081,7722.0221,19390629.172554
2026-09-04 04:00:00,2505.14,2525.0,2502.55,2509.4,13547.6521,34063890.385809,94969,8031.438,20197054.090067
2026-09-04 05:00:00,2509.41,2516.56,2504.52,2509.25,9901.2486,24857993.336754,80127,6121.5934,15369728.06242
2026-09-04 06:00:00,2509.25,2519.08,2500.19,2508.19,10042.2299,25188773.194821,61853,6590.5395,16533113.665667
2026-09-04 07:00:00,2508.19,2516.5,2503.86,2504.39,17960.4854,45067156.607627,83008,8481.5291,21286535.309445
2026-09-04 08:00:00,2504.39,2534.47,2503.4,2527.15,24642.6367,62125775.640936,165893,14282.7149,36009420.888739
2026-09-04 09:00:00,2527.16,2546.66,2519.5,2521.33,30131.7703,76267567.741452,237425,18424.798,46639175.75804
2026-09-04 10:00:00,2521.33,2528.51,2514.67,2526.52,12721.4511,32083018.182299,110405,7702.7882,19429045.002923
2026-09-04 11:00:00,2526.52,2527.89,2520.43,2523.02,12251.9788,30927136.765242,72496,5837.6901,14734908.365382
2026-09-04 12:00:00,2523.03,2532.21,2434.69,2451.24,103506.029,255223126.44401,531110,43552.8412,107359709.510859
2026-09-04 13:00:00,2451.25,2463.86,2435.38,2452.27,33469.9511,82011950.343288,342892,17345.4722,42509904.269016
2026-09-04 14:00:00,2452.26,2458.49,2431.61,2440.18,28405.8194,69518227.409615,226961,11633.8682,28494629.577979
2026-09-04 15:00:00,2440.19,2458.76,2437.95,2451.98,12183.0817,29862324.909707,102640,6251.9213,15321753.887301
2026-09-04 16:00:00,2451.98,2464.49,2450.1,2460.23,13654.4238,33549592.267751,79776,6179.2838,15180448.464334
2026-09-04 17:00:00,2460.24,2460.81,2443.04,2445.36,16166.0912,39611910.11246,116355,5139.1293,12593206.30492
2026-09-04 18:00:00,2445.35,2452.13,2444.66,2450.74,8866.9695,21715709.185749,47845,2692.3585,6593534.130808
2026-09-04 19:00:00,2450.75,2457.75,2450.75,2455.84,10256.5399,25181726.822505,58117,4973.0365,12209736.04681
2026-09-04 20:00:00,2455.85,2458.91,2450.8,2451.18,5300.3329,13010049.512558,44579,2220.8434,5451762.441061
2026-09-04 21:00:00,2451.19,2456.84,2449.81,2451.8,6556.019,16088576.677054,54423,2813.5027,6905185.669982
2026-09-04 22:00:00,2451.79,2454.57,2450.56,2451.31,3811.2075,9347193.980339,33094,1697.1373,4162468.596546
2026-09-04 23:00:00,2451.32,2456.02,2450.0,2455.85,3096.3722,7595928.734617,19196,1847.1627,4531681.997789
2026-09-05 00:00:00,2455.86,2456.58,2451.69,2452.14,3295.1922,8086814.592376,24401,1580.2405,3878046.836521
2026-09-05 01:00:00,2452.15,2456.21,2451.51,2451.95,3684.7716,9042257.701804,31739,1735.4824,4258320.159928
2026-09-05 02:00:00,2451.95,2453.17,2450.12,2453.17,2935.0736,7196316.599842,30830,1305.9676,3201977.987316
2026-09-05 03:00:00,2453.17,2456.0,2451.09,2452.49,3389.7982,8316807.270815,26679,1894.4263,4648516.266035
2026-09-05 04:00:00,2452.5,2453.0,2447.9,2448.95,5211.9413,12774401.676477,25542,1939.7067,4754515.784251
2026-09-05 05:00:00,2448.95,2452.17,2444.47,2450.93,4838.6087,11847692.845255,31414,2235.3933,5473035.599358
2026-09-05 06:00:00,2450.93,2454.71,2450.44,2453.4,3346.6174,8206908.207454,28822,2070.8343,5078319.551976
2026-09-05 07:00:00,2453.41,2459.33,2452.94,2457.53,5021.8398,12336020.854835,36599,2686.6566,6600142.051265
2026-09-05 08:00:00,2457.53,2457.6,2453.15,2456.84,5045.6368,12390400.707984,31371,2388.5206,5864723.651053
2026-09-05 09:00:00,2456.85,2460.28,2456.83,2458.55,4246.8761,10442174.279037,31241,2419.9025,5949952.409758
2026-09-05 10:00:00,2458.54,2458.55,2454.05,2454.15,4628.7032,11368183.137438,30475,2517.6472,6182836.330169
2026-09-05 11:00:00,2454.15,2456.17,2453.0,2453.67,3148.2566,7726638.208432,24303,1816.7993,4458714.389096
2026-09-05 12:00:00,2453.67,2461.69,2453.0,2458.94,6213.55,15270516.654697,40653,4139.6909,10172779.565207
2026-09-05 13:00:00,2458.93,2462.0,2450.0,2454.15,7806.9039,19182375.028755,54733,4135.5952,10163896.57023
2026-09-05 14:00:00,2454.15,2459.79,2453.93,2457.26,5733.3255,14085754.483027,27242,3086.379,7583119.696093
2026-09-05 15:00:00,2457.26,2460.12,2455.86,2460.0,5274.3836,12967352.964881,36844,2517.3077,6188533.920142
2026-09-05 16:00:00,2459.99,2474.44,2458.89,2471.15,14615.2594,36071539.530238,77473,7863.4126,19408723.235211
2026-09-05 17:00:00,2471.15,2485.34,2471.05,2481.01,10609.8259,26297365.956756,82539,6015.053,14908858.41096
2026-09-05 18:00:00,2481.01,2482.17,2475.59,2480.5,5263.8724,13045021.807675,45503,2042.9327,5063241.744333
2026-09-05 19:00:00,2480.5,2482.65,2472.86,2477.57,5098.0072,12629681.972593,39732,2409.2955,5968175.795303
2026-09-05 20:00:00,2477.57,2483.64,2475.0,2477.5,6379.9543,15813182.682315,34662,3351.1035,8305060.433543
2026-09-05 21:00:00,2477.5,2493.57,2476.77,2489.12,5254.8057,13065204.840759,42857,3058.9738,7606447.783751
2026-09-05 22:00:00,2489.13,2491.05,2478.9,2480.98,5254.4396,13052522.299828,66357,2114.6803,5251934.043839
2026-09-05 23:00:00,2480.98,2483.66,2477.6,2480.34,3798.9191,9424191.582133,39574,2017.6625,5005385.158536
2026-09-06 00:00:00,2480.33,2492.6,2479.27,2490.2,6312.725,15695102.388439,53435,3738.138,9291782.059467
2026-09-06 01:00:00,2490.21,2508.05,2489.3,2505.57,18052.1331,45122486.546634,85023,10639.8651,26593331.672246
2026-09-06 02:00:00,2505.58,2511.2,2499.93,2503.38,13731.4794,34394478.621766,76106,6173.4971,15463267.322431
2026-09-06 03:00:00,2503.38,2514.55,2500.35,2508.86,5273.6914,13223348.862609,62089,3027.3028,7592323.333126
