open_time,open,high,low,close,volume,quote_volume,trades,taker_buy_base,taker_buy_quote
2026-07-26 12:00:00,1.1004,1.1029,1.0985,1.0987,1281421.5,1410058.94441,5742,558247.0,614379.97858
2026-07-26 13:00:00,1.0987,1.0988,1.0962,1.0977,1091648.3,1197920.05995,5261,401141.1,440243.13909
2026-07-26 14:00:00,1.0977,1.1016,1.0961,1.0998,1603112.2,1761543.83743,10521,740991.3,814308.73467
2026-07-26 15:00:00,1.0999,1.1053,1.0992,1.1047,1286432.8,1418214.55167,10059,646794.6,713131.85576
2026-07-26 16:00:00,1.1047,1.1069,1.1019,1.1031,1064579.9,1175432.53734,8330,444178.2,490560.81209
2026-07-26 17:00:00,1.1031,1.1033,1.101,1.102,709525.4,781865.09723,5370,344460.0,379566.71966
2026-07-26 18:00:00,1.1021,1.1032,1.1008,1.103,838027.6,923296.47146,3334,343371.4,378383.34422
2026-07-26 19:00:00,1.1031,1.1033,1.1014,1.1023,329920.9,363708.57909,2725,123403.1,136057.56213
2026-07-26 20:00:00,1.1024,1.1026,1.1008,1.1009,248795.8,274064.15067,1928,123406.0,135941.70565
2026-07-26 21:00:00,1.1009,1.1057,1.1001,1.1039,734997.3,811004.15533,6559,347171.5,383032.19843
2026-07-26 22:00:00,1.104,1.114,1.104,1.1126,4162638.7,4622009.04859,21405,2737259.6,3038926.69135
2026-07-26 23:00:00,1.1126,1.1167,1.1102,1.1131,2166528.1,2412360.33559,14290,1152774.1,1283839.97754
2026-07-27 00:00:00,1.1131,1.1134,1.107,1.1088,1802988.6,2001607.79482,11272,590935.6,656049.13075
2026-07-27 01:00:00,1.1088,1.1103,1.1025,1.1079,1272648.5,1407760.0044,10358,434935.6,481403.19513
2026-07-27 02:00:00,1.108,1.1088,1.1051,1.1057,882099.0,976315.94513,8228,365963.9,405103.59976
2026-07-27 03:00:00,1.1057,1.1082,1.1041,1.1074,1167971.8,1292139.03306,7357,453881.4,502099.34892
2026-07-27 04:00:00,1.1074,1.1099,1.1057,1.1064,1231776.8,1364682.24886,10079,389049.5,431024.25786
2026-07-27 05:00:00,1.1065,1.1107,1.1061,1.1104,1234579.1,1368716.17616,8540,528467.9,586014.23517
2026-07-27 06:00:00,1.1103,1.1153,1.11,1.111,1931938.8,2148671.35419,15070,702851.4,781611.42945
2026-07-27 07:00:00,1.1109,1.1117,1.1066,1.1077,1389636.5,1541816.30235,10116,551361.8,611740.23158
2026-07-27 08:00:00,1.1077,1.1081,1.1055,1.1066,1339573.0,1483183.18061,7642,396090.5,438518.82964
2026-07-27 09:00:00,1.1065,1.1092,1.1039,1.108,1733593.6,1918558.75173,9659,922956.0,1021655.79808
2026-07-27 10:00:00,1.108,1.1095,1.1068,1.1078,1436231.8,1591782.04762,7473,612387.2,678722.56935
2026-07-27 11:00:00,1.1079,1.11,1.1041,1.1053,1594815.8,1765239.66852,8932,640275.7,708620.62461
2026-07-27 12:00:00,1.1052,1.1072,1.0992,1.105,2280406.7,2515722.70111,13484,893894.9,986034.14709
2026-07-27 13:00:00,1.105,1.1141,1.1024,1.1076,3505039.8,3885743.18427,26444,1568317.1,1738152.67584
2026-07-27 14:00:00,1.1076,1.1083,1.0856,1.0907,6833655.6,7473246.35942,53093,2702099.1,2952647.29771
2026-07-27 15:00:00,1.0906,1.0919,1.0862,1.0865,3020997.6,3290082.47089,28144,1198262.1,1305114.40422
2026-07-27 16:00:00,1.0865,1.0956,1.0858,1.0936,2645193.7,2886210.46392,18345,1450592.0,1583391.06013
2026-07-27 17:00:00,1.0936,1.096,1.0861,1.094,3006940.1,3283681.33413,12845,1116345.8,1220263.75528
2026-07-27 18:00:00,1.094,1.0949,1.0867,1.0902,2772641.0,3021204.98806,13004,1320033.8,1437687.41845
2026-07-27 19:00:00,1.0902,1.0955,1.0885,1.0924,2375361.7,2594550.89592,14037,1438894.1,1571616.47375
2026-07-27 20:00:00,1.0924,1.0939,1.0891,1.0912,993070.0,1083741.78224,7568,487846.2,532336.16757
2026-07-27 21:00:00,1.0912,1.0919,1.0864,1.0869,1427285.1,1554278.58883,8598,650815.3,708446.23935
2026-07-27 22:00:00,1.0868,1.0869,1.0662,1.067,9072856.9,9754946.88021,45037,3940443.2,4235735.14022
2026-07-27 23:00:00,1.067,1.0688,1.0628,1.0661,5259081.9,5604395.50245,39447,2775535.2,2957990.03944
2026-07-28 00:00:00,1.0661,1.0664,1.0584,1.0592,2668119.4,2835811.61984,22302,1193040.9,1267885.89563
2026-07-28 01:00:00,1.0592,1.0624,1.0548,1.0579,3557090.6,3764055.77714,26274,1409234.6,1490922.01716
2026-07-28 02:00:00,1.0578,1.0598,1.0558,1.0576,2427973.0,2567618.636,11463,1135497.6,1200785.78021
2026-07-28 03:00:00,1.0575,1.0604,1.057,1.0585,1513645.0,1601914.08439,7907,549754.1,581749.05528
2026-07-28 04:00:00,1.0585,1.0586,1.0558,1.0566,1840228.7,1945349.61963,6070,561607.0,593788.02723
2026-07-28 05:00:00,1.0566,1.061,1.0565,1.058,1653795.2,1752238.20607,9728,701092.5,742741.75603
2026-07-28 06:00:00,1.058,1.0607,1.056,1.06,1829184.7,1935349.07266,10527,926323.9,980194.98857
2026-07-28 07:00:00,1.0601,1.0605,1.0545,1.0562,1954750.6,2067700.26193,11347,837479.1,886046.06319
2026-07-28 08:00:00,1.0561,1.0576,1.0545,1.0566,1816643.4,1918209.50676,8019,733527.3,774509.4406
2026-07-28 09:00:00,1.0567,1.0602,1.0554,1.0566,1570722.4,1661327.64123,6846,657120.7,694920.82151
2026-07-28 10:00:00,1.0566,1.0577,1.0535,1.0556,2489704.4,2627383.31314,12048,1203665.4,1270149.22466
2026-07-28 11:00:00,1.0556,1.0559,1.0486,1.0494,5262314.4,5531964.2987,20998,2042838.3,2148015.33829
2026-07-28 12:00:00,1.0493,1.0546,1.0486,1.0542,3159926.6,3323543.4874,14673,1577639.1,1659713.49093
2026-07-28 13:00:00,1.0542,1.0559,1.045,1.0508,5168620.2,5428260.10518,31513,1971713.0,2071177.57112
2026-07-28 14:00:00,1.0507,1.0557,1.0465,1.0542,2639181.4,2774947.15667,26773,1303531.4,1370335.40299
2026-07-28 15:00:00,1.0542,1.0679,1.0521,1.0652,4620198.5,4906592.60784,35879,2586285.7,2747487.16632
2026-07-28 16:00:00,1.0653,1.0666,1.062,1.064,1176934.5,1252526.65595,14026,503487.3,535954.50647
2026-07-28 17:00:00,1.0639,1.064,1.0554,1.0581,2246218.4,2377537.7449,13805,950819.5,1006115.00065
2026-07-28 18:00:00,1.0582,1.0606,1.0556,1.058,1061623.5,1122764.35392,10024,662589.7,700662.42902
2026-07-28 19:00:00,1.058,1.0633,1.0573,1.0612,1719839.4,1823627.17362,11999,848018.8,899052.20877
2026-07-28 20:00:00,1.0613,1.0639,1.0602,1.0637,1849758.5,1964581.28081,9460,756056.8,803054.43932
2026-07-28 21:00:00,1.0638,1.0697,1.0637,1.069,1713436.5,1826521.60548,10237,875461.9,933096.41343
2026-07-28 22:00:00,1.0691,1.0706,1.063,1.0634,1556023.6,1660334.23392,12024,675638.7,721263.49594
2026-07-28 23:00:00,1.0633,1.0699,1.0592,1.069,2867577.6,3054681.50847,15726,1368354.6,1457282.64236
2026-07-29 00:00:00,1.0691,1.0805,1.0691,1.0794,6207871.5,6671518.27845,29721,2924848.9,3144067.44497
2026-07-29 01:00:00,1.0794,1.0811,1.0716,1.0719,3698972.4,3982552.07213,24515,1535181.0,1652790.86702
2026-07-29 02:00:00,1.0719,1.0825,1.0701,1.0794,4527928.1,4875944.29121,25930,2282786.5,2458032.16766
2026-07-29 03:00:00,1.0794,1.081,1.0709,1.0714,4869958.3,5237907.66757,27448,1961805.3,2111083.02155
2026-07-29 04:00:00,1.0714,1.081,1.068,1.0806,5593445.7,6008992.68657,33223,2453116.5,2635658.22699
2026-07-29 05:00:00,1.0805,1.0911,1.0805,1.0858,4866314.4,5286326.61129,28550,2508059.6,2724057.67479
2026-07-29 06:00:00,1.0859,1.0899,1.0829,1.0877,1917237.1,2083189.79254,14016,675687.2,734114.67869
2026-07-29 07:00:00,1.0878,1.0905,1.0866,1.0903,2236506.8,2433882.23939,10731,1015934.3,1105565.17356
2026-07-29 08:00:00,1.0903,1.0914,1.085,1.0871,2923387.2,3180071.88728,13228,1250796.1,1360793.97196
2026-07-29 09:00:00,1.0872,1.0937,1.0871,1.0885,2113453.4,2304336.98217,12754,1080481.8,1178017.56004
2026-07-29 10:00:00,1.0885,1.09,1.0862,1.0873,2460149.1,2676271.40215,13741,1133926.1,1233621.64038
2026-07-29 11:00:00,1.0873,1.089,1.084,1.0841,2592129.7,2815142.8701,13317,1343483.6,1458889.78982
2026-07-29 12:00:00,1.0841,1.0843,1.0752,1.078,3247201.2,3505875.07195,19547,1299018.7,1401903.47009
2026-07-29 13:00:00,1.0781,1.0785,1.0709,1.0756,3628563.6,3900182.80295,23747,1534885.5,1649720.15477
2026-07-29 14:00:00,1.0756,1.0765,1.0695,1.0724,2282660.4,2449642.84145,25290,1000679.2,1073731.73988
2026-07-29 15:00:00,1.0724,1.0737,1.0669,1.0683,2609204.8,2792199.15321,20088,1218309.9,1303459.25236
2026-07-29 16:00:00,1.0683,1.0725,1.0662,1.0698,2892461.0,3092011.32963,15543,1394110.9,1490378.57517
2026-07-29 17:00:00,1.0699,1.0807,1.0699,1.0805,1964409.2,2110594.63104,16861,956144.3,1027640.80103
2026-07-29 18:00:00,1.0805,1.0912,1.0762,1.0869,7953637.5,8631235.88824,51726,4001326.1,4342541.47321
2026-07-29 19:00:00,1.087,1.0898,1.0678,1.0696,4811803.6,5177246.24564,41503,2198649.5,2365726.96467
2026-07-29 20:00:00,1.0696,1.0708,1.0622,1.066,3529254.3,3764897.87499,33134,1809214.9,1930110.04333
2026-07-29 21:00:00,1.0661,1.0788,1.0639,1.0747,3404484.7,3651789.61683,21436,1432249.2,1536620.58685
2026-07-29 22:00:00,1.0748,1.0795,1.0735,1.0742,2052974.1,2208507.43711,14774,1063326.9,1143743.51162
2026-07-29 23:00:00,1.0742,1.0754,1.0708,1.0737,1536508.7,1648902.60637,10819,859963.5,922808.42858
2026-07-30 00:00:00,1.0737,1.0771,1.0685,1.0704,2508849.4,2691436.59688,13268,1104167.5,1184502.38486
2026-07-30 01:00:00,1.0705,1.0811,1.07,1.0783,3569549.0,3839115.29719,17909,1885417.8,2027976.26517
2026-07-30 02:00:00,1.0783,1.0805,1.0753,1.0755,1690987.3,1823358.08674,12222,979356.1,1056168.51636
2026-07-30 03:00:00,1.0755,1.0781,1.0745,1.0753,1308288.6,1408139.8733,10068,641561.5,690434.47781
2026-07-30 04:00:00,1.0753,1.0764,1.0729,1.0742,893569.4,960456.6919,7369,296613.2,318814.32343
2026-07-30 05:00:00,1.0742,1.078,1.0724,1.0764,1034610.2,1112562.66681,8585,515110.6,554005.84699
2026-07-30 06:00:00,1.0764,1.0777,1.0722,1.0737,1249307.4,1342714.02021,7044,402463.3,432587.51728
2026-07-30 07:00:00,1.0737,1.08,1.0736,1.0769,2850417.0,3071478.87692,10804,908007.1,978131.58769
2026-07-30 08:00:00,1.0769,1.0807,1.0751,1.0784,1295184.5,1396388.14131,9042,626692.5,675769.90071
2026-07-30 09:00:00,1.0785,1.0831,1.0784,1.081,1626501.0,1758287.57669,8369,634907.7,686318.33498
2026-07-30 10:00:00,1.081,1.0827,1.078,1.079,1812822.9,1959490.91384,6771,808296.3,873638.65697
2026-07-30 11:00:00,1.0791,1.085,1.0785,1.0838,2091412.8,2261763.71497,7393,1116722.3,1207745.24694
2026-07-30 12:00:00,1.0839,1.0859,1.0816,1.0834,3473662.4,3764450.32445,11381,2020798.2,2189861.61689
2026-07-30 13:00:00,1.0835,1.089,1.0795,1.0854,4404679.8,4773102.90927,20568,2595976.4,2813614.79097
2026-07-30 14:00:00,1.0855,1.0906,1.0816,1.0873,3759307.7,4083627.26925,22230,1792306.0,1947057.8255
2026-07-30 15:00:00,1.0874,1.095,1.0856,1.0922,3765267.0,4110504.69427,24096,1765868.7,1927778.97732
2026-07-30 16:00:00,1.0923,1.094,1.0885,1.09,2655707.0,2896341.54013,13836,1478638.4,1612638.72163
2026-07-30 17:00:00,1.09,1.093,1.0872,1.0911,1916002.7,2088545.93981,10431,1068711.6,1164952.28331
2026-07-30 18:00:00,1.0911,1.0925,1.0848,1.0854,1463075.8,1593409.80655,10025,827452.1,901025.73969
2026-07-30 19:00:00,1.0854,1.091,1.0848,1.0898,2165173.2,2355854.09515,11397,1290799.4,1404449.29423
2026-07-30 20:00:00,1.0898,1.0922,1.0852,1.0854,2039058.2,2218887.15586,11295,1226972.5,1335194.57392
2026-07-30 21:00:00,1.0853,1.087,1.084,1.0845,836440.5,907837.34277,5877,529977.7,575243.57896
2026-07-30 22:00:00,1.0844,1.0891,1.0836,1.0859,1026940.9,1116133.6486,8898,566051.9,615205.06849
2026-07-30 23:00:00,1.0859,1.0898,1.0824,1.0829,1728820.6,1877633.99169,10555,844447.5,917356.99618
2026-07-31 00:00:00,1.083,1.0853,1.0809,1.0819,1464823.6,1586651.728,9008,696698.1,754555.72808
2026-07-31 01:00:00,1.082,1.09,1.0792,1.0808,3026957.1,3283673.72543,21673,1560647.6,1692955.76945
2026-07-31 02:00:00,1.0808,1.0826,1.079,1.0807,1113805.2,1203202.5755,12545,415562.3,448944.51983
2026-07-31 03:00:00,1.0808,1.083,1.0782,1.0817,1489100.5,1609812.97939,10336,589610.4,637503.96408
2026-07-31 04:00:00,1.0817,1.0829,1.0809,1.0817,1350080.1,1460555.2356,6021,413428.7,447230.73653
2026-07-31 05:00:00,1.0817,1.0833,1.0791,1.0803,1208704.4,1306212.64013,5606,491455.5,531097.03706
2026-07-31 06:00:00,1.0804,1.0843,1.0794,1.0803,1378550.9,1491166.26583,7335,617681.5,668189.09123
2026-07-31 07:00:00,1.0803,1.0803,1.074,1.0797,2028050.8,2182900.85285,11512,909321.6,978628.49089
2026-07-31 08:00:00,1.0796,1.0803,1.0756,1.0774,1442539.9,1554875.82476,8417,580700.6,626092.81942
2026-07-31 09:00:00,1.0774,1.0777,1.0711,1.0719,1828372.7,1962979.82803,8360,866753.6,930254.25281
2026-07-31 10:00:00,1.0719,1.0751,1.0709,1.0737,2100912.9,2253488.06335,7539,1181878.2,1267722.38338
2026-07-31 11:00:00,1.0737,1.0758,1.0711,1.0724,1853519.7,1988774.35577,6268,1019573.7,1093816.04504
2026-07-31 12:00:00,1.0725,1.0729,1.07,1.0721,2369521.7,2538682.6777,10083,1138187.8,1219425.83501
2026-07-31 13:00:00,1.0721,1.0742,1.0658,1.0662,3473328.5,3716968.36299,20759,1669896.0,1786846.56156
2026-07-31 14:00:00,1.0661,1.0678,1.0571,1.0632,9308703.2,9898386.53742,44075,4093113.4,4352156.64254
2026-07-31 15:00:00,1.0632,1.0653,1.0584,1.0606,4109300.8,4364473.57129,17727,1740327.3,1847884.94422
2026-07-31 16:00:00,1.0606,1.064,1.0601,1.0637,3307949.5,3511491.00298,12142,1785829.5,1895617.26464
2026-07-31 17:00:00,1.0636,1.0712,1.0634,1.0697,2877970.3,3073683.94079,12274,1269524.7,1356073.65661
2026-07-31 18:00:00,1.0697,1.0706,1.0636,1.0653,1482923.1,1582095.53618,8775,670302.4,715335.56836
2026-07-31 19:00:00,1.0653,1.0664,1.061,1.0618,1956398.2,2079918.77073,10414,784543.7,833930.81981
2026-07-31 20:00:00,1.0618,1.0651,1.0616,1.0621,1381855.5,1469098.96672,8443,540408.3,574502.88247
2026-07-31 21:00:00,1.0621,1.0653,1.0594,1.0609,1659909.3,1763289.89607,7420,796035.4,845792.10279
2026-07-31 22:00:00,1.0609,1.0644,1.0597,1.062,1018420.6,1081947.80643,6086,532623.2,565892.75259
2026-07-31 23:00:00,1.0621,1.0638,1.061,1.0619,916987.7,974435.92986,4539,388467.8,412827.33644
2026-08-01 00:00:00,1.0619,1.0639,1.0619,1.0631,800367.0,850927.22177,5443,358208.8,380823.58811
2026-08-01 01:00:00,1.063,1.0654,1.063,1.0651,879461.6,936094.9351,3999,421074.3,448158.76422
2026-08-01 02:00:00,1.0651,1.0668,1.065,1.0658,573863.1,611648.36,3077,294358.9,313748.65879
2026-08-01 03:00:00,1.0658,1.0666,1.0645,1.066,604795.5,644256.27874,3344,222717.4,237239.2707
2026-08-01 04:00:00,1.0661,1.0674,1.0655,1.067,404710.8,431543.93013,2366,243802.4,259995.94338
2026-08-01 05:00:00,1.067,1.067,1.0627,1.0641,748233.9,796903.40618,3430,288588.1,307451.35956
2026-08-01 06:00:00,1.0641,1.0653,1.0632,1.0641,734109.0,781377.17355,3485,264346.8,281387.95938
2026-08-01 07:00:00,1.0641,1.0642,1.0615,1.062,2151497.9,2287047.48509,3764,967533.1,1028482.80628
2026-08-01 08:00:00,1.062,1.0629,1.0615,1.0626,769523.8,817361.32342,2815,273391.1,290372.40288
2026-08-01 09:00:00,1.0626,1.0633,1.0612,1.0613,606137.7,643757.43399,2878,264143.7,280552.66927
2026-08-01 10:00:00,1.0613,1.0639,1.06,1.0626,1015143.4,1078019.57777,4833,434139.6,461012.90039
2026-08-01 11:00:00,1.0627,1.0638,1.0619,1.0638,452551.7,480981.5993,2626,182244.4,193693.68065
2026-08-01 12:00:00,1.0638,1.0649,1.0634,1.0644,549600.4,584699.76906,2765,263239.9,280052.012
2026-08-01 13:00:00,1.0644,1.0649,1.0632,1.0635,671312.0,714374.60585,2826,228445.9,243088.46485
2026-08-01 14:00:00,1.0635,1.0663,1.0635,1.0662,700600.6,746120.85952,2952,421672.2,449074.83211
2026-08-01 15:00:00,1.0663,1.0663,1.0629,1.0629,751243.2,799729.84718,3254,287968.3,306581.69902
2026-08-01 16:00:00,1.0628,1.0646,1.0599,1.0612,1080884.2,1147991.42713,4873,380333.5,403873.85728
2026-08-01 17:00:00,1.0612,1.0621,1.057,1.0593,1410635.4,1493762.59237,9814,613098.9,649213.10282
2026-08-01 18:00:00,1.0592,1.06,1.0473,1.0533,4115872.6,4336905.70105,27573,1741495.6,1834963.2531
2026-08-01 19:00:00,1.0533,1.0545,1.0515,1.0525,981343.6,1033477.22827,8136,503775.4,530607.83727
2026-08-01 20:00:00,1.0525,1.0564,1.0517,1.0555,1599347.4,1686880.18241,7462,976458.5,1029890.9934
2026-08-01 21:00:00,1.0556,1.061,1.0555,1.0606,1944337.5,2057952.48642,9658,868036.5,918768.26425
2026-08-01 22:00:00,1.0606,1.0622,1.0597,1.0607,499493.8,529933.01219,4403,270300.6,286770.38949
2026-08-01 23:00:00,1.0608,1.062,1.0595,1.0604,876549.1,929609.20599,3730,399506.9,423638.31317
2026-08-02 00:00:00,1.0605,1.0627,1.0605,1.0625,969419.7,1029350.19711,5615,385843.0,409658.04951
2026-08-02 01:00:00,1.0625,1.0685,1.0625,1.0663,2049870.7,2186090.60134,8062,1243867.1,1326314.86722
2026-08-02 02:00:00,1.0664,1.0763,1.0663,1.0763,2122981.7,2278295.01523,15247,1182444.5,1268902.55105
2026-08-02 03:00:00,1.0764,1.0804,1.075,1.0774,1207858.5,1301465.26671,7349,518393.8,558565.09561
2026-08-02 04:00:00,1.0775,1.084,1.077,1.0819,1652080.5,1786260.90663,11347,1026830.6,1110249.30074
2026-08-02 05:00:00,1.0819,1.0843,1.0805,1.0831,1879958.8,2035100.33324,10589,887223.6,960401.86712
2026-08-02 06:00:00,1.0831,1.0859,1.0815,1.0826,1514576.4,1641323.73374,7468,664818.5,720321.49947
2026-08-02 07:00:00,1.0826,1.0853,1.082,1.0836,1614374.4,1749587.98641,6302,649515.9,703950.64258
2026-08-02 08:00:00,1.0837,1.0846,1.0787,1.0799,2503890.1,2707075.36364,9274,1063921.5,1150221.43769
2026-08-02 09:00:00,1.0799,1.0838,1.0765,1.0828,2282977.5,2467534.8833,9110,1298850.5,1404014.92502
2026-08-02 10:00:00,1.0828,1.0828,1.0794,1.0809,952791.5,1029969.06276,5880,323747.3,349902.57609
2026-08-02 11:00:00,1.0809,1.0826,1.0783,1.0794,1484544.8,1604483.98933,10102,750375.0,810970.24331
2026-08-02 12:00:00,1.0795,1.0818,1.0773,1.0775,1635826.8,1765442.84455,8862,726690.9,784213.35272
2026-08-02 13:00:00,1.0774,1.0814,1.0773,1.0808,1188906.1,1283660.79405,6638,540882.5,584004.41684
2026-08-02 14:00:00,1.0809,1.0832,1.0798,1.0817,836764.2,905169.45269,6609,364591.0,394402.62594
2026-08-02 15:00:00,1.0817,1.0828,1.0798,1.0801,674677.4,729492.58481,4086,321189.6,347240.15563
2026-08-02 16:00:00,1.0802,1.0819,1.0776,1.0808,763643.6,824306.0921,5959,380537.5,410823.0268
2026-08-02 17:00:00,1.0809,1.0832,1.0802,1.0821,511199.6,552962.73458,4254,311193.5,336619.74613
2026-08-02 18:00:00,1.082,1.087,1.0808,1.0814,1567309.2,1698416.23178,9681,930623.0,1008493.67171
2026-08-02 19:00:00,1.0813,1.0827,1.08,1.082,831650.0,899144.57177,5023,372126.0,402264.53333
2026-08-02 20:00:00,1.082,1.0823,1.0802,1.0814,465368.2,503251.66194,3768,246393.1,266465.89707
2026-08-02 21:00:00,1.0815,1.09,1.0814,1.0868,1756593.2,1907392.03541,11789,994224.8,1079245.37969
2026-08-02 22:00:00,1.0868,1.0933,1.0855,1.0855,1872651.5,2040017.67323,13541,865505.0,943130.95311
2026-08-02 23:00:00,1.0854,1.087,1.0826,1.0869,1203241.4,1305111.40158,7892,563971.5,611725.95601
2026-08-03 00:00:00,1.0869,1.0878,1.0802,1.0811,1570287.1,1700831.48207,11075,656914.4,711411.71127
2026-08-03 01:00:00,1.081,1.0815,1.0747,1.0755,1718459.5,1851540.26047,10099,722238.3,778076.11511
2026-08-03 02:00:00,1.0755,1.0772,1.0731,1.0741,1536851.2,1652291.74036,7070,692782.8,744960.11899
2026-08-03 03:00:00,1.074,1.0743,1.0684,1.0713,1569374.9,1682524.56456,8679,639304.0,685457.30423
2026-08-03 04:00:00,1.0712,1.0736,1.0701,1.0702,1148809.8,1231367.39567,6431,523609.1,561231.6432
2026-08-03 05:00:00,1.0703,1.0729,1.0701,1.0723,1376517.8,1474839.12399,5158,624007.6,668585.7783
2026-08-03 06:00:00,1.0724,1.0731,1.0681,1.0683,1885377.6,2018224.6631,7268,859849.0,920532.18904
2026-08-03 07:00:00,1.0683,1.0699,1.0663,1.0682,2420745.6,2585771.30049,8226,982050.2,1048971.66714
2026-08-03 08:00:00,1.0682,1.0688,1.0628,1.0676,2128814.4,2268967.90279,10815,1117588.5,1191274.97431
2026-08-03 09:00:00,1.0675,1.0722,1.0666,1.0716,1351943.4,1444754.01119,6151,587083.8,627412.8837
2026-08-03 10:00:00,1.0715,1.0724,1.0683,1.0702,1656965.1,1772583.09384,6240,852055.8,911443.37275
2026-08-03 11:00:00,1.0703,1.0705,1.0637,1.0644,5246874.2,5595795.05296,8438,3382082.7,3606379.31647
2026-08-03 12:00:00,1.0645,1.0665,1.0642,1.0661,1611484.9,1716654.10876,6222,620508.8,660971.98943
2026-08-03 13:00:00,1.066,1.0765,1.0654,1.0761,2909573.3,3112791.28288,20982,1536376.4,1643572.52348
2026-08-03 14:00:00,1.076,1.0836,1.0728,1.083,4610599.5,4973144.85665,29288,1730477.3,1865886.22456
2026-08-03 15:00:00,1.0829,1.0873,1.0783,1.0839,2900986.4,3141292.70596,19877,1071628.6,1160374.61445
2026-08-03 16:00:00,1.0839,1.0852,1.0791,1.0819,1783647.5,1929980.21794,14526,790989.8,855869.43241
2026-08-03 17:00:00,1.082,1.085,1.08,1.0813,2084795.9,2256092.38732,13445,856836.8,927278.48523
2026-08-03 18:00:00,1.0812,1.0843,1.0807,1.082,1141773.6,1235520.64947,7410,511520.3,553480.01142
2026-08-03 19:00:00,1.0821,1.0832,1.0791,1.0801,894421.2,966853.3632,7507,394904.6,426802.06116
2026-08-03 20:00:00,1.0802,1.084,1.0791,1.0839,823608.6,890746.13843,6471,388283.5,419918.8897
2026-08-03 21:00:00,1.0839,1.0842,1.08,1.0802,1111884.5,1202532.4754,5650,331448.9,358409.68491
2026-08-03 22:00:00,1.0802,1.0803,1.0743,1.076,2128335.5,2290086.22083,8883,887545.1,954891.10618
2026-08-03 23:00:00,1.0759,1.076,1.0732,1.0758,1249762.3,1343212.2943,5544,625195.2,671960.61786
2026-08-04 00:00:00,1.0758,1.0765,1.07,1.0705,1819649.5,1952151.3182,10800,812573.3,871885.73833
2026-08-04 01:00:00,1.0706,1.0793,1.07,1.0783,2395926.5,2576767.58764,13094,1374567.7,1478256.14201
2026-08-04 02:00:00,1.0784,1.0809,1.075,1.0779,1469562.1,1583986.35251,8885,861693.1,928700.77327
2026-08-04 03:00:00,1.0779,1.0788,1.0743,1.0774,1318293.3,1419351.16382,8858,542840.9,584467.96069
2026-08-04 04:00:00,1.0774,1.082,1.0762,1.0792,1947879.8,2102700.92978,10590,909949.9,982347.51856
2026-08-04 05:00:00,1.0792,1.08,1.0762,1.0763,776610.9,836785.18511,4325,454798.1,490027.4735
2026-08-04 06:00:00,1.0764,1.0773,1.0728,1.0739,1339459.8,1439865.80331,6261,587410.5,631329.5685
2026-08-04 07:00:00,1.0738,1.0796,1.0718,1.0788,1406941.0,1513257.43058,7378,675184.4,726109.59949
2026-08-04 08:00:00,1.0788,1.0797,1.074,1.0749,947259.5,1019589.46376,5814,399690.4,430320.22472
2026-08-04 09:00:00,1.075,1.075,1.0724,1.0729,1073933.7,1153120.36902,3787,359088.8,385545.29622
2026-08-04 10:00:00,1.073,1.0772,1.0703,1.0752,2091257.5,2243665.22179,9753,1057964.1,1135130.97347
2026-08-04 11:00:00,1.0752,1.0793,1.074,1.0793,1777598.4,1912749.17961,7685,877919.4,944816.7229
2026-08-04 12:00:00,1.0792,1.0792,1.0755,1.0765,1817468.4,1957971.55155,8547,834479.8,899010.75912
2026-08-04 13:00:00,1.0765,1.0789,1.0716,1.0721,3216673.5,3460382.53284,17800,1281673.3,1378833.4823
2026-08-04 14:00:00,1.0722,1.0771,1.071,1.0762,2500864.6,2687638.21069,18611,1195674.7,1284933.14397
2026-08-04 15:00:00,1.0762,1.0805,1.0723,1.0775,2039456.8,2195111.15822,13665,1027224.4,1105958.8743
2026-08-04 16:00:00,1.0774,1.0776,1.0734,1.0744,1380115.7,1484707.94977,9286,738577.2,794446.26569
2026-08-04 17:00:00,1.0744,1.0783,1.0727,1.0738,1574485.5,1693874.78442,10920,634042.6,682050.28116
2026-08-04 18:00:00,1.0738,1.0799,1.0738,1.077,1451537.3,1564407.44519,9644,679241.0,732016.84012
2026-08-04 19:00:00,1.077,1.0828,1.0762,1.0802,2397008.7,2588141.63409,11428,1171926.9,1265214.36282
2026-08-04 20:00:00,1.0801,1.0803,1.0744,1.078,1673114.6,1802692.40208,10319,764599.5,823604.42327
2026-08-04 21:00:00,1.0781,1.0784,1.076,1.0764,767344.5,826746.38737,4336,387097.0,417052.42557
2026-08-04 22:00:00,1.0764,1.0774,1.0744,1.0761,820859.7,883091.35877,5333,302823.2,325788.78345
2026-08-04 23:00:00,1.0762,1.079,1.0735,1.0739,1739480.7,1870936.39339,7728,735995.5,791772.4958
2026-08-05 00:00:00,1.0738,1.0743,1.0692,1.0703,2487513.6,2666257.98483,8878,1175735.0,1260390.76477
2026-08-05 01:00:00,1.0702,1.0736,1.0684,1.0732,2019550.3,2161874.78727,8875,1171252.3,1253856.72288
2026-08-05 02:00:00,1.0733,1.077,1.0728,1.0741,2028430.5,2179988.85722,9251,1002894.8,1077720.35631
2026-08-05 03:00:00,1.0742,1.075,1.066,1.0677,2953021.7,3157217.50543,11701,947991.8,1013359.33499
2026-08-05 04:00:00,1.0677,1.068,1.0664,1.0673,1380429.5,1473472.81316,4813,528877.5,564513.03789
2026-08-05 05:00:00,1.0672,1.073,1.0669,1.0697,922286.1,986750.29822,5431,419537.4,448783.49588
2026-08-05 06:00:00,1.0697,1.0709,1.0684,1.0689,1104234.3,1180852.6315,5167,427475.4,457113.59238
2026-08-05 07:00:00,1.0689,1.0692,1.0641,1.0673,1690210.0,1801274.28142,7629,653100.9,695989.94988
2026-08-05 08:00:00,1.0673,1.068,1.0653,1.0658,1172717.1,1250431.01499,5438,541309.7,577192.65273
2026-08-05 09:00:00,1.0657,1.067,1.0647,1.0648,1432364.7,1526785.80463,4275,616635.3,657285.53398
2026-08-05 10:00:00,1.0647,1.0648,1.0612,1.0617,3176034.9,3375867.73386,8633,1646869.7,1750332.27292
2026-08-05 11:00:00,1.0617,1.0627,1.0603,1.061,2407947.5,2555278.67162,7654,1028722.6,1091672.23444
2026-08-05 12:00:00,1.061,1.0688,1.0608,1.0637,3175673.6,3384891.08783,12207,1531413.9,1632218.63845
2026-08-05 13:00:00,1.0638,1.0641,1.055,1.0619,5343515.6,5660657.73445,26078,2422348.0,2565898.4338
2026-08-05 14:00:00,1.0618,1.0657,1.0597,1.0653,3665216.4,3893524.56924,18411,1557549.0,1654700.33837
2026-08-05 15:00:00,1.0653,1.0674,1.0605,1.0607,2868864.9,3053447.94046,14503,1311444.4,1395874.63832
2026-08-05 16:00:00,1.0608,1.0694,1.0607,1.0673,2734537.4,2915198.27816,11079,1312370.0,1398912.75231
2026-08-05 17:00:00,1.0674,1.0719,1.0668,1.0705,2467605.0,2638834.62611,10133,1097618.4,1173952.04215
2026-08-05 18:00:00,1.0705,1.0733,1.0687,1.0695,1948461.1,2085789.23936,9221,928896.3,994235.75039
2026-08-05 19:00:00,1.0694,1.0721,1.0685,1.07,2015407.2,2157945.74471,9064,926577.2,991942.8292
2026-08-05 20:00:00,1.07,1.0727,1.0677,1.0697,1379671.2,1476821.44874,7728,638416.7,683432.64306
2026-08-05 21:00:00,1.0698,1.0698,1.0642,1.0651,1670360.0,1781267.68203,7179,747831.1,797295.21303
2026-08-05 22:00:00,1.0652,1.0657,1.0623,1.0623,1482289.3,1577434.64665,7303,827457.6,880644.26837
2026-08-05 23:00:00,1.0623,1.0635,1.0607,1.0623,1793647.8,1904762.07043,6124,1031840.1,1095806.27113
2026-08-06 00:00:00,1.0623,1.0638,1.0613,1.0627,860650.1,914505.13649,5676,378868.7,402569.99606
2026-08-06 01:00:00,1.0628,1.0628,1.0533,1.054,3692229.5,3909877.15476,14170,1698204.5,1798355.44164
2026-08-06 02:00:00,1.0539,1.0549,1.0416,1.0472,10213147.4,10698237.7602,42979,3984945.5,4173432.96329
2026-08-06 03:00:00,1.0473,1.0479,1.0415,1.0435,3474099.5,3632188.52081,15772,1362700.0,1424721.10681
2026-08-06 04:00:00,1.0434,1.0485,1.04,1.048,4142841.0,4326273.30628,16028,2036536.6,2127530.01483
2026-08-06 05:00:00,1.048,1.0524,1.048,1.0523,4117443.5,4325649.7162,15321,2118867.0,2226053.08664
2026-08-06 06:00:00,1.0524,1.0524,1.0498,1.0517,1981762.8,2083313.7184,7115,679660.9,714457.58638
2026-08-06 07:00:00,1.0518,1.052,1.0483,1.0493,2321619.1,2438840.64576,7913,1032301.0,1084274.08025
2026-08-06 08:00:00,1.0492,1.0584,1.0483,1.0559,3991612.6,4204419.23527,13466,2001403.8,2107705.75892
2026-08-06 09:00:00,1.056,1.0569,1.0418,1.0452,5401253.2,5662178.10926,17574,2370282.1,2483778.49282
2026-08-06 10:00:00,1.0452,1.0476,1.0425,1.0476,1698640.9,1775426.21502,8044,896718.6,937323.383
2026-08-06 11:00:00,1.0477,1.0516,1.0457,1.0504,1476572.6,1549693.1102,7083,630285.3,661358.11637
2026-08-06 12:00:00,1.0504,1.0505,1.046,1.0467,1780491.3,1866850.52927,7079,884732.1,927718.41244
2026-08-06 13:00:00,1.0467,1.0475,1.0426,1.0458,2442768.6,2553364.93014,16960,975029.2,1019054.64187
2026-08-06 14:00:00,1.0458,1.0483,1.0425,1.0479,4225715.5,4418932.79927,17768,1919284.8,2006781.48265
2026-08-06 15:00:00,1.0478,1.0543,1.0475,1.0492,2549477.5,2677552.34443,17492,1154001.5,1212012.98867
2026-08-06 16:00:00,1.0493,1.0509,1.0432,1.0461,3352905.8,3508644.59487,17351,1625397.7,1701059.87449
2026-08-06 17:00:00,1.0461,1.0493,1.0405,1.0417,2727734.2,2848849.46779,13506,1452118.9,1516566.65106
2026-08-06 18:00:00,1.0417,1.0431,1.0343,1.036,5412418.5,5621329.72372,23276,2685301.6,2789123.30711
2026-08-06 19:00:00,1.036,1.0391,1.0327,1.0352,4052031.4,4195091.87055,19656,1921056.2,1988700.52067
2026-08-06 20:00:00,1.0352,1.0376,1.0327,1.0335,2381414.1,2464588.66396,10926,1413064.1,1462472.97198
2026-08-06 21:00:00,1.0335,1.0367,1.033,1.0362,2382398.4,2465562.57214,10692,1223791.9,1266359.53236
2026-08-06 22:00:00,1.0362,1.0376,1.035,1.0373,1452850.3,1505872.8589,8588,755300.4,782834.58212
2026-08-06 23:00:00,1.0372,1.0373,1.03,1.0351,2448484.3,2529331.73916,11066,1029162.6,1063170.66253
2026-08-07 00:00:00,1.035,1.0369,1.0314,1.0364,1875811.2,1940446.21439,10101,751755.6,777720.1421
2026-08-07 01:00:00,1.0365,1.0394,1.0355,1.038,1654576.5,1717046.52634,10108,678164.2,703753.31503
2026-08-07 02:00:00,1.0379,1.0381,1.0277,1.0305,4412601.4,4555089.81411,15738,2146906.1,2216446.82222
2026-08-07 03:00:00,1.0304,1.0313,1.0194,1.021,7596076.8,7788685.08157,22719,3227272.1,3308871.63969
2026-08-07 04:00:00,1.021,1.0235,1.0179,1.0204,5537404.6,5654737.69469,18302,2803680.6,2863172.91432
2026-08-07 05:00:00,1.0204,1.0227,1.015,1.0213,6497571.5,6616644.55404,17160,3879677.4,3950529.85484
2026-08-07 06:00:00,1.0212,1.0289,1.0207,1.0262,2834744.7,2907525.96122,11521,1215680.2,1247004.70231
2026-08-07 07:00:00,1.0262,1.0297,1.0249,1.0287,2323718.8,2388719.5591,9374,1609751.3,1655004.14051
2026-08-07 08:00:00,1.0286,1.032,1.0272,1.0313,2145396.0,2207965.45459,9698,927925.0,954876.44192
2026-08-07 09:00:00,1.0312,1.0375,1.0312,1.0361,3827984.7,3962781.8439,11900,1941599.8,2009858.72329
2026-08-07 10:00:00,1.0361,1.0376,1.0344,1.0347,2842425.7,2944615.94834,7603,1315035.4,1362114.44361
2026-08-07 11:00:00,1.0347,1.037,1.032,1.0338,2759489.0,2854599.22351,9231,1201752.0,1243229.48626
2026-08-07 12:00:00,1.0339,1.0432,1.0337,1.038,6489035.8,6732651.03454,22002,2646432.1,2746017.75831
2026-08-07 13:00:00,1.038,1.0413,1.0356,1.0361,2854569.0,2963768.60117,19954,1229024.8,1276441.06625
2026-08-07 14:00:00,1.0361,1.0364,1.0257,1.027,5040565.4,5193513.8349,30368,2028025.0,2089425.38802
2026-08-07 15:00:00,1.0271,1.0304,1.0262,1.0279,2367708.7,2433923.6031,13831,1024307.6,1052882.63056
2026-08-07 16:00:00,1.0279,1.0306,1.0155,1.0155,5594521.8,5727577.03721,21091,2554400.8,2614624.43815
2026-08-07 17:00:00,1.0155,1.0189,1.0128,1.0165,5075378.9,5155161.98546,25424,2200375.1,2235030.49992
2026-08-07 18:00:00,1.0166,1.0218,1.0144,1.0183,2328922.2,2370468.71221,11832,1450196.1,1475710.54173
2026-08-07 19:00:00,1.0183,1.0256,1.0183,1.0237,2731973.9,2796183.16618,12644,1560167.4,1596604.81874
2026-08-07 20:00:00,1.0236,1.0267,1.0233,1.0256,1343311.5,1376866.05849,7013,890495.7,912766.57899
2026-08-07 21:00:00,1.0256,1.0278,1.022,1.0233,1732535.5,1775398.14244,8640,878559.7,900141.81282
2026-08-07 22:00:00,1.0232,1.0237,1.0188,1.0206,1291512.0,1318745.32249,6189,525986.9,537037.0234
2026-08-07 23:00:00,1.0206,1.0238,1.0205,1.021,844150.9,863008.5093,3639,423108.1,432503.61545
2026-08-08 00:00:00,1.021,1.0258,1.0202,1.025,985505.2,1008315.62809,4768,535270.0,547509.55643
2026-08-08 01:00:00,1.025,1.0315,1.0249,1.0301,1146409.9,1179019.27243,5552,771260.0,793142.08304
2026-08-08 02:00:00,1.0301,1.0318,1.0296,1.031,1164890.4,1200698.80793,5311,556475.6,573518.14681
2026-08-08 03:00:00,1.0309,1.0388,1.0308,1.0373,2408632.6,2492532.85382,10557,1232419.6,1275552.33293
2026-08-08 04:00:00,1.0373,1.0395,1.034,1.0348,2245154.5,2326449.10797,7115,891015.7,923624.09432
2026-08-08 05:00:00,1.0349,1.0358,1.0317,1.0333,1372521.1,1419159.45056,7200,597508.7,617881.16199
2026-08-08 06:00:00,1.0333,1.0359,1.0328,1.0348,1035177.9,1070816.44589,6096,427593.1,442249.80213
2026-08-08 07:00:00,1.0348,1.0351,1.0325,1.0347,1488088.1,1538280.80361,4676,420701.9,435010.4234
2026-08-08 08:00:00,1.0347,1.0361,1.0334,1.0359,1486137.2,1537627.98271,5514,622347.4,643886.98245
2026-08-08 09:00:00,1.036,1.038,1.0353,1.0358,1459166.5,1512123.61516,5519,771994.9,799994.03373
2026-08-08 10:00:00,1.0358,1.0403,1.0355,1.0392,1404603.3,1458239.75497,5682,725999.5,753691.08943
2026-08-08 11:00:00,1.0392,1.0402,1.0367,1.0378,1425529.4,1480268.9399,5149,454199.6,471553.17655
2026-08-08 12:00:00,1.0379,1.0432,1.0371,1.0411,1502002.2,1562377.73961,6118,738681.6,768409.94576
2026-08-08 13:00:00,1.0411,1.0431,1.0403,1.0415,1578427.0,1644178.85669,6439,768870.2,800858.90634
2026-08-08 14:00:00,1.0416,1.0458,1.0416,1.0447,2136269.9,2229563.12102,8992,1194205.2,1246327.64675
2026-08-08 15:00:00,1.0448,1.0468,1.0423,1.0453,2330589.2,2433372.94979,9085,1287746.7,1344281.56647
2026-08-08 16:00:00,1.0453,1.0488,1.0453,1.0473,1885162.6,1974794.046,7745,784969.7,822323.85279
2026-08-08 17:00:00,1.0474,1.0479,1.0454,1.0459,897805.8,939810.26312,5389,309369.1,323799.66605
2026-08-08 18:00:00,1.0459,1.046,1.0417,1.0422,2042971.5,2131196.03576,6025,480956.2,501754.47685
2026-08-08 19:00:00,1.0422,1.0437,1.0402,1.0426,1075737.0,1120678.26446,5456,467816.1,487313.754
2026-08-08 20:00:00,1.0425,1.0437,1.0421,1.0425,583156.9,608046.27531,3365,247797.9,258354.75727
2026-08-08 21:00:00,1.0426,1.0439,1.0423,1.043,883700.7,921846.79226,4066,247189.4,257873.40621
2026-08-08 22:00:00,1.043,1.0438,1.0387,1.0388,843168.8,877602.00785,5239,283704.8,295343.83672
2026-08-08 23:00:00,1.0388,1.0398,1.0372,1.0397,871905.9,905622.97506,4625,387123.6,402129.94155
2026-08-09 00:00:00,1.0396,1.0408,1.0377,1.0397,752406.0,781919.05407,3947,329580.9,342495.69603
2026-08-09 01:00:00,1.0396,1.0408,1.0355,1.036,1261762.8,1308966.56333,5484,509416.6,528494.74289
2026-08-09 02:00:00,1.036,1.0369,1.0342,1.0352,819979.7,849134.76555,4330,417435.7,432224.84892
2026-08-09 03:00:00,1.0352,1.0384,1.0342,1.037,787552.8,816543.29294,4921,356522.6,369716.53766
2026-08-09 04:00:00,1.037,1.0393,1.0369,1.0376,639120.5,663501.3738,4359,252531.9,262185.57558
2026-08-09 05:00:00,1.0377,1.0384,1.0345,1.0364,685851.7,710780.72695,3841,282052.0,292219.61226
2026-08-09 06:00:00,1.0365,1.0414,1.0361,1.0411,824258.2,856365.78565,3880,515235.2,535260.77248
2026-08-09 07:00:00,1.0411,1.0416,1.0363,1.0372,3074493.9,3193832.97039,8527,759185.3,788587.97988
2026-08-09 08:00:00,1.0371,1.0391,1.031,1.0337,2370686.9,2452410.91961,8829,1000326.3,1034398.37739
2026-08-09 09:00:00,1.0336,1.0358,1.0325,1.0357,831550.2,860005.13805,5037,495395.3,512360.83762
2026-08-09 10:00:00,1.0356,1.0379,1.0356,1.0369,752888.8,780525.7676,3369,309843.6,321238.13737
2026-08-09 11:00:00,1.0369,1.0371,1.0353,1.0369,646873.6,670324.80954,3863,253728.2,262927.04366
2026-08-09 12:00:00,1.0368,1.0377,1.0352,1.037,627246.0,650097.34326,3407,316429.9,327953.16821
2026-08-09 13:00:00,1.037,1.0407,1.0369,1.0386,848660.3,882100.16183,5145,390614.9,405984.28209
2026-08-09 14:00:00,1.0385,1.0431,1.0382,1.0424,1118988.9,1164237.56892,6319,562572.8,585490.48503
2026-08-09 15:00:00,1.0425,1.044,1.0414,1.0432,1277240.2,1331905.39748,6257,652925.2,680857.61756
2026-08-09 16:00:00,1.0432,1.0458,1.0419,1.044,1168864.6,1219814.95167,5824,522203.9,545041.16645
2026-08-09 17:00:00,1.044,1.0444,1.0413,1.0413,809948.1,844856.73537,3961,244839.5,255402.71765
2026-08-09 18:00:00,1.0414,1.0425,1.0392,1.04,1631473.1,1698253.39066,6164,547613.5,570055.31829
2026-08-09 19:00:00,1.04,1.0421,1.0398,1.0419,726901.4,756803.52367,3451,279891.6,291384.66835
2026-08-09 20:00:00,1.0419,1.0423,1.0396,1.042,722237.7,751895.32604,4533,282295.9,293858.35427
2026-08-09 21:00:00,1.0421,1.045,1.0412,1.043,1267994.9,1322603.30236,5682,626413.5,653349.51609
2026-08-09 22:00:00,1.043,1.0478,1.0354,1.0373,2567497.8,2675956.88813,15705,1311308.8,1367481.90833
2026-08-09 23:00:00,1.0372,1.0384,1.0279,1.0299,3570004.4,3684531.32241,16581,1321894.0,1363569.43409
2026-08-10 00:00:00,1.0299,1.0376,1.0279,1.0312,2437232.2,2515189.21173,22236,1170623.9,1207984.21501
2026-08-10 01:00:00,1.0313,1.041,1.0283,1.0377,2612737.2,2706520.08674,21263,1238725.0,1282998.83809
2026-08-10 02:00:00,1.0378,1.0382,1.0286,1.0348,2022813.9,2088913.22687,17550,901884.7,931168.88107
2026-08-10 03:00:00,1.0347,1.0363,1.0284,1.0314,2031453.6,2098271.08077,15845,780174.2,805308.01477
2026-08-10 04:00:00,1.0314,1.0344,1.0293,1.0316,992144.3,1023765.13677,9553,483869.7,499213.8746
2026-08-10 05:00:00,1.0317,1.0365,1.0313,1.0353,1089882.9,1127009.68531,7913,445268.8,460355.85212
2026-08-10 06:00:00,1.0354,1.0386,1.0351,1.0385,995505.0,1032117.93497,8098,448262.0,464770.41019
2026-08-10 07:00:00,1.0386,1.0403,1.0368,1.0374,1439441.6,1494610.36843,7745,673475.9,699311.09437
2026-08-10 08:00:00,1.0374,1.0387,1.0315,1.034,3293250.9,3407769.84067,11978,1638070.0,1694879.50969
2026-08-10 09:00:00,1.034,1.0348,1.03,1.0305,3170713.3,3271610.29117,9807,877196.6,905103.85502
2026-08-10 10:00:00,1.0305,1.0328,1.03,1.0323,2335169.8,2408221.25809,7238,834466.3,860568.98335
2026-08-10 11:00:00,1.0323,1.0345,1.0311,1.0345,1345453.9,1389834.92841,5568,527267.3,544616.01558
2026-08-10 12:00:00,1.0345,1.0357,1.0281,1.0289,2556782.3,2638860.40604,10115,846538.6,874075.4722
2026-08-10 13:00:00,1.0289,1.0296,1.0234,1.0259,4464556.4,4582395.5227,19774,1984136.8,2036031.28962
2026-08-10 14:00:00,1.0259,1.0323,1.0258,1.027,2924933.2,3010153.19905,12784,1479853.8,1522595.2505
2026-08-10 15:00:00,1.0269,1.0272,1.0211,1.0232,3822140.3,3911984.40811,20268,1832425.8,1875185.78494
2026-08-10 16:00:00,1.0232,1.0254,1.0168,1.0187,6987766.0,7129805.01621,20655,3327273.8,3394245.52547
2026-08-10 17:00:00,1.0187,1.0223,1.0177,1.0199,1875072.3,1913180.5508,8339,1039555.9,1060477.72009
2026-08-10 18:00:00,1.02,1.0209,1.016,1.0178,1434848.5,1461665.71432,7796,774181.7,788770.85645
2026-08-10 19:00:00,1.0178,1.0237,1.0174,1.0205,1406265.2,1435336.46896,10024,960888.0,980717.93048
2026-08-10 20:00:00,1.0206,1.0213,1.0192,1.0197,1215721.8,1240235.83867,5222,680429.3,694151.05903
2026-08-10 21:00:00,1.0197,1.0219,1.0165,1.0172,1382971.0,1409714.92099,7839,641151.0,653672.62854
2026-08-10 22:00:00,1.0173,1.0177,1.0051,1.0119,7778174.8,7860400.3784,34017,3319885.1,3353918.55049
2026-08-10 23:00:00,1.0118,1.0137,1.0106,1.0123,2422119.1,2451829.61304,10313,1127387.9,1141086.08
2026-08-11 00:00:00,1.0123,1.0137,1.0101,1.0132,3031816.9,3067874.1705,10343,1422700.9,1439819.233
2026-08-11 01:00:00,1.0131,1.0164,1.0113,1.0159,2086811.7,2115599.51406,8790,939635.6,952461.51023
2026-08-11 02:00:00,1.0158,1.0168,1.0132,1.0134,1083470.6,1100030.26957,5443,555306.2,563962.8865
2026-08-11 03:00:00,1.0134,1.0151,1.0131,1.0147,1458694.4,1479379.57323,4983,602937.0,611453.32441
2026-08-11 04:00:00,1.0147,1.0155,1.0131,1.0131,796849.9,808309.25767,3184,337093.4,341956.9831
2026-08-11 05:00:00,1.0131,1.0139,1.01,1.01,1621361.0,1640775.18878,5671,577193.5,584219.31645
2026-08-11 06:00:00,1.0101,1.0119,1.0021,1.0063,4951982.5,4984156.45699,22569,2240002.6,2254457.72867
2026-08-11 07:00:00,1.0064,1.0074,1.0031,1.0048,3292765.5,3309939.78493,10833,1303354.6,1310000.19613
2026-08-11 08:00:00,1.0049,1.0066,1.0025,1.006,2145616.1,2155262.57312,7885,1126582.5,1131645.69504
2026-08-11 09:00:00,1.006,1.0077,1.0046,1.0072,1737895.9,1748590.09768,7691,869606.7,874900.60446
2026-08-11 10:00:00,1.0071,1.0072,1.0017,1.0056,2325826.5,2335696.51007,9559,1067779.2,1072379.07961
2026-08-11 11:00:00,1.0057,1.0101,1.0056,1.0081,2706410.5,2729472.13065,10985,1300617.4,1311659.28145
2026-08-11 12:00:00,1.0082,1.0095,1.0042,1.0044,2194870.2,2209809.18301,9562,1001198.8,1007751.05561
2026-08-11 13:00:00,1.0044,1.0101,1.0032,1.0088,2930732.3,2949083.91593,18529,1209115.7,1216811.25695
2026-08-11 14:00:00,1.0087,1.0112,0.9915,0.9945,11923285.3,11910365.58361,47399,4965713.0,4959630.83682
2026-08-11 15:00:00,0.9945,1.0082,0.9938,1.0039,8558174.1,8566045.56156,39029,4196484.8,4200524.60961
2026-08-11 16:00:00,1.0039,1.0109,1.0023,1.0097,3931058.2,3958628.90521,19911,1773407.6,1786122.84142
2026-08-11 17:00:00,1.0097,1.0163,1.0093,1.0144,4886053.5,4949638.96878,20906,2508722.4,2541543.33727
2026-08-11 18:00:00,1.0144,1.0193,1.0083,1.013,3256549.3,3300195.98562,18264,1536769.5,1557430.56059
2026-08-11 19:00:00,1.0129,1.0161,1.0093,1.0154,2964831.1,3003171.59131,13990,1377686.0,1395456.66723
2026-08-11 20:00:00,1.0154,1.0246,1.0154,1.0176,4314436.0,4400538.42433,18074,2570796.2,2621566.89942
2026-08-11 21:00:00,1.0175,1.0267,1.0174,1.0243,3919480.8,4004274.53259,14187,1830307.3,1869105.2143
2026-08-11 22:00:00,1.0244,1.0259,1.0203,1.0213,1531217.3,1564907.41409,8675,736095.0,752349.19831
2026-08-11 23:00:00,1.0213,1.0236,1.0187,1.0229,2235324.5,2282522.92975,10164,1242274.6,1268507.48827
2026-08-12 00:00:00,1.0228,1.0233,1.0212,1.0223,1953870.8,1996972.95743,8624,1050353.7,1073475.59459
2026-08-12 01:00:00,1.0223,1.0248,1.0223,1.0229,2208524.1,2260229.42906,9675,1154286.2,1181255.09391
2026-08-12 02:00:00,1.023,1.0253,1.0195,1.0211,2661651.7,2720413.29875,9241,1060603.1,1084297.64329
2026-08-12 03:00:00,1.0212,1.0219,1.0194,1.0202,1351606.4,1379618.30631,6281,627864.4,640847.86447
2026-08-12 04:00:00,1.0201,1.0217,1.0193,1.0204,1570897.7,1602916.52359,6486,726975.8,741741.65349
2026-08-12 05:00:00,1.0204,1.0232,1.0192,1.0218,2261176.1,2310773.61637,7126,871554.4,890558.21874
2026-08-12 06:00:00,1.0217,1.0218,1.0178,1.0198,1998475.8,2037498.30883,8624,994923.1,1014325.39879
2026-08-12 07:00:00,1.0198,1.0223,1.0181,1.0208,2083490.9,2126767.99239,7054,1157264.0,1181330.99049
2026-08-12 08:00:00,1.0207,1.0213,1.0172,1.0172,2064002.3,2103842.97005,5931,868505.0,885229.71733
2026-08-12 09:00:00,1.0172,1.0257,1.017,1.024,3185542.6,3260048.31557,13092,1434893.6,1468299.04949
2026-08-12 10:00:00,1.0241,1.0257,1.0207,1.0213,2512312.6,2569748.42392,9446,1095473.9,1120397.33104
2026-08-12 11:00:00,1.0213,1.0227,1.0203,1.0227,1722067.0,1758790.11728,5679,761273.7,777501.75185
2026-08-12 12:00:00,1.0227,1.0262,1.0159,1.0174,6611634.6,6753222.5187,21140,2635496.6,2692910.39418
2026-08-12 13:00:00,1.0174,1.0186,1.0134,1.0149,3051142.0,3100048.95839,16831,1497660.6,1521864.53133
2026-08-12 14:00:00,1.0148,1.0163,1.0081,1.0091,3880006.8,3927233.25098,20673,1736159.9,1757971.96786
2026-08-12 15:00:00,1.0091,1.0128,1.0082,1.0127,2126223.2,2150291.34943,10448,1026378.6,1037911.36643
2026-08-12 16:00:00,1.0127,1.0131,1.0082,1.0088,2879024.8,2910068.36202,9535,1319667.1,1333887.58002
2026-08-12 17:00:00,1.0088,1.0112,1.0066,1.0104,2665064.3,2689333.98138,8888,1642883.3,1657905.92911
2026-08-12 18:00:00,1.0104,1.0127,1.009,1.0093,1012867.6,1023833.87194,6108,457709.6,462660.52365
2026-08-12 19:00:00,1.0092,1.0098,1.0068,1.0073,1293988.1,1304770.55662,7046,463290.3,467181.51653
2026-08-12 20:00:00,1.0073,1.0107,1.007,1.0092,857032.9,864862.90706,5042,440778.5,444770.6017
2026-08-12 21:00:00,1.0093,1.0104,1.0029,1.0048,2797148.1,2814047.25325,11927,1540277.0,1549545.08893
2026-08-12 22:00:00,1.0047,1.0079,1.0029,1.0044,1186428.2,1193306.62358,8491,606463.1,609775.8308
2026-08-12 23:00:00,1.0043,1.006,1.0009,1.0055,2189540.6,2196390.93212,9162,1222080.2,1225750.81729
2026-08-13 00:00:00,1.0055,1.0077,1.0028,1.0043,1570577.9,1578909.1148,7894,647320.6,650531.48114
2026-08-13 01:00:00,1.0043,1.006,1.0019,1.0047,1254190.8,1259538.80713,8354,667154.5,669887.63829
2026-08-13 02:00:00,1.0046,1.0073,1.0027,1.0071,3037962.1,3052064.60739,6988,1759447.8,1767313.00344
2026-08-13 03:00:00,1.0071,1.0128,1.007,1.0108,2654798.3,2683357.81088,8832,1117538.0,1129526.72753
2026-08-13 04:00:00,1.0109,1.0124,1.0105,1.0108,1217556.3,1231370.19577,5185,410780.2,415451.219
2026-08-13 05:00:00,1.0109,1.0153,1.0094,1.0135,2032417.2,2059288.58119,7142,895185.2,906975.40196
2026-08-13 06:00:00,1.0135,1.015,1.0118,1.0146,1243837.4,1260183.57823,5825,652356.1,660949.6378
2026-08-13 07:00:00,1.0147,1.0154,1.0131,1.0131,771137.1,782207.6541,3930,446722.6,453157.44799
2026-08-13 08:00:00,1.0132,1.0135,1.0117,1.0126,597425.2,604868.68039,4003,272573.6,275975.49741
2026-08-13 09:00:00,1.0126,1.0131,1.0098,1.0126,1981808.3,2004716.0346,7106,580950.9,587611.91649
2026-08-13 10:00:00,1.0126,1.013,1.0063,1.008,2597702.5,2620032.90383,7911,788575.9,795289.39046
2026-08-13 11:00:00,1.008,1.0084,1.0031,1.0042,2359078.2,2371139.49148,7629,1010956.4,1015900.99139
2026-08-13 12:00:00,1.0042,1.0076,1.0035,1.0058,1921589.7,1932777.67681,6832,971425.2,977042.7208
2026-08-13 13:00:00,1.0059,1.0096,1.0057,1.0065,1494530.8,1505427.11367,9726,669837.4,674625.95529
2026-08-13 14:00:00,1.0066,1.0108,1.0041,1.01,3457251.7,3481144.85896,15547,1328915.1,1338486.58042
2026-08-13 15:00:00,1.0101,1.0117,1.003,1.0031,2920619.4,2944961.74172,15043,1020210.1,1028356.27814
2026-08-13 16:00:00,1.0031,1.0076,0.9982,1.005,5095195.4,5104255.68166,23434,1707483.9,1711036.38597
2026-08-13 17:00:00,1.0051,1.0085,1.0044,1.0067,1164143.1,1171785.53004,9366,414405.7,417069.9003
2026-08-13 18:00:00,1.0067,1.0106,1.0047,1.009,1354971.3,1365557.74173,7648,772426.4,778487.10198
2026-08-13 19:00:00,1.009,1.0106,1.008,1.0104,1793107.7,1810198.45073,13095,1098451.7,1108892.66405
2026-08-13 20:00:00,1.0103,1.0117,1.0089,1.009,1087684.3,1098785.92498,5999,353944.2,357633.63877
2026-08-13 21:00:00,1.009,1.0102,1.0077,1.0083,687323.1,693256.64136,4591,351568.7,354601.71872
2026-08-13 22:00:00,1.0084,1.0121,1.0083,1.0092,913471.2,922684.2209,6763,443635.8,448079.96049
2026-08-13 23:00:00,1.0091,1.0096,1.008,1.0094,732868.8,739320.81439,4025,346576.8,349656.93423
2026-08-14 00:00:00,1.0095,1.0122,1.0091,1.0121,838864.5,847639.96727,5305,369017.7,372804.7381
2026-08-14 01:00:00,1.0122,1.0129,1.0103,1.0116,1244687.0,1259083.68668,5229,640360.7,647723.88296
2026-08-14 02:00:00,1.0116,1.0142,1.0114,1.0115,1052296.6,1065852.27103,4648,417991.8,423358.70158
2026-08-14 03:00:00,1.0115,1.0121,1.0094,1.0098,716377.3,724124.59603,3883,237447.0,239961.85503
2026-08-14 04:00:00,1.0098,1.0128,1.0091,1.0091,1031472.0,1042757.23115,4006,392642.4,397019.17299
2026-08-14 05:00:00,1.0091,1.01,1.0082,1.0097,1011054.2,1020286.08081,3994,491229.1,495720.78023
2026-08-14 06:00:00,1.0097,1.0097,1.0055,1.0056,1492001.6,1503956.44727,5455,462790.3,466448.44169
2026-08-14 07:00:00,1.0055,1.0056,1.0035,1.0045,2000672.2,2009761.86912,7113,727651.3,730938.9057
2026-08-14 08:00:00,1.0045,1.0071,1.0041,1.0069,1509096.8,1517232.93063,5557,627186.5,630603.67703
2026-08-14 09:00:00,1.0069,1.007,1.0011,1.0037,3927536.0,3944133.75078,6751,1701314.3,1708537.36183
2026-08-14 10:00:00,1.0037,1.0041,1.0022,1.0024,2188575.5,2195175.79298,5796,1265022.5,1268790.77118
2026-08-14 11:00:00,1.0025,1.0044,1.0013,1.0024,3028122.9,3037317.93195,6845,1434334.1,1438736.44344
2026-08-14 12:00:00,1.0025,1.0031,1.0,1.001,3771869.1,3777079.83704,10160,1402884.0,1404915.15558
2026-08-14 13:00:00,1.001,1.0054,1.0005,1.0027,3154586.5,3162444.2543,13392,1481866.4,1485481.21707
2026-08-14 14:00:00,1.0028,1.0048,1.0006,1.0013,3284627.5,3292032.8165,11559,1472919.8,1476158.46093
2026-08-14 15:00:00,1.0013,1.0093,1.0009,1.0066,4040010.6,4060036.76847,11147,2157144.2,2167468.2125
2026-08-14 16:00:00,1.0066,1.0074,1.001,1.0021,3636643.6,3653390.57588,11635,1692693.3,1700754.24367
2026-08-14 17:00:00,1.0022,1.0047,0.999,1.001,3696446.0,3702711.04001,12599,1263722.6,1265817.86537
2026-08-14 18:00:00,1.001,1.0034,0.9985,0.9997,3105566.1,3107523.02464,13782,1010203.3,1010770.07246
2026-08-14 19:00:00,0.9997,1.0009,0.9985,0.9989,3772296.7,3770959.27316,15378,1551128.9,1550563.13024
2026-08-14 20:00:00,0.999,1.0,0.9968,0.9988,3514976.1,3509521.63755,14599,1445234.9,1442955.40495
2026-08-14 21:00:00,0.9987,1.0,0.9957,0.9981,3041148.6,3035566.78075,12297,1181267.4,1179020.57348
2026-08-14 22:00:00,0.9981,0.999,0.9862,0.9928,9222827.8,9147713.1161,25815,3589926.8,3560152.43886
2026-08-14 23:00:00,0.9927,0.9996,0.9924,0.9996,1645000.4,1638613.47764,9238,872277.9,868842.87465
2026-08-15 00:00:00,0.9996,1.0013,0.9982,1.0006,1601361.2,1600790.28363,6131,722502.4,722178.70787
2026-08-15 01:00:00,1.0007,1.0019,0.9997,1.0017,1563633.5,1565451.23184,4900,833119.1,834179.63755
2026-08-15 02:00:00,1.0018,1.0062,1.0018,1.0057,1786259.2,1794584.62912,7053,883238.0,887353.01984
2026-08-15 03:00:00,1.0057,1.0079,1.0038,1.0046,1325026.3,1332629.16931,5088,479737.1,482642.55259
2026-08-15 04:00:00,1.0047,1.0067,1.0042,1.005,735848.9,739881.4434,3474,332627.6,334433.95459
2026-08-15 05:00:00,1.0051,1.0066,1.0024,1.0044,1234301.0,1240100.8073,5042,457421.5,459475.43536
2026-08-15 06:00:00,1.0045,1.0064,1.0036,1.0056,593011.1,596037.14687,3105,207032.0,208098.87754
2026-08-15 07:00:00,1.0057,1.0059,1.0026,1.0028,1017328.6,1021453.67033,4257,407201.1,408830.66146
2026-08-15 08:00:00,1.0028,1.0038,1.001,1.0015,807830.3,809789.65446,4228,227059.0,227584.19924
2026-08-15 09:00:00,1.0016,1.0029,1.0008,1.0028,690984.1,692273.01457,3332,262592.3,263113.83422
2026-08-15 10:00:00,1.0029,1.0037,1.002,1.003,770203.3,772563.12885,3056,362934.5,364108.3637
2026-08-15 11:00:00,1.003,1.0041,1.0021,1.0024,582677.7,584504.7441,2907,282481.8,283359.15525
2026-08-15 12:00:00,1.0025,1.0028,1.0009,1.0027,845674.0,847415.40068,3344,380087.3,380902.94223
2026-08-15 13:00:00,1.0028,1.003,1.0016,1.0017,648903.4,650314.91406,3842,247118.2,247645.46274
2026-08-15 14:00:00,1.0017,1.0027,0.9999,1.0019,769266.7,770173.8623,3802,343406.3,343798.33136
2026-08-15 15:00:00,1.0018,1.0025,1.0014,1.0022,598822.7,599973.70968,2973,254885.8,255364.90799
2026-08-15 16:00:00,1.0022,1.0033,1.0015,1.0025,546941.5,548170.3844,2948,280304.3,280951.34962
2026-08-15 17:00:00,1.0026,1.0036,1.0022,1.0026,452099.3,453385.42659,2888,233528.8,234208.55661
2026-08-15 18:00:00,1.0025,1.0029,1.0004,1.0023,892016.7,893417.79552,2937,263775.9,264216.04291
2026-08-15 19:00:00,1.0023,1.0041,1.0023,1.004,397672.9,398968.83647,1845,169566.5,170149.1849
2026-08-15 20:00:00,1.004,1.0044,1.0032,1.004,538047.7,540078.74306,2557,231444.4,232304.45308
2026-08-15 21:00:00,1.004,1.0052,1.0036,1.0042,535607.4,537969.40318,2426,164130.4,164854.42272
2026-08-15 22:00:00,1.0043,1.0068,1.0042,1.0044,894832.7,899402.86758,3593,461142.0,463493.4585
2026-08-15 23:00:00,1.0043,1.0045,1.0012,1.0028,1041461.8,1044162.80959,5194,494187.6,495369.13201
2026-08-16 00:00:00,1.0028,1.0029,1.0014,1.0018,560795.6,561976.19215,3394,208106.7,208546.62898
2026-08-16 01:00:00,1.0017,1.0022,1.0,1.0013,524722.7,525444.83502,4212,247214.7,247527.72338
2026-08-16 02:00:00,1.0012,1.0035,1.0,1.0025,649336.6,650708.54209,4529,278071.5,278646.05779
2026-08-16 03:00:00,1.0024,1.0031,1.0017,1.0021,285121.6,285823.81566,1842,144701.6,145057.6544
2026-08-16 04:00:00,1.0021,1.0022,1.0006,1.0009,343203.7,343684.9385,2217,109849.2,110007.20249
2026-08-16 05:00:00,1.0008,1.0011,0.9995,1.0002,897424.7,897685.0494,3256,292788.1,292870.36323
2026-08-16 06:00:00,1.0003,1.002,0.9995,1.0004,717091.4,717500.26397,2703,194981.7,195065.38764
2026-08-16 07:00:00,1.0004,1.0027,1.0004,1.0024,469720.1,470477.5281,2041,190857.2,191128.41245
2026-08-16 08:00:00,1.0024,1.0025,1.0015,1.0016,639762.8,640972.51402,2161,174956.3,175281.46043
2026-08-16 09:00:00,1.0016,1.0027,1.0,1.0004,997889.6,999026.76113,3494,472110.4,472490.46761
2026-08-16 10:00:00,1.0003,1.0007,0.9972,1.0002,1604641.2,1603046.61098,5418,570001.0,569607.84004
2026-08-16 11:00:00,1.0003,1.0008,0.9993,0.9999,593968.5,593948.49494,2843,284418.5,284395.45366
2026-08-16 12:00:00,0.9999,1.0012,0.9993,1.0001,574400.4,574409.17342,2967,276354.6,276358.62986
2026-08-16 13:00:00,1.0001,1.001,1.0,1.0001,463701.7,463887.47098,2147,214233.6,214325.97418
2026-08-16 14:00:00,1.0,1.0011,1.0,1.0011,655167.2,655562.45041,2597,365748.3,366003.18471
2026-08-16 15:00:00,1.0011,1.0025,1.001,1.0019,905453.6,906889.48405,3193,356806.6,357407.01593
2026-08-16 16:00:00,1.002,1.0037,1.0015,1.0028,1094705.5,1097465.0775,4668,551813.3,553222.08808
2026-08-16 17:00:00,1.0029,1.0034,1.0006,1.001,1950053.1,1953990.75257,4099,882552.7,884664.59709
2026-08-16 18:00:00,1.001,1.001,0.9979,0.9994,3125412.7,3121667.19021,6776,1088267.7,1086868.01883
2026-08-16 19:00:00,0.9993,1.0025,0.999,1.001,756705.5,757516.27968,3735,238717.4,238988.72807
2026-08-16 20:00:00,1.001,1.0018,0.9983,0.9994,1474752.3,1474730.6889,5390,717481.7,717307.14266
2026-08-16 21:00:00,0.9994,1.0001,0.9902,0.9956,3342371.0,3324545.03599,11946,1476975.0,1468937.88961
2026-08-16 22:00:00,0.9956,0.997,0.9915,0.9941,1506697.2,1498063.76349,11544,706821.1,702649.42948
2026-08-16 23:00:00,0.994,0.995,0.9914,0.9936,1118271.7,1110148.36644,6602,509350.0,505581.52182
2026-08-17 00:00:00,0.9935,0.9943,0.9882,0.9936,3378646.1,3348045.61995,13155,1081172.9,1071443.17618
2026-08-17 01:00:00,0.9935,1.0016,0.9929,0.9989,2877817.6,2874894.37888,14429,1603963.7,1602391.59905
2026-08-17 02:00:00,0.9989,1.0049,0.9978,1.0024,2493518.7,2497748.98356,10117,1239487.1,1241382.19263
2026-08-17 03:00:00,1.0025,1.0034,1.001,1.0026,1404927.9,1407920.09647,5669,649956.9,651280.05311
2026-08-17 04:00:00,1.0026,1.004,1.0015,1.0021,1447972.3,1452000.47428,5060,724458.5,726351.39866
2026-08-17 05:00:00,1.0021,1.0042,1.001,1.0011,1776069.0,1780984.00279,6211,629943.8,631733.93046
2026-08-17 06:00:00,1.0011,1.0074,1.0009,1.006,4019794.5,4037133.18063,10557,2154534.6,2164336.01344
2026-08-17 07:00:00,1.006,1.0067,1.0029,1.0031,1736515.7,1744846.59874,5233,766946.8,770781.21333
2026-08-17 08:00:00,1.0031,1.0034,0.9973,0.9982,3003745.6,3003252.02893,8182,1001384.5,1001322.44806
2026-08-17 09:00:00,0.9982,0.9992,0.9966,0.9969,1382996.1,1379992.71264,4977,727172.9,725662.32651
2026-08-17 10:00:00,0.9968,1.0025,0.9965,1.0021,1149453.6,1148327.93197,6533,678351.3,677540.52518
2026-08-17 11:00:00,1.0021,1.0026,0.9999,1.0004,1259634.6,1260811.62185,5265,645808.7,646409.74278
2026-08-17 12:00:00,1.0004,1.0016,0.9971,0.9979,1603650.6,1603110.75875,7470,701912.0,701605.59873
2026-08-17 13:00:00,0.9979,1.0039,0.9969,1.0008,2020714.3,2022656.01999,11343,952301.5,953001.2193
2026-08-17 14:00:00,1.0009,1.005,0.9982,1.0045,4014666.9,4022278.9984,11212,2045897.7,2050165.63823
2026-08-17 15:00:00,1.0045,1.0086,1.0021,1.0068,3912624.1,3934470.41117,13460,1746534.0,1756219.20523
2026-08-17 16:00:00,1.0068,1.007,1.0028,1.0029,2153248.0,2163161.24498,7061,738280.0,741566.97918
2026-08-17 17:00:00,1.003,1.005,1.0002,1.0015,1407878.0,1410855.61332,9577,786116.0,787748.77679
2026-08-17 18:00:00,1.0015,1.0033,1.0006,1.0017,1501108.8,1503891.84082,7556,571213.4,572356.73374
2026-08-17 19:00:00,1.0016,1.0018,0.9994,1.0015,1702161.8,1702846.62447,6323,531539.4,531810.76102
2026-08-17 20:00:00,1.0014,1.005,0.9997,1.0037,1518709.8,1522471.33472,6475,806885.5,808817.43527
2026-08-17 21:00:00,1.0038,1.0042,1.0019,1.0021,790360.9,792715.25427,4128,342298.7,343298.61698
2026-08-17 22:00:00,1.0021,1.0034,1.0,1.0004,732532.6,733478.75017,4433,361746.9,362193.20327
2026-08-17 23:00:00,1.0004,1.0046,1.0001,1.003,948720.9,951646.72613,4422,547138.7,548802.17813
2026-08-18 00:00:00,1.0031,1.0048,1.0005,1.0027,1936510.1,1941549.02735,6842,1134122.0,1136947.75394
2026-08-18 01:00:00,1.0027,1.003,0.995,0.9964,2115297.7,2112757.94934,6939,806722.4,805650.88304
2026-08-18 02:00:00,0.9964,0.9972,0.9888,0.9907,6054094.1,6011342.04141,17960,2734188.3,2715027.24611
2026-08-18 03:00:00,0.9907,0.9924,0.9893,0.9911,2157155.0,2137584.00182,9826,898096.6,889895.71822
2026-08-18 04:00:00,0.9911,0.996,0.99,0.9948,1953960.8,1941433.4036,5798,723022.3,718464.36092
2026-08-18 05:00:00,0.9949,0.9973,0.993,0.9952,2450930.5,2439267.36473,8201,1258670.7,1252278.75222
2026-08-18 06:00:00,0.9952,1.0006,0.9941,0.9984,2152680.7,2147865.8065,7668,805118.0,803510.10185
2026-08-18 07:00:00,0.9984,0.9991,0.995,0.9965,1660643.8,1655789.30263,6025,873331.1,870582.14342
2026-08-18 08:00:00,0.9964,0.9982,0.9923,0.997,1772963.0,1764595.33897,7384,791918.7,788075.70543
2026-08-18 09:00:00,0.997,0.9973,0.9947,0.9959,1046682.9,1042428.22863,4377,364170.9,362684.47705
2026-08-18 10:00:00,0.996,0.9964,0.9949,0.9962,865789.7,862026.76917,3462,329311.5,327865.30624
2026-08-18 11:00:00,0.9962,1.0022,0.996,0.9987,2111384.5,2110113.96083,8147,1126682.1,1126012.98615
2026-08-18 12:00:00,0.9987,0.9993,0.9976,0.9978,930843.5,929236.21533,4113,369605.6,368942.48678
2026-08-18 13:00:00,0.9978,0.9993,0.9959,0.9982,1664217.2,1659699.64516,8307,743850.1,741682.28639
2026-08-18 14:00:00,0.9983,1.0067,0.997,1.0011,3740178.4,3747561.37995,20582,2113730.8,2118357.64547
2026-08-18 15:00:00,1.0011,1.0049,1.0005,1.0039,2408726.7,2416260.94139,12565,1011176.3,1014436.67968
2026-08-18 16:00:00,1.004,1.0044,1.0007,1.0024,1235785.2,1238596.27512,6451,627796.2,629104.12909
2026-08-18 17:00:00,1.0024,1.0024,1.0003,1.0005,1054883.2,1056104.87556,5332,494403.5,494979.47538
2026-08-18 18:00:00,1.0005,1.0027,1.0005,1.0013,567717.5,568670.68117,3266,310513.4,311026.79213
2026-08-18 19:00:00,1.0013,1.003,1.001,1.0028,914760.8,916807.3776,3115,320874.9,321575.27372
2026-08-18 20:00:00,1.0027,1.0036,0.9988,1.0002,2721407.4,2724381.22814,6126,1248864.1,1250576.45239
2026-08-18 21:00:00,1.0002,1.0025,1.0002,1.0006,756739.2,757789.6148,3160,389696.6,390277.67527
2026-08-18 22:00:00,1.0005,1.0024,0.9992,1.0006,1947380.2,1949342.42376,5476,1049790.6,1050668.84478
2026-08-18 23:00:00,1.0006,1.0036,1.0004,1.0019,1020253.9,1022754.13029,4121,531806.6,533049.41165
2026-08-19 00:00:00,1.0019,1.0021,0.9963,0.9964,4124880.8,4116984.73191,9407,1975418.5,1971310.3273
2026-08-19 01:00:00,0.9963,1.0003,0.9959,0.9988,2128966.8,2125305.32854,6347,1053097.1,1051217.02193
2026-08-19 02:00:00,0.9988,0.999,0.9977,0.9985,1406896.1,1404755.51206,3746,726021.5,724937.14972
2026-08-19 03:00:00,0.9984,1.0014,0.9975,1.0002,1523303.2,1522969.71326,4671,970459.8,970020.48529
2026-08-19 04:00:00,1.0001,1.001,0.9995,1.0,1086683.4,1086951.27962,3394,423634.2,423763.83573
2026-08-19 05:00:00,1.0,1.0018,0.9992,1.0001,1664985.8,1665753.28444,4376,793950.9,794211.2654
2026-08-19 06:00:00,1.0001,1.0053,0.9991,1.0044,3081617.5,3089300.68392,7509,1809745.5,1814781.39178
2026-08-19 07:00:00,1.0044,1.0063,1.0031,1.0035,1358893.4,1365091.33416,5060,549913.2,552409.53711
2026-08-19 08:00:00,1.0036,1.0095,1.0032,1.0064,3581192.1,3604680.08771,8657,1960571.6,1973258.46486
2026-08-19 09:00:00,1.0064,1.008,1.0037,1.0041,1834884.4,1845059.25957,4148,794626.4,799010.09254
2026-08-19 10:00:00,1.0042,1.0056,1.0033,1.0053,1220741.6,1225752.06807,3021,599219.4,601658.59687
2026-08-19 11:00:00,1.0054,1.0067,1.0045,1.0057,1409922.9,1417789.00701,4015,738132.8,742309.38658
2026-08-19 12:00:00,1.0058,1.0124,1.0057,1.0112,4130723.4,4168233.62196,11222,2205720.6,2225818.702
2026-08-19 13:00:00,1.0113,1.0238,1.0102,1.0171,7836290.1,7972015.72817,30202,3716541.1,3779727.37736
2026-08-19 14:00:00,1.0171,1.0348,1.0155,1.0332,5666014.9,5804543.73889,27867,2750827.6,2818512.41118
2026-08-19 15:00:00,1.0332,1.0745,1.0308,1.0678,35672935.1,37764214.87738,125185,18241122.3,19298328.70648
2026-08-19 16:00:00,1.0678,1.0709,1.0639,1.0643,12807464.3,13666239.84007,44412,5238281.8,5589323.42475
2026-08-19 17:00:00,1.0643,1.0649,1.052,1.0618,9538259.0,10093636.70072,32982,4075701.2,4313416.64757
2026-08-19 18:00:00,1.0618,1.07,1.0557,1.0692,4097156.4,4358189.40035,24546,2262724.1,2407314.51286
2026-08-19 19:00:00,1.0693,1.071,1.0643,1.0676,6646333.6,7097013.50746,33708,3115243.9,3326492.48315
2026-08-19 20:00:00,1.0677,1.1043,1.0675,1.0993,20549170.7,22330964.81878,88506,11083852.7,12047080.69023
2026-08-19 21:00:00,1.0993,1.1332,1.0959,1.1325,23409675.6,26083659.18815,158646,12193903.5,13585127.78963
2026-08-19 22:00:00,1.1324,1.1363,1.0997,1.1025,22176318.1,24850179.83759,136003,10046018.0,11252474.87515
2026-08-19 23:00:00,1.1025,1.1062,1.0947,1.106,8063531.6,8876506.58379,50231,3947400.5,4344410.67368
2026-08-20 00:00:00,1.1059,1.1134,1.1044,1.1079,5780025.8,6408848.2531,36574,2988054.2,3313240.19021
2026-08-20 01:00:00,1.108,1.1158,1.1066,1.1118,4047299.8,4498852.73124,31336,1940609.8,2156955.88264
2026-08-20 02:00:00,1.1118,1.1141,1.0989,1.0992,4260758.3,4715161.85408,24656,1899916.6,2103699.10478
2026-08-20 03:00:00,1.0992,1.1004,1.0879,1.0938,6447760.6,7046965.79388,36113,2764431.6,3020498.67295
2026-08-20 04:00:00,1.0939,1.1021,1.0932,1.1,2706762.8,2969819.14955,16280,1431955.5,1571398.05751
2026-08-20 05:00:00,1.1001,1.1102,1.0999,1.1045,2567808.5,2837404.57107,18362,1329696.2,1469285.63731
2026-08-20 06:00:00,1.1045,1.1122,1.1003,1.1115,4442936.4,4914843.23817,34870,2125157.2,2351085.44608
2026-08-20 07:00:00,1.1115,1.1135,1.1077,1.1122,2986621.0,3317025.87771,23224,1655743.9,1838668.86777
2026-08-20 08:00:00,1.1121,1.1561,1.1113,1.1533,19574073.1,22312829.17225,124212,11725578.7,13368529.39946
2026-08-20 09:00:00,1.1533,1.1637,1.1458,1.1495,12947130.0,14958528.96702,86743,6806558.4,7866642.37998
2026-08-20 10:00:00,1.1495,1.1669,1.1474,1.1606,8565565.3,9924900.11314,59938,4802258.3,5564251.13148
2026-08-20 11:00:00,1.1606,1.1962,1.157,1.1907,17881006.9,21128000.14841,121571,9682298.2,11443737.60473
2026-08-20 12:00:00,1.1908,1.1973,1.1776,1.1928,15923501.3,18919610.17049,129637,7474615.4,8881485.55347
2026-08-20 13:00:00,1.1928,1.2233,1.1887,1.2209,25478460.1,30680293.48545,172111,13386642.4,16142194.88269
2026-08-20 14:00:00,1.2208,1.2467,1.215,1.2276,32059525.4,39543438.62208,245825,15121786.9,18647206.91642
2026-08-20 15:00:00,1.2276,1.2647,1.2257,1.2613,31395141.0,39243641.49315,220468,16667691.2,20848309.53026
2026-08-20 16:00:00,1.2612,1.317,1.2521,1.315,32938053.4,42188898.79655,218883,18257786.2,23374794.16076
2026-08-20 17:00:00,1.3149,1.3441,1.3054,1.3103,37974535.5,50233184.90073,310582,18605979.8,24623637.77285
2026-08-20 18:00:00,1.3102,1.3184,1.2287,1.2294,43199752.8,54744045.31631,324884,21705929.1,27504541.52338
2026-08-20 19:00:00,1.2294,1.2398,1.2202,1.2324,21173376.9,26061803.87999,183454,10091064.0,12420187.69595
2026-08-20 20:00:00,1.2324,1.2476,1.2303,1.2437,11679369.9,14473151.93835,99383,4988096.8,6179081.05753
2026-08-20 21:00:00,1.2436,1.2714,1.2427,1.2579,15143426.4,19074615.98151,81530,5134291.2,6461048.25022
2026-08-20 22:00:00,1.2579,1.2659,1.2536,1.2562,11007490.1,13852503.2729,78905,4270104.7,5372618.59108
2026-08-20 23:00:00,1.2562,1.2753,1.2547,1.2681,10371335.2,13154891.51429,77641,4487374.8,5693521.36465
2026-08-21 00:00:00,1.2681,1.2741,1.2588,1.2655,9617438.4,12183357.20556,87970,4978736.4,6305723.68257
2026-08-21 01:00:00,1.2654,1.3027,1.264,1.2963,17017957.6,21886857.23431,140488,8427264.0,10837184.5992
2026-08-21 02:00:00,1.2963,1.3008,1.2817,1.2895,12457793.2,16081209.41974,105058,6688923.8,8634208.23352
2026-08-21 03:00:00,1.2895,1.3194,1.2844,1.3088,15496979.2,20206672.69739,120692,7524630.5,9809675.18099
2026-08-21 04:00:00,1.3088,1.3212,1.2965,1.3147,11833985.4,15494108.24856,89770,5993863.3,7847738.53026
2026-08-21 05:00:00,1.3148,1.3148,1.304,1.3102,7960452.6,10426145.88309,61742,3783679.9,4954878.53055
2026-08-21 06:00:00,1.3102,1.3211,1.2969,1.299,9576745.8,12518917.70711,81135,4485420.1,5867498.8629
2026-08-21 07:00:00,1.2989,1.3219,1.2981,1.3143,12574956.3,16530109.39954,95651,5901560.8,7756916.69139
2026-08-21 08:00:00,1.3143,1.3999,1.3128,1.3997,36543579.3,49671536.50462,271725,19056367.9,25877614.86213
2026-08-21 09:00:00,1.3996,1.43,1.3382,1.4198,43857191.1,60695710.65816,399514,23263824.0,32188339.91068
2026-08-21 10:00:00,1.4197,1.4256,1.3671,1.385,26703972.3,37075380.52884,268737,13414116.9,18620032.76574
2026-08-21 11:00:00,1.3849,1.4043,1.354,1.3573,19005334.3,26191402.20598,216238,9475476.2,13061934.48128
2026-08-21 12:00:00,1.3573,1.3876,1.3471,1.3814,16977177.2,23171470.20084,149281,8103962.9,11051469.76019
2026-08-21 13:00:00,1.3814,1.4245,1.3669,1.4169,24945399.1,34880932.76113,230253,11679379.1,16333228.11483
2026-08-21 14:00:00,1.4169,1.4186,1.3889,1.3999,18633564.2,26107503.45847,188332,8053694.9,11283291.32266
2026-08-21 15:00:00,1.3999,1.4197,1.3955,1.4036,17829811.8,25088972.52457,146553,7495830.6,10553737.57073
2026-08-21 16:00:00,1.4037,1.4077,1.3863,1.3998,17715625.8,24751879.746,144798,7104017.8,9927883.77936
2026-08-21 17:00:00,1.3998,1.4138,1.375,1.3868,16091091.3,22383154.28109,133289,7515144.9,10463541.54134
2026-08-21 18:00:00,1.3869,1.4,1.3689,1.3782,13695216.6,18944339.08937,112572,5940544.3,8231701.10243
2026-08-21 19:00:00,1.3781,1.3881,1.3622,1.3725,12771335.1,17545740.33705,106919,6533759.3,8982592.80686
2026-08-21 20:00:00,1.3726,1.383,1.3666,1.3748,7133181.2,9794092.70494,77566,3817546.5,5241571.15388
2026-08-21 21:00:00,1.3748,1.4099,1.3715,1.4065,15189496.4,21196407.88399,110826,7033989.8,9815545.71742
2026-08-21 22:00:00,1.4064,1.4518,1.3992,1.445,32653633.6,46851535.53226,266586,16308978.5,23403566.27792
2026-08-21 23:00:00,1.4451,1.4756,1.435,1.4544,25931680.4,37817784.83047,203232,13683369.6,19961412.75493
2026-08-22 00:00:00,1.4543,1.4822,1.4229,1.4599,25041288.7,36337222.4454,245326,12703573.0,18444245.636
2026-08-22 01:00:00,1.4599,1.5106,1.4567,1.4757,31307197.3,46477923.54953,274617,17786415.3,26423333.67722
2026-08-22 02:00:00,1.4756,1.5562,1.4747,1.5494,27605443.9,42074746.38842,275088,14591053.5,22228422.56149
2026-08-22 03:00:00,1.5495,1.5985,1.5424,1.5637,32193975.3,50523678.30544,304686,15833917.6,24846262.49564
2026-08-22 04:00:00,1.5638,1.6737,1.5532,1.6628,48388261.9,78609385.29744,395383,21987151.7,35694446.29597
2026-08-22 05:00:00,1.6628,1.6999,1.378,1.528,118288840.3,180440909.04139,850241,59819587.7,91235414.75155
2026-08-22 06:00:00,1.528,1.5943,1.5151,1.5787,35475359.9,55191022.32802,415045,18075247.1,28109583.26332
2026-08-22 07:00:00,1.5787,1.6274,1.558,1.5638,33776284.9,53777863.5436,360915,15844901.2,25211462.55543
2026-08-22 08:00:00,1.5638,1.5675,1.4855,1.5287,30599280.3,46593661.28461,325021,15117250.2,23024227.75248
2026-08-22 09:00:00,1.5287,1.5314,1.4898,1.5021,17499439.0,26450134.49445,220805,8397327.0,12701027.17289
2026-08-22 10:00:00,1.5021,1.504,1.4224,1.4843,33804072.4,49684490.60381,266643,17764127.8,26100946.395
2026-08-22 11:00:00,1.4842,1.5,1.4745,1.4884,11133259.3,16545735.72319,106879,5646564.6,8393895.47226
2026-08-22 12:00:00,1.4884,1.5297,1.4843,1.5025,13000745.9,19671507.35481,109955,6484086.5,9809999.54703
2026-08-22 13:00:00,1.5024,1.5106,1.4888,1.5004,10001744.4,15004333.57212,84400,4230012.8,6345276.83504
2026-08-22 14:00:00,1.5004,1.502,1.4354,1.4519,21975364.4,32238519.18009,145374,10224767.3,14980956.01138
2026-08-22 15:00:00,1.4519,1.4557,1.42,1.4391,22945103.7,33061887.07789,153371,11251310.9,16210608.67432
2026-08-22 16:00:00,1.4392,1.4897,1.4343,1.4809,14487214.9,21264519.84731,102682,7694263.9,11293734.38677
2026-08-22 17:00:00,1.4809,1.4864,1.4651,1.4806,8860734.5,13078790.04064,69998,4004080.7,5910280.54244
2026-08-22 18:00:00,1.4806,1.4986,1.478,1.4893,8983423.0,13369281.52451,66584,3962582.4,5900234.04862
2026-08-22 19:00:00,1.4893,1.5061,1.4833,1.5011,9683077.8,14475410.34233,58239,4665538.5,6973294.55424
2026-08-22 20:00:00,1.5012,1.516,1.4947,1.5019,8394214.4,12648995.37381,61652,3706178.5,5585003.03462
2026-08-22 21:00:00,1.5018,1.5018,1.4518,1.4548,12548194.2,18494350.32282,82445,5630113.9,8288860.41523
2026-08-22 22:00:00,1.4547,1.4757,1.4463,1.4683,7264356.4,10642375.21989,63804,3212811.3,4704561.98946
2026-08-22 23:00:00,1.4684,1.4702,1.4508,1.4619,5046629.7,7379924.77593,33577,1733233.4,2534202.91284
2026-08-23 00:00:00,1.4619,1.5196,1.4618,1.5137,14719984.4,21916786.88658,118958,7663332.8,11409405.37364
2026-08-23 01:00:00,1.5137,1.5142,1.4854,1.4914,10750973.2,16094139.14024,95242,4894318.7,7325722.5068
2026-08-23 02:00:00,1.4913,1.495,1.4716,1.4847,9104467.5,13518698.84921,76116,4070860.6,6045561.53393
2026-08-23 03:00:00,1.4847,1.4938,1.4622,1.4749,9563360.0,14111437.88962,79617,4066792.2,6001791.94648
2026-08-23 04:00:00,1.4749,1.4897,1.4455,1.4548,14295263.5,20975188.07554,113184,6336412.3,9297523.98885
2026-08-23 05:00:00,1.4547,1.4783,1.4392,1.4469,15305099.7,22341383.49315,128638,7343090.9,10722826.99046
2026-08-23 06:00:00,1.447,1.4626,1.4342,1.4445,9014310.3,13053909.64481,86304,4013040.2,5813215.46615
2026-08-23 07:00:00,1.4446,1.4735,1.4397,1.4618,8790578.0,12810438.41241,72277,4038655.7,5886706.41687
2026-08-23 08:00:00,1.4617,1.4849,1.4575,1.4754,10903924.9,16071914.33687,87576,5189612.8,7644098.36338
2026-08-23 09:00:00,1.4754,1.4862,1.4674,1.4774,7302189.2,10783308.57583,67513,4259075.3,6289483.24663
2026-08-23 10:00:00,1.4773,1.5024,1.4752,1.4756,10202544.6,15173760.70037,75950,5457479.1,8119087.43564
2026-08-23 11:00:00,1.4756,1.5035,1.4756,1.4945,7829244.2,11687853.86377,66272,3904432.0,5826372.287
2026-08-23 12:00:00,1.4944,1.499,1.4834,1.4943,6061932.6,9042726.93583,51774,2756847.2,4112545.49551
2026-08-23 13:00:00,1.4943,1.525,1.4933,1.5205,15048157.2,22753125.07837,97154,7470058.7,11297360.54434
2026-08-23 14:00:00,1.5205,1.5507,1.4573,1.5159,29809750.7,45243911.54163,201644,14774390.4,22406029.28709
2026-08-23 15:00:00,1.5158,1.5177,1.4874,1.4968,12111800.6,18203010.15905,97518,5239450.5,7874918.11813
2026-08-23 16:00:00,1.4969,1.5115,1.4943,1.5075,7106139.0,10677663.69781,56618,3225363.8,4846283.16303
2026-08-23 17:00:00,1.5075,1.5244,1.4994,1.5051,9440557.3,14276515.73916,72054,4255352.8,6434442.42701
2026-08-23 18:00:00,1.505,1.5201,1.5025,1.5088,5096301.9,7689229.22617,47775,2094412.5,3160036.71153
2026-08-23 19:00:00,1.5089,1.5115,1.4885,1.4979,6207808.1,9314090.2625,48675,2832485.8,4249211.89356
2026-08-23 20:00:00,1.498,1.5084,1.4911,1.5013,5065393.2,7598713.47606,39037,2331888.4,3497399.40576
2026-08-23 21:00:00,1.5012,1.5466,1.501,1.5257,13297833.3,20311910.33588,84646,6343115.1,9686746.60514
2026-08-23 22:00:00,1.5258,1.5322,1.5111,1.517,9357278.1,14201319.90424,87955,4480556.7,6799005.38144
2026-08-23 23:00:00,1.517,1.5307,1.5091,1.5204,8167976.4,12412509.77488,67822,3728620.6,5666658.21589
2026-08-24 00:00:00,1.5205,1.5238,1.4817,1.5058,10965743.1,16465353.27018,91303,4668291.5,7009254.77642
2026-08-24 01:00:00,1.5057,1.5066,1.4656,1.4665,11164589.0,16530881.3802,94811,5270053.3,7806937.95432
2026-08-24 02:00:00,1.4664,1.4945,1.4624,1.487,9245301.4,13673069.72841,80833,4859426.1,7185510.93298
2026-08-24 03:00:00,1.487,1.49,1.464,1.4652,10818999.3,15926678.74989,78626,6568323.7,9667349.20092
2026-08-24 04:00:00,1.4651,1.484,1.4649,1.4793,7391442.5,10904825.482,62622,4061529.6,5990619.8374
2026-08-24 05:00:00,1.4792,1.4879,1.4642,1.4803,9457514.3,13948989.77816,78961,4792159.4,7065070.37551
2026-08-24 06:00:00,1.4802,1.4909,1.4682,1.484,10237351.3,15152401.31454,87205,5241790.4,7756304.22692
2026-08-24 07:00:00,1.4839,1.5033,1.4745,1.4758,14237509.5,21161231.56625,97370,7135315.2,10602334.69576
2026-08-24 08:00:00,1.4759,1.4786,1.4532,1.4603,17253142.2,25225295.53454,85600,9552946.2,13961364.53775
2026-08-24 09:00:00,1.4602,1.4852,1.4594,1.4797,8183528.3,12076013.00621,52293,4103264.4,6050956.47878
2026-08-24 10:00:00,1.4796,1.49,1.4772,1.4839,6999207.7,10386350.87329,56313,3115602.2,4623372.24772
2026-08-24 11:00:00,1.484,1.509,1.4716,1.4974,12726825.2,18980485.89961,100104,5958069.8,8880609.39022
2026-08-24 12:00:00,1.4973,1.5187,1.481,1.5172,12957607.7,19458213.1966,98402,6214437.2,9335129.7357
2026-08-24 13:00:00,1.5173,1.5242,1.4781,1.4907,17595565.4,26423179.0457,140943,7747210.9,11631620.65657
2026-08-24 14:00:00,1.4906,1.5304,1.4886,1.5102,17501731.1,26434108.85619,132525,8513152.6,12859908.4586
2026-08-24 15:00:00,1.5102,1.5292,1.4947,1.5013,14049135.9,21231271.7706,111077,6420370.0,9697281.83378
2026-08-24 16:00:00,1.5013,1.5238,1.4978,1.4995,10082422.5,15235801.90096,78986,4438876.1,6710305.75715
2026-08-24 17:00:00,1.4996,1.5018,1.4629,1.4765,19727321.5,29185498.95332,121025,10521800.0,15557189.98134
2026-08-24 18:00:00,1.4766,1.4905,1.4677,1.4726,9055471.1,13402928.89249,74647,3526843.8,5218146.24888
2026-08-24 19:00:00,1.4727,1.486,1.4661,1.4831,11133406.5,16429776.47354,85679,4204885.2,6204779.48497
2026-08-24 20:00:00,1.483,1.4846,1.4696,1.4795,7452135.7,10996143.3115,64562,2447813.1,3612190.7589
2026-08-24 21:00:00,1.4794,1.4892,1.4763,1.4818,5252468.0,7782007.47269,37264,2264688.8,3355991.44953
2026-08-24 22:00:00,1.482,1.4852,1.4765,1.4782,4585640.4,6791065.15334,38672,1806101.9,2674474.62787
2026-08-24 23:00:00,1.4783,1.4849,1.4669,1.4817,5974772.2,8824519.71333,32619,2811161.5,4150402.51153
2026-08-25 00:00:00,1.4818,1.5163,1.4749,1.5073,13378503.7,20012201.65495,89875,6869995.2,10279326.34525
2026-08-25 01:00:00,1.5073,1.5161,1.4961,1.5097,8596877.2,12954343.60875,61913,3832040.2,5773974.45655
2026-08-25 02:00:00,1.5097,1.5505,1.5042,1.5218,23105074.4,35345854.08769,153249,12363232.1,18927529.95367
2026-08-25 03:00:00,1.5218,1.5328,1.5073,1.5135,12667017.3,19295481.84289,84227,6829604.8,10407678.74685
2026-08-25 04:00:00,1.5134,1.5177,1.5037,1.5139,8648908.2,13067971.6122,57719,4705380.6,7109012.2251
2026-08-25 05:00:00,1.5138,1.5275,1.5116,1.5191,5741608.9,8740959.6241,59549,2869198.2,4367662.54229
2026-08-25 06:00:00,1.5192,1.5207,1.4963,1.5032,8815617.7,13315429.63726,78975,3866271.8,5841355.02066
2026-08-25 07:00:00,1.5031,1.5124,1.474,1.4861,12084257.3,18025327.38631,78887,6061610.8,9047110.42733
2026-08-25 08:00:00,1.486,1.4976,1.4846,1.4904,6351414.0,9470203.34583,46217,3316659.4,4946036.53435
2026-08-25 09:00:00,1.4905,1.4964,1.47,1.4802,8205864.4,12171965.02791,68555,3775205.0,5603182.63517
2026-08-25 10:00:00,1.4802,1.4867,1.4765,1.4847,5737401.9,8502103.00745,41119,2932416.2,4345876.85752
2026-08-25 11:00:00,1.4847,1.4872,1.4775,1.4808,4845685.4,7180622.80826,39090,2302147.4,3411532.51289
2026-08-25 12:00:00,1.4808,1.4834,1.4611,1.4743,12511358.1,18412881.90736,96347,5813170.5,8555093.6686
2026-08-25 13:00:00,1.4743,1.4766,1.4438,1.4577,21285268.6,31033515.71507,181061,10060133.1,14667100.26821
2026-08-25 14:00:00,1.4577,1.479,1.454,1.4731,11306936.7,16614269.03072,113011,5380704.0,7903527.20959
2026-08-25 15:00:00,1.4732,1.4801,1.4644,1.4788,5556951.2,8178918.25076,59925,2520684.8,3710417.49999
2026-08-25 16:00:00,1.4787,1.4836,1.4666,1.4717,3841805.6,5666802.44266,42002,1803400.5,2659932.4001
2026-08-25 17:00:00,1.4718,1.4778,1.4615,1.4762,4734512.4,6956582.55478,45740,2440039.3,3584294.0319
2026-08-25 18:00:00,1.4763,1.4824,1.4721,1.4761,2832264.2,4185355.33358,32224,1353949.5,2000864.51495
2026-08-25 19:00:00,1.4761,1.4783,1.4648,1.4719,4083567.1,6007428.09428,39224,2175981.0,3200667.65659
2026-08-25 20:00:00,1.472,1.4737,1.4418,1.4438,10425689.0,15147702.47853,82447,5147369.0,7477696.91061
2026-08-25 21:00:00,1.4437,1.4498,1.4043,1.4383,22529162.4,32218771.61838,135405,11546423.3,16511329.10167
2026-08-25 22:00:00,1.4383,1.453,1.4378,1.4473,4604480.8,6658339.50315,47959,2418892.3,3497151.33817
2026-08-25 23:00:00,1.4473,1.45,1.4278,1.4343,4587566.6,6595965.66907,50254,2062163.8,2964465.85353
2026-08-26 00:00:00,1.4344,1.4372,1.4235,1.4331,6701425.4,9580469.4085,80113,3149197.7,4502581.48695
2026-08-26 01:00:00,1.433,1.447,1.4321,1.442,5358963.0,7725950.14377,53159,2690429.7,3877958.43897
2026-08-26 02:00:00,1.442,1.4509,1.4373,1.4433,2993315.5,4324294.05875,31654,1399874.0,2023334.90446
2026-08-26 03:00:00,1.4433,1.4457,1.4351,1.4395,2834735.8,4079852.6995,27370,1502643.9,2162168.36767
2026-08-26 04:00:00,1.4395,1.4513,1.4328,1.435,6516616.2,9399496.84417,46684,3821772.3,5514674.31541
2026-08-26 05:00:00,1.435,1.4465,1.425,1.4427,4471313.8,6417390.9755,52899,2341523.1,3359970.21864
2026-08-26 06:00:00,1.4428,1.4472,1.4317,1.4374,5553367.1,7987203.60873,46977,2386883.9,3433549.29705
2026-08-26 07:00:00,1.4373,1.4432,1.4323,1.4328,4384307.2,6300701.02234,41639,2044865.4,2937866.1542
2026-08-26 08:00:00,1.4329,1.4408,1.424,1.4291,3650267.4,5233457.25199,49008,1758216.5,2521816.95456
2026-08-26 09:00:00,1.4291,1.4329,1.4077,1.4096,9548426.6,13534897.65799,73850,4969508.2,7044473.96429
2026-08-26 10:00:00,1.4096,1.435,1.4039,1.4307,7793414.1,11048077.6222,73252,4434199.4,6287741.48351
2026-08-26 11:00:00,1.4308,1.4322,1.4076,1.4119,7245346.5,10267983.87414,63718,3900998.0,5525565.3409
2026-08-26 12:00:00,1.4119,1.4243,1.3955,1.4101,9035689.6,12749014.65196,80562,4266674.8,6021885.32871
2026-08-26 13:00:00,1.41,1.4124,1.3766,1.3944,18797234.2,26176355.08019,160091,10462697.8,14572904.92128
2026-08-26 14:00:00,1.3943,1.3995,1.3697,1.3714,10377121.0,14330737.63371,125991,5150299.2,7113234.51916
2026-08-26 15:00:00,1.3714,1.3807,1.3574,1.3729,15710494.6,21513124.69207,140830,7576456.6,10374561.34563
2026-08-26 16:00:00,1.3729,1.3808,1.3674,1.3749,6121033.1,8413072.44868,73158,2866420.1,3939373.90369
2026-08-26 17:00:00,1.375,1.3967,1.3735,1.3863,7331356.3,10162415.46205,76285,3882704.3,5380836.75755
2026-08-26 18:00:00,1.3864,1.39,1.3779,1.3843,5855785.3,8103721.52472,47473,3441620.6,4762332.19306
2026-08-26 19:00:00,1.3842,1.3882,1.3771,1.3781,4067097.7,5621989.0234,46324,2244197.8,3102531.20039
2026-08-26 20:00:00,1.3781,1.3801,1.3645,1.3794,4700275.2,6455648.22008,57508,2645863.2,3633925.33259
2026-08-26 21:00:00,1.3793,1.4014,1.378,1.4012,7028998.7,9794874.63171,66784,4225583.0,5889111.30283
2026-08-26 22:00:00,1.4011,1.4157,1.3984,1.4032,6687506.9,9410205.62274,70073,3333583.6,4690621.58481
2026-08-26 23:00:00,1.4032,1.4273,1.4002,1.4229,7031519.7,9965101.26167,63070,3608542.8,5113294.21112
2026-08-27 00:00:00,1.4228,1.4228,1.4033,1.404,5049510.7,7128833.07195,53548,2190435.1,3092481.47334
2026-08-27 01:00:00,1.404,1.4169,1.3972,1.4091,4389931.5,6176412.82794,60970,2258476.0,3178847.34761
2026-08-27 02:00:00,1.4092,1.4171,1.4019,1.4054,3349672.2,4721071.76372,36184,1382295.0,1947659.25829
2026-08-27 03:00:00,1.4054,1.413,1.4004,1.407,3750388.8,5273972.27021,33885,1704443.1,2396852.31341
2026-08-27 04:00:00,1.407,1.4103,1.398,1.4031,2122799.1,2980247.30867,25287,1020915.4,1433250.307
2026-08-27 05:00:00,1.4031,1.4108,1.3926,1.4103,4692132.7,6573873.78115,43049,2304437.2,3228318.86854
2026-08-27 06:00:00,1.4102,1.4103,1.3981,1.4058,2445668.7,3432754.06699,32254,1200420.4,1684732.32113
2026-08-27 07:00:00,1.4057,1.4139,1.4028,1.412,2857290.3,4024344.79051,27613,1337135.9,1882688.16195
2026-08-27 08:00:00,1.4121,1.4417,1.4103,1.4351,18054735.7,25849162.77573,133526,8439110.3,12078414.98115
2026-08-27 09:00:00,1.4352,1.4541,1.4316,1.4359,14023921.8,20222568.49364,101496,7171346.0,10342620.97931
2026-08-27 10:00:00,1.4359,1.444,1.4172,1.4236,7375595.6,10536288.79755,68254,3354029.2,4792508.43457
2026-08-27 11:00:00,1.4235,1.433,1.4199,1.4255,4188303.7,5971951.11224,37259,1793601.1,2557799.44787
2026-08-27 12:00:00,1.4255,1.4346,1.4203,1.4213,3947556.1,5631475.28227,36131,1995184.6,2846606.03529
2026-08-27 13:00:00,1.4214,1.4418,1.4195,1.4384,5727137.0,8177910.03904,63364,2588122.6,3696784.82633
2026-08-27 14:00:00,1.4384,1.4707,1.4358,1.4609,18459124.3,26882514.85036,137774,9372534.2,13645370.26225
2026-08-27 15:00:00,1.461,1.4705,1.4515,1.4659,10784031.7,15775726.82311,99490,5016490.4,7338700.14854
2026-08-27 16:00:00,1.4659,1.474,1.4607,1.4656,8783200.8,12902742.05923,79141,4012860.4,5895321.65264
2026-08-27 17:00:00,1.4656,1.4713,1.4547,1.4584,5768884.2,8435465.41292,57004,2760684.0,4037821.51457
2026-08-27 18:00:00,1.4585,1.4587,1.4355,1.4519,6970430.6,10071584.10684,63748,3159182.5,4563249.07857
2026-08-27 19:00:00,1.4518,1.4575,1.4458,1.4571,7983289.1,11584141.84993,40533,4349025.3,6308498.9851
2026-08-27 20:00:00,1.4571,1.4616,1.4488,1.4547,6172697.8,8972135.20975,42597,2949960.0,4287682.69494
2026-08-27 21:00:00,1.4548,1.4559,1.4453,1.4501,3180740.8,4612101.1883,26907,1713033.4,2483568.97914
2026-08-27 22:00:00,1.4502,1.459,1.4491,1.4537,3358846.8,4881517.58261,29075,1238331.6,1799769.68876
2026-08-27 23:00:00,1.4536,1.4586,1.4504,1.4534,3556920.9,5173414.35854,29482,1771379.2,2576065.11955
2026-08-28 00:00:00,1.4534,1.4547,1.4421,1.4474,5497571.0,7955710.9801,47572,2888136.1,4179474.12227
2026-08-28 01:00:00,1.4474,1.4726,1.4471,1.4504,6796939.4,9912456.3488,68686,3551909.9,5181355.5352
2026-08-28 02:00:00,1.4504,1.4504,1.4247,1.4329,10817890.5,15512443.53966,75349,5601368.7,8029780.6339
2026-08-28 03:00:00,1.4329,1.4362,1.4257,1.4309,4415062.7,6316454.54309,33267,2138499.3,3059504.02873
2026-08-28 04:00:00,1.4309,1.4338,1.42,1.4214,5166166.3,7364920.00752,34749,2631474.1,3751179.06256
2026-08-28 05:00:00,1.4214,1.427,1.4182,1.422,2673855.7,3802099.20502,26421,1437290.2,2044182.99343
2026-08-28 06:00:00,1.422,1.4282,1.422,1.4256,2238688.1,3191629.92374,19268,1231104.4,1755284.0557
2026-08-28 07:00:00,1.4257,1.4259,1.4169,1.4204,4072351.2,5783514.57792,23474,1887191.5,2679727.69213
2026-08-28 08:00:00,1.4204,1.427,1.4184,1.4201,3039191.2,4323024.22061,22675,1286611.6,1830235.79422
2026-08-28 09:00:00,1.4202,1.4207,1.4085,1.4104,4850996.9,6857276.17131,37025,2419580.3,3419827.57088
2026-08-28 10:00:00,1.4104,1.4217,1.4017,1.4216,4979040.8,7019243.17473,36989,2832519.7,3994788.34592
2026-08-28 11:00:00,1.4215,1.4316,1.4193,1.4195,4123212.9,5879929.50914,27351,2150867.2,3067008.12663
2026-08-28 12:00:00,1.4196,1.4238,1.4134,1.4235,4738196.2,6724325.48753,29222,2979383.3,4230238.53161
2026-08-28 13:00:00,1.4235,1.4262,1.4145,1.4188,4322094.3,6134421.82742,45138,2087814.6,2963099.53995
2026-08-28 14:00:00,1.4188,1.442,1.3866,1.4314,31808487.0,44902139.81484,338415,15744189.9,22229252.91164
2026-08-28 15:00:00,1.4314,1.4379,1.4025,1.4034,10384191.1,14744465.65503,108521,4627698.8,6575749.09032
2026-08-28 16:00:00,1.4034,1.4125,1.3729,1.3929,15238319.8,21203778.03252,143199,6901389.6,9605703.55989
2026-08-28 17:00:00,1.3929,1.394,1.3813,1.3884,5564445.6,7728196.89702,53654,2749332.4,3817979.95828
2026-08-28 18:00:00,1.3884,1.3891,1.3633,1.374,9143259.2,12557304.53857,64643,4472112.0,6139898.12654
2026-08-28 19:00:00,1.3741,1.384,1.3733,1.3785,4129922.1,5692901.41106,35115,2512173.1,3462677.23987
2026-08-28 20:00:00,1.3786,1.3868,1.3754,1.3804,3723452.8,5142851.63696,28508,2027321.0,2800622.99253
2026-08-28 21:00:00,1.3805,1.3844,1.3698,1.3723,3442500.2,4740542.49015,22522,1922401.2,2646940.79714
2026-08-28 22:00:00,1.3723,1.3841,1.3708,1.383,2836865.1,3909411.36134,20693,1559525.3,2149578.81685
2026-08-28 23:00:00,1.383,1.3843,1.3805,1.3838,1913955.0,2646044.39994,12532,973343.3,1345413.71592
2026-08-29 00:00:00,1.3838,1.3894,1.3812,1.3832,2150416.9,2980798.15857,15350,1087413.5,1507752.00043
2026-08-29 01:00:00,1.3832,1.3878,1.3768,1.385,2561815.6,3542463.21308,15678,1300412.0,1798406.97794
2026-08-29 02:00:00,1.3851,1.3873,1.3796,1.3827,1985227.9,2746559.2218,15413,965008.0,1334745.66037
2026-08-29 03:00:00,1.3827,1.3851,1.3783,1.3795,2364896.7,3266971.13192,15984,1141695.7,1576925.35483
2026-08-29 04:00:00,1.3795,1.3863,1.3788,1.3863,2434141.1,3364619.44964,15071,1271216.7,1757255.90742
2026-08-29 05:00:00,1.3862,1.3928,1.3851,1.3891,2074942.4,2881091.14766,15216,1061331.9,1473623.28644
2026-08-29 06:00:00,1.3892,1.3895,1.377,1.3806,1415515.9,1954322.69665,16256,642873.1,887343.57358
2026-08-29 07:00:00,1.3806,1.3866,1.38,1.3828,1919371.5,2654489.81384,14444,974737.8,1347854.79987
2026-08-29 08:00:00,1.3827,1.3841,1.3785,1.3831,1479975.5,2044211.99812,14867,705616.8,974407.01927
2026-08-29 09:00:00,1.383,1.3863,1.3816,1.3839,1438066.8,1990590.77891,10925,650036.9,899669.13608
2026-08-29 10:00:00,1.3838,1.3893,1.3793,1.3853,1764396.9,2443942.79692,13744,795197.0,1100993.61914
2026-08-29 11:00:00,1.3852,1.3869,1.3819,1.3833,1035315.8,1432996.75416,9499,500822.7,693284.42668
2026-08-29 12:00:00,1.3833,1.3868,1.381,1.3847,934884.7,1293779.79459,9982,519101.2,718408.23315
2026-08-29 13:00:00,1.3846,1.3877,1.3829,1.3869,1011093.1,1400733.26817,9204,654944.0,907199.89354
2026-08-29 14:00:00,1.387,1.4032,1.3859,1.4007,3660951.9,5103970.34913,32669,2182149.2,3042909.85069
2026-08-29 15:00:00,1.4007,1.4012,1.3903,1.3932,2957753.0,4124775.33637,24107,1405654.8,1960068.36096
2026-08-29 16:00:00,1.3932,1.3977,1.3895,1.3919,3147000.4,4384919.49987,23239,1743583.3,2429483.23233
2026-08-29 17:00:00,1.392,1.3949,1.3853,1.3924,2665067.1,3706038.96035,18974,1211307.2,1684592.51222
2026-08-29 18:00:00,1.3923,1.3971,1.3903,1.3942,2743106.2,3823803.719,21340,1609177.7,2243212.07731
2026-08-29 19:00:00,1.3941,1.4002,1.3932,1.3978,3334834.3,4659431.49867,20264,1758257.0,2456571.80641
2026-08-29 20:00:00,1.3978,1.402,1.3947,1.3976,1839630.7,2572531.98781,13549,819681.6,1146181.89333
2026-08-29 21:00:00,1.3976,1.4002,1.3913,1.3923,1762071.3,2459499.19831,12301,1134707.6,1583919.77769
2026-08-29 22:00:00,1.3923,1.3955,1.3907,1.3933,1265464.9,1762163.11058,9482,588004.6,818722.08592
2026-08-29 23:00:00,1.3932,1.3975,1.3928,1.3964,2433242.5,3394550.64074,11339,1436019.0,2003146.88993
2026-08-30 00:00:00,1.3964,1.3994,1.3928,1.3955,2554110.8,3566132.36008,16322,1299906.6,1814656.60114
2026-08-30 01:00:00,1.3955,1.3956,1.3891,1.3916,2346053.8,3263945.8191,13755,1047722.5,1457315.63265
2026-08-30 02:00:00,1.3916,1.3965,1.3907,1.3936,2377115.5,3312765.00815,14756,997856.3,1390547.26588
2026-08-30 03:00:00,1.3936,1.3955,1.3911,1.3925,1393049.6,1941015.15761,9373,664481.6,925706.54967
2026-08-30 04:00:00,1.3926,1.3946,1.3873,1.3926,2214587.9,3080564.85135,11352,1109382.4,1543106.72729
2026-08-30 05:00:00,1.3925,1.3974,1.3921,1.396,1573805.1,2194909.27736,11452,716680.3,999550.38148
2026-08-30 06:00:00,1.396,1.4039,1.3936,1.4015,2502642.6,3502459.33389,15957,1224944.5,1714701.67606
2026-08-30 07:00:00,1.4016,1.4018,1.3913,1.3917,1836112.8,2561953.31511,12052,857372.1,1196067.90134
2026-08-30 08:00:00,1.3917,1.3944,1.3888,1.3921,1376234.4,1915879.07808,9483,703419.1,979279.83129
2026-08-30 09:00:00,1.3921,1.3927,1.3817,1.3864,3490888.7,4842635.16666,17098,1824243.8,2530466.24778
2026-08-30 10:00:00,1.3863,1.3914,1.3846,1.3893,2630234.9,3651279.32557,12768,1269325.0,1762196.73754
2026-08-30 11:00:00,1.3893,1.3929,1.389,1.3924,1568210.0,2181123.17232,14076,814566.2,1132792.48695
2026-08-30 12:00:00,1.3923,1.4034,1.3916,1.4027,4175950.4,5839793.46327,31086,2058196.3,2878736.70425
2026-08-30 13:00:00,1.4027,1.4109,1.3964,1.4088,4204572.1,5901198.89577,28039,2123784.2,2982661.79098
2026-08-30 14:00:00,1.4087,1.4088,1.4023,1.4037,2443187.4,3433940.71248,20471,1025873.7,1441863.95683
2026-08-30 15:00:00,1.4038,1.4057,1.3946,1.3983,3303969.0,4626231.15709,23441,1868754.5,2616347.21735
2026-08-30 16:00:00,1.3983,1.4258,1.3964,1.4226,6736970.0,9508782.86217,53194,3578110.6,5049197.5706
2026-08-30 17:00:00,1.4225,1.4242,1.4081,1.4192,6272479.9,8894412.05347,49329,2870647.4,4070044.25365
2026-08-30 18:00:00,1.4191,1.4335,1.412,1.4244,4976405.8,7088497.859,36758,2381114.1,3391372.53351
2026-08-30 19:00:00,1.4244,1.4244,1.4082,1.4112,2900890.4,4108409.06547,26143,1469022.3,2080610.25653
2026-08-30 20:00:00,1.4113,1.4143,1.387,1.3957,5560390.1,7792548.8511,43812,2315440.3,3244756.5137
2026-08-30 21:00:00,1.3958,1.3991,1.3832,1.3954,6138428.2,8544232.77528,53785,2897225.6,4034037.79127
2026-08-30 22:00:00,1.3953,1.4037,1.3817,1.3862,4311768.7,5994319.40633,46348,2056518.9,2858896.48155
2026-08-30 23:00:00,1.3862,1.3875,1.3352,1.3575,18109960.5,24601257.07424,152804,7615060.0,10348652.81392
2026-08-31 00:00:00,1.3575,1.3707,1.3527,1.3652,5468034.4,7446200.2355,48723,2874308.8,3916167.36941
2026-08-31 01:00:00,1.3651,1.3662,1.3429,1.3434,7263744.6,9816017.71235,58263,3995071.0,5397635.66139
2026-08-31 02:00:00,1.3434,1.3575,1.3394,1.3449,5672218.2,7649244.51569,45516,3166758.1,4269628.35019
2026-08-31 03:00:00,1.345,1.3575,1.343,1.3546,3781393.1,5111615.85893,28634,1925503.6,2601659.49849
2026-08-31 04:00:00,1.3546,1.3552,1.3453,1.3515,3467168.3,4679105.08255,25126,1317286.3,1777288.76765
2026-08-31 05:00:00,1.3515,1.3681,1.3496,1.3636,4772836.5,6497094.82976,36191,2726843.6,3711377.19708
2026-08-31 06:00:00,1.3637,1.3679,1.3599,1.3645,4451548.5,6072629.43773,26386,2453103.7,3346195.50522
2026-08-31 07:00:00,1.3644,1.3734,1.3635,1.373,5295493.5,7247748.32239,28588,2748093.6,3760869.08404
2026-08-31 08:00:00,1.3729,1.3788,1.3655,1.3735,4179148.0,5731650.9098,32618,1696467.7,2326920.91963
2026-08-31 09:00:00,1.3734,1.3799,1.3699,1.3726,4104620.3,5640180.67128,29673,1946964.9,2674479.60353
2026-08-31 10:00:00,1.3727,1.3838,1.3678,1.3814,3939314.9,5418432.87454,28413,1784961.4,2456142.51838
2026-08-31 11:00:00,1.3813,1.3819,1.3707,1.3713,2263519.6,3118479.71066,23039,925810.5,1275335.66351
2026-08-31 12:00:00,1.3713,1.3788,1.3574,1.3622,4653799.6,6369584.47222,47436,1953810.4,2674690.40548
2026-08-31 13:00:00,1.3622,1.3739,1.3599,1.3623,4896940.3,6689620.48599,53143,2184617.0,2984239.49795
2026-08-31 14:00:00,1.3624,1.3814,1.3594,1.3767,6488125.5,8889963.8952,65346,2902579.8,3979304.58361
2026-08-31 15:00:00,1.3768,1.3792,1.3651,1.3727,3104555.9,4263864.93031,43618,1333701.9,1831463.00845
2026-08-31 16:00:00,1.3728,1.3833,1.3681,1.3761,2559926.1,3517386.35675,35121,1110345.6,1525583.80325
2026-08-31 17:00:00,1.3762,1.3873,1.3719,1.3851,3589501.9,4952757.85245,40315,1731383.1,2388218.33242
2026-08-31 18:00:00,1.3851,1.3963,1.3805,1.3861,3872659.8,5373638.64497,40389,2193396.3,3043443.3841
2026-08-31 19:00:00,1.3861,1.3924,1.3843,1.3875,2672999.5,3711678.59663,29945,1005799.9,1396247.14051
2026-08-31 20:00:00,1.3876,1.3949,1.3848,1.387,2567749.7,3565086.87567,21738,1187607.5,1648871.87561
2026-08-31 21:00:00,1.387,1.3915,1.3802,1.3865,3157308.0,4375749.75503,23847,1611200.2,2232764.28726
2026-08-31 22:00:00,1.3865,1.388,1.3794,1.3809,1865050.9,2578467.35929,18455,961217.3,1328820.04405
2026-08-31 23:00:00,1.3808,1.3808,1.3754,1.3798,1664537.7,2295114.97972,13970,792146.2,1092103.56953
2026-09-01 00:00:00,1.3798,1.3887,1.3787,1.3842,2809163.0,3890460.99563,18437,1571634.4,2176514.3001
2026-09-01 01:00:00,1.3842,1.3874,1.3744,1.3768,3412503.6,4709723.16032,25342,1974191.6,2724211.82617
2026-09-01 02:00:00,1.3767,1.3767,1.3694,1.3755,3310124.5,4546875.55717,19860,1824669.4,2506159.29949
2026-09-01 03:00:00,1.3755,1.3918,1.3748,1.3868,3878035.2,5367538.36929,26265,2111311.5,2920598.0465
2026-09-01 04:00:00,1.3867,1.3888,1.3791,1.381,2434870.1,3368617.04726,21586,1452705.3,2009558.98307
2026-09-01 05:00:00,1.3809,1.3967,1.3801,1.3947,5212967.6,7241028.0506,30998,3068213.5,4261344.38402
2026-09-01 06:00:00,1.3947,1.3951,1.3839,1.384,4304607.1,5977269.18206,20606,2256108.7,3132652.12126
2026-09-01 07:00:00,1.384,1.3862,1.3777,1.3799,3143840.3,4345870.74463,15912,1765867.2,2440956.90258
2026-09-01 08:00:00,1.38,1.3803,1.3617,1.363,6823466.4,9337570.55777,43426,3714405.6,5082333.28101
2026-09-01 09:00:00,1.363,1.3682,1.3616,1.3674,3515849.2,4799008.48507,20027,2087504.6,2849338.98956
2026-09-01 10:00:00,1.3673,1.3839,1.3654,1.3775,4707549.4,6469572.54828,25157,2492511.8,3424213.4742
2026-09-01 11:00:00,1.3775,1.3875,1.3743,1.3821,4039001.8,5580575.9997,30714,2170217.5,2997592.36683
2026-09-01 12:00:00,1.3821,1.3837,1.3691,1.3697,4396490.0,6053200.12507,38153,1977857.6,2722780.74353
2026-09-01 13:00:00,1.3697,1.3777,1.3571,1.3757,9655394.1,13198596.30091,73334,4448767.0,6081072.69779
2026-09-01 14:00:00,1.3757,1.3839,1.3742,1.3785,3674800.2,5069217.56183,42831,1904400.0,2626727.32614
2026-09-01 15:00:00,1.3785,1.3822,1.3668,1.3782,3178899.4,4366575.57015,36745,1549059.7,2128303.85883
2026-09-01 16:00:00,1.3783,1.379,1.3582,1.3655,5234977.4,7156085.22754,52256,2500723.6,3418386.58121
2026-09-01 17:00:00,1.3656,1.3735,1.361,1.3626,3934957.1,5380523.5503,35367,2059205.9,2816526.25163
2026-09-01 18:00:00,1.3627,1.3652,1.3387,1.3562,10965105.0,14799277.39667,74931,5249082.4,7085805.05767
2026-09-01 19:00:00,1.3561,1.365,1.3535,1.3547,4721593.3,6417399.17092,40055,2588972.7,3518092.94143
2026-09-01 20:00:00,1.3548,1.3568,1.3471,1.3545,3975583.1,5374312.34573,28427,2308560.3,3120198.40089
2026-09-01 21:00:00,1.3546,1.3559,1.3382,1.3495,4954831.4,6671038.33668,34788,2443392.6,3288927.97383
2026-09-01 22:00:00,1.3495,1.3533,1.34,1.3452,4566709.1,6146479.94585,27817,2311042.3,3110023.98639
2026-09-01 23:00:00,1.3451,1.3562,1.3439,1.3518,2912563.8,3933228.49348,22399,1501902.4,2028014.31514
2026-09-02 00:00:00,1.3519,1.3535,1.3407,1.3412,3530220.2,4752725.15261,25324,1680816.7,2262872.66758
2026-09-02 01:00:00,1.3412,1.3447,1.3272,1.3347,7572367.5,10119845.51297,49206,3551150.5,4747430.37816
2026-09-02 02:00:00,1.3346,1.3472,1.3315,1.3448,4820889.2,6464621.16305,38786,2840700.9,3808404.44674
2026-09-02 03:00:00,1.3448,1.3578,1.3436,1.3517,5410489.1,7314700.50395,37900,2704353.5,3656049.11531
2026-09-02 04:00:00,1.3518,1.352,1.3425,1.3481,3611653.0,4865209.67799,20528,2260980.9,3045449.3754
2026-09-02 05:00:00,1.3481,1.3538,1.3435,1.3513,4040850.3,5454038.52161,26439,2141136.1,2889790.97236
2026-09-02 06:00:00,1.3514,1.3524,1.3418,1.3465,4885258.6,6579689.31079,28981,2503291.3,3370795.01676
2026-09-02 07:00:00,1.3466,1.3526,1.3451,1.3452,2390737.1,3223623.68333,21123,1447137.5,1951334.60879
2026-09-02 08:00:00,1.3452,1.3484,1.3258,1.3309,8892114.0,11889877.50617,37247,5548561.9,7424359.58996
2026-09-02 09:00:00,1.3309,1.3369,1.3223,1.3275,7090472.4,9421233.22438,42049,3737208.7,4967321.79678
2026-09-02 10:00:00,1.3274,1.3277,1.3098,1.3199,9061381.8,11946523.5625,48910,4100193.8,5407034.71595
2026-09-02 11:00:00,1.3198,1.3256,1.315,1.3253,4521591.3,5968603.27525,33278,2106463.0,2780057.57637
2026-09-02 12:00:00,1.3252,1.3319,1.3178,1.3181,4970654.9,6589097.76169,33121,2245662.8,2977849.70742
2026-09-02 13:00:00,1.318,1.3459,1.318,1.3415,6356165.3,8479865.00874,68626,3190406.1,4257643.62288
2026-09-02 14:00:00,1.3416,1.3465,1.3319,1.3323,5673370.5,7604097.52578,51466,2680995.9,3592302.03546
2026-09-02 15:00:00,1.3324,1.3402,1.3256,1.3368,4888320.7,6514768.63716,50914,2539690.6,3384187.68513
2026-09-02 16:00:00,1.3369,1.3427,1.3317,1.3323,4435299.5,5935043.55131,34917,2230037.9,2984283.84748
2026-09-02 17:00:00,1.3323,1.3385,1.327,1.3384,2732145.0,3638149.81907,30415,1348955.4,1796332.47172
2026-09-02 18:00:00,1.3384,1.3444,1.3372,1.3423,3992733.3,5353369.05941,27247,2073556.9,2779483.42813
2026-09-02 19:00:00,1.3422,1.3487,1.3401,1.3441,3306004.5,4445634.29778,27316,1640797.5,2206056.43097
2026-09-02 20:00:00,1.3442,1.3558,1.3435,1.3516,8028207.9,10835832.90095,45837,4798380.5,6476281.98491
2026-09-02 21:00:00,1.3515,1.3531,1.3461,1.3481,1978635.1,2670083.02882,18490,1090775.4,1472395.34465
2026-09-02 22:00:00,1.3482,1.3487,1.342,1.3446,1917156.0,2578802.40211,18949,921053.2,1238824.12852
2026-09-02 23:00:00,1.3445,1.3521,1.3425,1.3511,2407969.0,3246631.3954,17524,1173967.3,1582638.79544
2026-09-03 00:00:00,1.3512,1.3548,1.3436,1.3442,5191833.7,6995823.79239,28490,2968167.8,3999362.45046
2026-09-03 01:00:00,1.3441,1.3663,1.3401,1.356,8305405.2,11277004.02327,56149,4802292.6,6520415.18037
2026-09-03 02:00:00,1.3559,1.373,1.3535,1.3696,7012139.3,9574727.18765,41216,3545285.4,4839196.0338
2026-09-03 03:00:00,1.3696,1.3745,1.3636,1.3668,5295573.9,7245371.53739,29747,2864514.2,3920044.65281
2026-09-03 04:00:00,1.3669,1.37,1.3614,1.3696,4073323.6,5562378.61418,24465,2173248.2,2968338.13103
2026-09-03 05:00:00,1.3695,1.3708,1.3515,1.369,6458311.1,8803835.16033,43812,3115096.5,4246055.67639
2026-09-03 06:00:00,1.3689,1.3699,1.3628,1.3647,3542215.4,4836991.96229,25247,1801715.1,2460079.5591
2026-09-03 07:00:00,1.3646,1.3763,1.3626,1.3658,8415926.2,11531794.8958,42579,4035375.7,5529070.91402
2026-09-03 08:00:00,1.3659,1.3795,1.3659,1.3691,4103772.7,5634702.12707,37146,2075134.8,2849843.08481
2026-09-03 09:00:00,1.3692,1.3725,1.3616,1.3616,4409629.3,6026251.55358,27952,2055730.1,2809263.86668
2026-09-03 10:00:00,1.3615,1.3668,1.3589,1.3649,3759453.9,5120986.07739,26111,1973622.0,2688284.55317
2026-09-03 11:00:00,1.3649,1.3748,1.3637,1.3733,6358240.4,8715072.40959,40052,3867003.6,5301093.04505
2026-09-03 12:00:00,1.3733,1.3912,1.3691,1.3867,9506930.4,13116155.0161,58278,5292967.3,7302633.78086
2026-09-03 13:00:00,1.3866,1.4017,1.383,1.3939,11538686.0,16074514.70392,86234,6129477.4,8537444.29826
2026-09-03 14:00:00,1.3938,1.4509,1.388,1.4505,21048854.3,29874602.64022,145369,11479246.5,16292981.28672
2026-09-03 15:00:00,1.4505,1.4678,1.4388,1.4646,30034689.5,43639662.28797,233587,14927729.8,21692938.03585
2026-09-03 16:00:00,1.4647,1.4665,1.4419,1.4532,18040545.9,26241044.40889,134898,8757593.9,12737739.60752
2026-09-03 17:00:00,1.4531,1.4643,1.4488,1.462,6940862.5,10112269.8456,62399,3427461.9,4993055.05312
2026-09-03 18:00:00,1.4619,1.4692,1.4549,1.4629,6617043.4,9676097.88776,48931,3527415.0,5158073.38776
2026-09-03 19:00:00,1.4628,1.4757,1.4603,1.4714,8532805.1,12526816.47889,59825,4562195.2,6697437.518
2026-09-03 20:00:00,1.4714,1.4835,1.461,1.4713,8996648.9,13257665.58661,72718,4209835.7,6204250.91215
2026-09-03 21:00:00,1.4714,1.4781,1.4641,1.466,9320760.8,13700100.52318,67224,3947232.0,5803389.0092
2026-09-03 22:00:00,1.466,1.468,1.4415,1.4555,9278494.6,13476860.86076,73264,4354992.0,6322487.55452
2026-09-03 23:00:00,1.4555,1.46,1.4482,1.4512,6015200.1,8739595.42704,37994,3327838.7,4835262.02334
2026-09-04 00:00:00,1.4512,1.459,1.4409,1.4414,6884323.4,9979555.56135,45785,3607768.2,5228927.98107
2026-09-04 01:00:00,1.4414,1.4477,1.4342,1.4442,5435645.3,7833066.48573,49630,2682653.7,3865835.74623
2026-09-04 02:00:00,1.4442,1.4473,1.4378,1.4465,3352858.7,4835696.81005,32192,1764828.1,2545793.64804
2026-09-04 03:00:00,1.4466,1.4531,1.4457,1.4467,3478994.6,5041040.59533,30781,1892482.3,2741883.18739
2026-09-04 04:00:00,1.4468,1.4569,1.4438,1.4507,3899228.1,5656909.72615,30957,2212765.5,3210546.08117
2026-09-04 05:00:00,1.4507,1.4539,1.442,1.4471,4771372.5,6909941.48724,34643,2419776.2,3503588.38022
2026-09-04 06:00:00,1.447,1.4534,1.4391,1.4464,5182648.4,7488989.30581,34990,3305969.8,4776617.6757
2026-09-04 07:00:00,1.4465,1.4535,1.4425,1.4439,6567782.5,9507310.35642,38408,3329219.3,4818652.61271
2026-09-04 08:00:00,1.4439,1.4577,1.4384,1.4573,6357000.0,9206049.95647,43569,3296699.2,4775761.92395
2026-09-04 09:00:00,1.4574,1.4625,1.4476,1.4522,8572374.8,12472145.58155,49877,3958790.9,5758911.75055
2026-09-04 10:00:00,1.4522,1.4537,1.4435,1.4493,5504461.7,7965049.10446,33276,2719846.9,3935280.01315
2026-09-04 11:00:00,1.4494,1.4552,1.4464,1.4507,5560199.1,8066202.98914,27909,2275678.1,3300695.36536
2026-09-04 12:00:00,1.4508,1.4564,1.3925,1.4093,37016677.4,52553955.97719,212460,16694161.9,23694490.76263
2026-09-04 13:00:00,1.4092,1.4227,1.4022,1.4135,12200477.8,17220066.9101,98059,5564601.9,7854508.16992
2026-09-04 14:00:00,1.4135,1.4158,1.3836,1.3895,13518008.7,18892975.34882,87492,6404101.7,8942762.72976
2026-09-04 15:00:00,1.3895,1.4019,1.3871,1.3989,7573542.7,10581576.8515,40969,4272130.0,5968778.94395
2026-09-04 16:00:00,1.3989,1.4086,1.3974,1.4028,4557574.0,6398891.46918,27846,2117354.8,2972730.7412
2026-09-04 17:00:00,1.4027,1.403,1.3907,1.394,3970305.8,5545341.01654,26222,2062042.7,2880199.93018
2026-09-04 18:00:00,1.394,1.4006,1.3939,1.3991,1953263.8,2729555.41874,14945,1086624.7,1518471.62449
2026-09-04 19:00:00,1.3992,1.4051,1.399,1.3991,4572204.4,6410083.36222,22034,2298333.0,3221911.27728
2026-09-04 20:00:00,1.3992,1.402,1.3965,1.4001,3131523.6,4380656.54652,20973,1544038.4,2159959.72717
2026-09-04 21:00:00,1.4,1.4026,1.3942,1.3961,3646429.0,5103263.43149,21531,1939212.5,2714278.69182
2026-09-04 22:00:00,1.396,1.3989,1.3932,1.3955,1865606.5,2604648.93655,12481,1010680.6,1410903.79735
2026-09-04 23:00:00,1.3954,1.3998,1.3945,1.3985,1401353.6,1958588.4269,9526,830426.6,1160719.04885
2026-09-05 00:00:00,1.3986,1.4003,1.395,1.3954,2349401.4,3282949.88623,12653,1315429.6,1838049.84057
2026-09-05 01:00:00,1.3955,1.4024,1.3941,1.3965,2600389.2,3637647.06513,16802,1266024.7,1770891.97696
2026-09-05 02:00:00,1.3966,1.3989,1.394,1.3985,2165439.4,3023648.80666,15254,1017865.1,1420995.03659
2026-09-05 03:00:00,1.3984,1.4012,1.3968,1.3975,1713810.6,2398203.05699,11687,832173.5,1164591.87279
2026-09-05 04:00:00,1.3974,1.3995,1.3954,1.3981,2593805.7,3623300.66268,10608,1578666.4,2204945.74203
2026-09-05 05:00:00,1.3981,1.4005,1.3954,1.3991,2245963.3,3139762.854,12384,1068367.7,1493396.54992
2026-09-05 06:00:00,1.3991,1.4042,1.3988,1.4033,1982441.8,2778981.88501,10602,1223867.6,1715526.9993
2026-09-05 07:00:00,1.4033,1.406,1.402,1.4047,2416828.6,3393584.1468,16742,1183223.2,1661358.86574
2026-09-05 08:00:00,1.4047,1.4071,1.4002,1.4063,2904098.9,4076099.67157,17243,1358011.7,1905936.55717
2026-09-05 09:00:00,1.4062,1.4119,1.4053,1.4074,3018984.5,4250878.82861,18484,1631585.5,2297615.15277
2026-09-05 10:00:00,1.4073,1.4076,1.4033,1.4052,3230381.0,4540896.68072,13218,1799401.0,2529062.78803
2026-09-05 11:00:00,1.4052,1.4074,1.4019,1.4042,2332673.4,3276629.45037,11399,1083083.3,1521419.18145
2026-09-05 12:00:00,1.4042,1.4171,1.4038,1.4149,4592349.5,6483407.99129,23117,2449867.6,3458224.90051
2026-09-05 13:00:00,1.4149,1.4187,1.409,1.4123,5098501.5,7212015.68552,27328,2251492.7,3185246.36951
2026-09-05 14:00:00,1.4122,1.4205,1.4118,1.4144,3922121.6,5555063.12153,22460,2307343.3,3268703.13165
2026-09-05 15:00:00,1.4143,1.416,1.4106,1.4124,2668525.2,3771110.26376,16468,1174762.4,1660156.89243
2026-09-05 16:00:00,1.4125,1.4189,1.4115,1.4155,3830187.1,5415914.91535,21232,1449213.1,2049698.3643
2026-09-05 17:00:00,1.4156,1.4279,1.4148,1.4264,4271110.7,6069363.81409,32228,2199185.2,3125677.09062
2026-09-05 18:00:00,1.4264,1.4275,1.4174,1.418,4127109.9,5867105.23777,23986,1890169.8,2686909.7542
2026-09-05 19:00:00,1.418,1.4209,1.4134,1.4162,3272861.3,4638181.64314,20711,1598334.6,2264947.87361
2026-09-05 20:00:00,1.4161,1.4189,1.4126,1.4148,3923325.5,5553650.72274,21537,1987878.6,2813826.58827
2026-09-05 21:00:00,1.4147,1.4226,1.4144,1.4203,1667344.8,2366442.69155,12550,720472.8,1022864.93653
2026-09-05 22:00:00,1.4204,1.4227,1.4128,1.4144,2506678.2,3550770.61832,17602,1096819.1,1553873.1625
2026-09-05 23:00:00,1.4144,1.4165,1.4012,1.4124,4685914.8,6612632.8611,22905,2434550.8,3435749.75779
2026-09-06 00:00:00,1.4123,1.4179,1.4112,1.4143,2896716.9,4098758.72152,16153,1417675.4,2005960.85983
2026-09-06 01:00:00,1.4144,1.4207,1.4129,1.4178,4261166.0,6040650.0816,27041,2193013.6,3108382.24717
2026-09-06 02:00:00,1.4178,1.4206,1.4157,1.4185,1532429.7,2172686.30466,15547,702127.2,995613.56685
2026-09-06 03:00:00,1.4185,1.4327,1.4178,1.4266,2986062.6,4254291.25522,18261,1639026.8,2335277.51083
